// Source: fa_font.lua

unsigned char __fa_font_lua[] = {
  0x2d, 0x2d, 0x2d, 0x20, 0x40, 0x6d, 0x65, 0x74, 0x61, 0x20, 0x66, 0x61,
  0x5f, 0x66, 0x6f, 0x6e, 0x74, 0x0d, 0x0a, 0x2d, 0x2d, 0x2d, 0x20, 0x46,
  0x6f, 0x6e, 0x74, 0x20, 0x61, 0x77, 0x65, 0x73, 0x6f, 0x6d, 0x65, 0x20,
  0x66, 0x72, 0x65, 0x65, 0x20, 0x37, 0x2e, 0x30, 0x2e, 0x30, 0x0d, 0x0a,
  0x2d, 0x2d, 0x2d, 0x20, 0x46, 0x4f, 0x4e, 0x54, 0x5f, 0x49, 0x43, 0x4f,
  0x4e, 0x5f, 0x46, 0x49, 0x4c, 0x45, 0x5f, 0x4e, 0x41, 0x4d, 0x45, 0x5f,
  0x46, 0x41, 0x52, 0x20, 0x3d, 0x20, 0x22, 0x66, 0x61, 0x2d, 0x72, 0x65,
  0x67, 0x75, 0x6c, 0x61, 0x72, 0x2d, 0x34, 0x30, 0x30, 0x2e, 0x77, 0x6f,
  0x66, 0x66, 0x32, 0x22, 0x0d, 0x0a, 0x2d, 0x2d, 0x2d, 0x20, 0x46, 0x4f,
  0x4e, 0x54, 0x5f, 0x49, 0x43, 0x4f, 0x4e, 0x5f, 0x46, 0x49, 0x4c, 0x45,
  0x5f, 0x4e, 0x41, 0x4d, 0x45, 0x5f, 0x46, 0x41, 0x53, 0x20, 0x3d, 0x20,
  0x22, 0x66, 0x61, 0x2d, 0x73, 0x6f, 0x6c, 0x69, 0x64, 0x2d, 0x39, 0x30,
  0x30, 0x2e, 0x77, 0x6f, 0x66, 0x66, 0x32, 0x22, 0x0d, 0x0a, 0x0d, 0x0a,
  0x2d, 0x2d, 0x2d, 0x20, 0x49, 0x43, 0x4f, 0x4e, 0x5f, 0x4d, 0x49, 0x4e,
  0x5f, 0x46, 0x41, 0x20, 0x30, 0x78, 0x65, 0x30, 0x30, 0x35, 0x0d, 0x0a,
  0x2d, 0x2d, 0x2d, 0x20, 0x49, 0x43, 0x4f, 0x4e, 0x5f, 0x4d, 0x41, 0x58,
  0x5f, 0x31, 0x36, 0x5f, 0x46, 0x41, 0x20, 0x30, 0x78, 0x66, 0x38, 0x66,
  0x66, 0x0d, 0x0a, 0x2d, 0x2d, 0x2d, 0x20, 0x49, 0x43, 0x4f, 0x4e, 0x5f,
  0x4d, 0x41, 0x58, 0x5f, 0x46, 0x41, 0x20, 0x30, 0x78, 0x66, 0x38, 0x66,
  0x66, 0x0d, 0x0a, 0x0d, 0x0a, 0x49, 0x43, 0x4f, 0x4e, 0x5f, 0x46, 0x41,
  0x5f, 0x30, 0x20, 0x3d, 0x20, 0x22, 0x30, 0x22, 0x09, 0x2d, 0x2d, 0x20,
  0x55, 0x2b, 0x30, 0x30, 0x33, 0x30, 0x0d, 0x0a, 0x49, 0x43, 0x4f, 0x4e,
  0x5f, 0x46, 0x41, 0x5f, 0x31, 0x20, 0x3d, 0x20, 0x22, 0x31, 0x22, 0x09,
  0x2d, 0x2d, 0x20, 0x55, 0x2b, 0x30, 0x30, 0x33, 0x31, 0x0d, 0x0a, 0x49,
  0x43, 0x4f, 0x4e, 0x5f, 0x46, 0x41, 0x5f, 0x32, 0x20, 0x3d, 0x20, 0x22,
  0x32, 0x22, 0x09, 0x2d, 0x2d, 0x20, 0x55, 0x2b, 0x30, 0x30, 0x33, 0x32,
  0x0d, 0x0a, 0x49, 0x43, 0x4f, 0x4e, 0x5f, 0x46, 0x41, 0x5f, 0x33, 0x20,
  0x3d, 0x20, 0x22, 0x33, 0x22, 0x09, 0x2d, 0x2d, 0x20, 0x55, 0x2b, 0x30,
  0x30, 0x33, 0x33, 0x0d, 0x0a, 0x49, 0x43, 0x4f, 0x4e, 0x5f, 0x46, 0x41,
  0x5f, 0x34, 0x20, 0x3d, 0x20, 0x22, 0x34, 0x22, 0x09, 0x2d, 0x2d, 0x20,
  0x55, 0x2b, 0x30, 0x30, 0x33, 0x34, 0x0d, 0x0a, 0x49, 0x43, 0x4f, 0x4e,
  0x5f, 0x46, 0x41, 0x5f, 0x35, 0x20, 0x3d, 0x20, 0x22, 0x35, 0x22, 0x09,
  0x2d, 0x2d, 0x20, 0x55, 0x2b, 0x30, 0x30, 0x33, 0x35, 0x0d, 0x0a, 0x49,
  0x43, 0x4f, 0x4e, 0x5f, 0x46, 0x41, 0x5f, 0x36, 0x20, 0x3d, 0x20, 0x22,
  0x36, 0x22, 0x09, 0x2d, 0x2d, 0x20, 0x55, 0x2b, 0x30, 0x30, 0x33, 0x36,
  0x0d, 0x0a, 0x49, 0x43, 0x4f, 0x4e, 0x5f, 0x46, 0x41, 0x5f, 0x37, 0x20,
  0x3d, 0x20, 0x22, 0x37, 0x22, 0x09, 0x2d, 0x2d, 0x20, 0x55, 0x2b, 0x30,
  0x30, 0x33, 0x37, 0x0d, 0x0a, 0x49, 0x43, 0x4f, 0x4e, 0x5f, 0x46, 0x41,
  0x5f, 0x38, 0x20, 0x3d, 0x20, 0x22, 0x38, 0x22, 0x09, 0x2d, 0x2d, 0x20,
  0x55, 0x2b, 0x30, 0x30, 0x33, 0x38, 0x0d, 0x0a, 0x49, 0x43, 0x4f, 0x4e,
  0x5f, 0x46, 0x41, 0x5f, 0x39, 0x20, 0x3d, 0x20, 0x22, 0x39, 0x22, 0x09,
  0x2d, 0x2d, 0x20, 0x55, 0x2b, 0x30, 0x30, 0x33, 0x39, 0x0d, 0x0a, 0x49,
  0x43, 0x4f, 0x4e, 0x5f, 0x46, 0x41, 0x5f, 0x41, 0x20, 0x3d, 0x20, 0x22,
  0x41, 0x22, 0x09, 0x2d, 0x2d, 0x20, 0x55, 0x2b, 0x30, 0x30, 0x34, 0x31,
  0x0d, 0x0a, 0x49, 0x43, 0x4f, 0x4e, 0x5f, 0x46, 0x41, 0x5f, 0x41, 0x44,
  0x44, 0x52, 0x45, 0x53, 0x53, 0x5f, 0x42, 0x4f, 0x4f, 0x4b, 0x20, 0x3d,
  0x20, 0x22, 0x5c, 0x78, 0x65, 0x66, 0x5c, 0x78, 0x38, 0x61, 0x5c, 0x78,
  0x62, 0x39, 0x22, 0x09, 0x2d, 0x2d, 0x20, 0x55, 0x2b, 0x66, 0x32, 0x62,
  0x39, 0x0d, 0x0a, 0x49, 0x43, 0x4f, 0x4e, 0x5f, 0x46, 0x41, 0x5f, 0x41,
  0x44, 0x44, 0x52, 0x45, 0x53, 0x53, 0x5f, 0x43, 0x41, 0x52, 0x44, 0x20,
  0x3d, 0x20, 0x22, 0x5c, 0x78, 0x65, 0x66, 0x5c, 0x78, 0x38, 0x61, 0x5c,
  0x78, 0x62, 0x62, 0x22, 0x09, 0x2d, 0x2d, 0x20, 0x55, 0x2b, 0x66, 0x32,
  0x62, 0x62, 0x0d, 0x0a, 0x49, 0x43, 0x4f, 0x4e, 0x5f, 0x46, 0x41, 0x5f,
  0x41, 0x4c, 0x41, 0x52, 0x4d, 0x5f, 0x43, 0x4c, 0x4f, 0x43, 0x4b, 0x20,
  0x3d, 0x20, 0x22, 0x5c, 0x78, 0x65, 0x66, 0x5c, 0x78, 0x38, 0x64, 0x5c,
  0x78, 0x38, 0x65, 0x22, 0x09, 0x2d, 0x2d, 0x20, 0x55, 0x2b, 0x66, 0x33,
  0x34, 0x65, 0x0d, 0x0a, 0x49, 0x43, 0x4f, 0x4e, 0x5f, 0x46, 0x41, 0x5f,
  0x41, 0x4c, 0x49, 0x47, 0x4e, 0x5f, 0x43, 0x45, 0x4e, 0x54, 0x45, 0x52,
  0x20, 0x3d, 0x20, 0x22, 0x5c, 0x78, 0x65, 0x66, 0x5c, 0x78, 0x38, 0x30,
  0x5c, 0x78, 0x62, 0x37, 0x22, 0x09, 0x2d, 0x2d, 0x20, 0x55, 0x2b, 0x66,
  0x30, 0x33, 0x37, 0x0d, 0x0a, 0x49, 0x43, 0x4f, 0x4e, 0x5f, 0x46, 0x41,
  0x5f, 0x41, 0x4c, 0x49, 0x47, 0x4e, 0x5f, 0x4a, 0x55, 0x53, 0x54, 0x49,
  0x46, 0x59, 0x20, 0x3d, 0x20, 0x22, 0x5c, 0x78, 0x65, 0x66, 0x5c, 0x78,
  0x38, 0x30, 0x5c, 0x78, 0x62, 0x39, 0x22, 0x09, 0x2d, 0x2d, 0x20, 0x55,
  0x2b, 0x66, 0x30, 0x33, 0x39, 0x0d, 0x0a, 0x49, 0x43, 0x4f, 0x4e, 0x5f,
  0x46, 0x41, 0x5f, 0x41, 0x4c, 0x49, 0x47, 0x4e, 0x5f, 0x4c, 0x45, 0x46,
  0x54, 0x20, 0x3d, 0x20, 0x22, 0x5c, 0x78, 0x65, 0x66, 0x5c, 0x78, 0x38,
  0x30, 0x5c, 0x78, 0x62, 0x36, 0x22, 0x09, 0x2d, 0x2d, 0x20, 0x55, 0x2b,
  0x66, 0x30, 0x33, 0x36, 0x0d, 0x0a, 0x49, 0x43, 0x4f, 0x4e, 0x5f, 0x46,
  0x41, 0x5f, 0x41, 0x4c, 0x49, 0x47, 0x4e, 0x5f, 0x52, 0x49, 0x47, 0x48,
  0x54, 0x20, 0x3d, 0x20, 0x22, 0x5c, 0x78, 0x65, 0x66, 0x5c, 0x78, 0x38,
  0x30, 0x5c, 0x78, 0x62, 0x38, 0x22, 0x09, 0x2d, 0x2d, 0x20, 0x55, 0x2b,
  0x66, 0x30, 0x33, 0x38, 0x0d, 0x0a, 0x49, 0x43, 0x4f, 0x4e, 0x5f, 0x46,
  0x41, 0x5f, 0x41, 0x4e, 0x43, 0x48, 0x4f, 0x52, 0x20, 0x3d, 0x20, 0x22,
  0x5c, 0x78, 0x65, 0x66, 0x5c, 0x78, 0x38, 0x34, 0x5c, 0x78, 0x62, 0x64,
  0x22, 0x09, 0x2d, 0x2d, 0x20, 0x55, 0x2b, 0x66, 0x31, 0x33, 0x64, 0x0d,
  0x0a, 0x49, 0x43, 0x4f, 0x4e, 0x5f, 0x46, 0x41, 0x5f, 0x41, 0x4e, 0x43,
  0x48, 0x4f, 0x52, 0x5f, 0x43, 0x49, 0x52, 0x43, 0x4c, 0x45, 0x5f, 0x43,
  0x48, 0x45, 0x43, 0x4b, 0x20, 0x3d, 0x20, 0x22, 0x5c, 0x78, 0x65, 0x65,
  0x5c, 0x78, 0x39, 0x32, 0x5c, 0x78, 0x61, 0x61, 0x22, 0x09, 0x2d, 0x2d,
  0x20, 0x55, 0x2b, 0x65, 0x34, 0x61, 0x61, 0x0d, 0x0a, 0x49, 0x43, 0x4f,
  0x4e, 0x5f, 0x46, 0x41, 0x5f, 0x41, 0x4e, 0x43, 0x48, 0x4f, 0x52, 0x5f,
  0x43, 0x49, 0x52, 0x43, 0x4c, 0x45, 0x5f, 0x45, 0x58, 0x43, 0x4c, 0x41,
  0x4d, 0x41, 0x54, 0x49, 0x4f, 0x4e, 0x20, 0x3d, 0x20, 0x22, 0x5c, 0x78,
  0x65, 0x65, 0x5c, 0x78, 0x39, 0x32, 0x5c, 0x78, 0x61, 0x62, 0x22, 0x09,
  0x2d, 0x2d, 0x20, 0x55, 0x2b, 0x65, 0x34, 0x61, 0x62, 0x0d, 0x0a, 0x49,
  0x43, 0x4f, 0x4e, 0x5f, 0x46, 0x41, 0x5f, 0x41, 0x4e, 0x43, 0x48, 0x4f,
  0x52, 0x5f, 0x43, 0x49, 0x52, 0x43, 0x4c, 0x45, 0x5f, 0x58, 0x4d, 0x41,
  0x52, 0x4b, 0x20, 0x3d, 0x20, 0x22, 0x5c, 0x78, 0x65, 0x65, 0x5c, 0x78,
  0x39, 0x32, 0x5c, 0x78, 0x61, 0x63, 0x22, 0x09, 0x2d, 0x2d, 0x20, 0x55,
  0x2b, 0x65, 0x34, 0x61, 0x63, 0x0d, 0x0a, 0x49, 0x43, 0x4f, 0x4e, 0x5f,
  0x46, 0x41, 0x5f, 0x41, 0x4e, 0x43, 0x48, 0x4f, 0x52, 0x5f, 0x4c, 0x4f,
  0x43, 0x4b, 0x20, 0x3d, 0x20, 0x22, 0x5c, 0x78, 0x65, 0x65, 0x5c, 0x78,
  0x39, 0x32, 0x5c, 0x78, 0x61, 0x64, 0x22, 0x09, 0x2d, 0x2d, 0x20, 0x55,
  0x2b, 0x65, 0x34, 0x61, 0x64, 0x0d, 0x0a, 0x49, 0x43, 0x4f, 0x4e, 0x5f,
  0x46, 0x41, 0x5f, 0x41, 0x4e, 0x47, 0x4c, 0x45, 0x5f, 0x44, 0x4f, 0x57,
  0x4e, 0x20, 0x3d, 0x20, 0x22, 0x5c, 0x78, 0x65, 0x66, 0x5c, 0x78, 0x38,
  0x34, 0x5c, 0x78, 0x38, 0x37, 0x22, 0x09, 0x2d, 0x2d, 0x20, 0x55, 0x2b,
  0x66, 0x31, 0x30, 0x37, 0x0d, 0x0a, 0x49, 0x43, 0x4f, 0x4e, 0x5f, 0x46,
  0x41, 0x5f, 0x41, 0x4e, 0x47, 0x4c, 0x45, 0x5f, 0x4c, 0x45, 0x46, 0x54,
  0x20, 0x3d, 0x20, 0x22, 0x5c, 0x78, 0x65, 0x66, 0x5c, 0x78, 0x38, 0x34,
  0x5c, 0x78, 0x38, 0x34, 0x22, 0x09, 0x2d, 0x2d, 0x20, 0x55, 0x2b, 0x66,
  0x31, 0x30, 0x34, 0x0d, 0x0a, 0x49, 0x43, 0x4f, 0x4e, 0x5f, 0x46, 0x41,
  0x5f, 0x41, 0x4e, 0x47, 0x4c, 0x45, 0x5f, 0x52, 0x49, 0x47, 0x48, 0x54,
  0x20, 0x3d, 0x20, 0x22, 0x5c, 0x78, 0x65, 0x66, 0x5c, 0x78, 0x38, 0x34,
  0x5c, 0x78, 0x38, 0x35, 0x22, 0x09, 0x2d, 0x2d, 0x20, 0x55, 0x2b, 0x66,
  0x31, 0x30, 0x35, 0x0d, 0x0a, 0x49, 0x43, 0x4f, 0x4e, 0x5f, 0x46, 0x41,
  0x5f, 0x41, 0x4e, 0x47, 0x4c, 0x45, 0x5f, 0x55, 0x50, 0x20, 0x3d, 0x20,
  0x22, 0x5c, 0x78, 0x65, 0x66, 0x5c, 0x78, 0x38, 0x34, 0x5c, 0x78, 0x38,
  0x36, 0x22, 0x09, 0x2d, 0x2d, 0x20, 0x55, 0x2b, 0x66, 0x31, 0x30, 0x36,
  0x0d, 0x0a, 0x49, 0x43, 0x4f, 0x4e, 0x5f, 0x46, 0x41, 0x5f, 0x41, 0x4e,
  0x47, 0x4c, 0x45, 0x53, 0x5f, 0x44, 0x4f, 0x57, 0x4e, 0x20, 0x3d, 0x20,
  0x22, 0x5c, 0x78, 0x65, 0x66, 0x5c, 0x78, 0x38, 0x34, 0x5c, 0x78, 0x38,
  0x33, 0x22, 0x09, 0x2d, 0x2d, 0x20, 0x55, 0x2b, 0x66, 0x31, 0x30, 0x33,
  0x0d, 0x0a, 0x49, 0x43, 0x4f, 0x4e, 0x5f, 0x46, 0x41, 0x5f, 0x41, 0x4e,
  0x47, 0x4c, 0x45, 0x53, 0x5f, 0x4c, 0x45, 0x46, 0x54, 0x20, 0x3d, 0x20,
  0x22, 0x5c, 0x78, 0x65, 0x66, 0x5c, 0x78, 0x38, 0x34, 0x5c, 0x78, 0x38,
  0x30, 0x22, 0x09, 0x2d, 0x2d, 0x20, 0x55, 0x2b, 0x66, 0x31, 0x30, 0x30,
  0x0d, 0x0a, 0x49, 0x43, 0x4f, 0x4e, 0x5f, 0x46, 0x41, 0x5f, 0x41, 0x4e,
  0x47, 0x4c, 0x45, 0x53, 0x5f, 0x52, 0x49, 0x47, 0x48, 0x54, 0x20, 0x3d,
  0x20, 0x22, 0x5c, 0x78, 0x65, 0x66, 0x5c, 0x78, 0x38, 0x34, 0x5c, 0x78,
  0x38, 0x31, 0x22, 0x09, 0x2d, 0x2d, 0x20, 0x55, 0x2b, 0x66, 0x31, 0x30,
  0x31, 0x0d, 0x0a, 0x49, 0x43, 0x4f, 0x4e, 0x5f, 0x46, 0x41, 0x5f, 0x41,
  0x4e, 0x47, 0x4c, 0x45, 0x53, 0x5f, 0x55, 0x50, 0x20, 0x3d, 0x20, 0x22,
  0x5c, 0x78, 0x65, 0x66, 0x5c, 0x78, 0x38, 0x34, 0x5c, 0x78, 0x38, 0x32,
  0x22, 0x09, 0x2d, 0x2d, 0x20, 0x55, 0x2b, 0x66, 0x31, 0x30, 0x32, 0x0d,
  0x0a, 0x49, 0x43, 0x4f, 0x4e, 0x5f, 0x46, 0x41, 0x5f, 0x41, 0x4e, 0x4b,
  0x48, 0x20, 0x3d, 0x20, 0x22, 0x5c, 0x78, 0x65, 0x66, 0x5c, 0x78, 0x39,
  0x39, 0x5c, 0x78, 0x38, 0x34, 0x22, 0x09, 0x2d, 0x2d, 0x20, 0x55, 0x2b,
  0x66, 0x36, 0x34, 0x34, 0x0d, 0x0a, 0x49, 0x43, 0x4f, 0x4e, 0x5f, 0x46,
  0x41, 0x5f, 0x41, 0x50, 0x50, 0x4c, 0x45, 0x5f, 0x57, 0x48, 0x4f, 0x4c,
  0x45, 0x20, 0x3d, 0x20, 0x22, 0x5c, 0x78, 0x65, 0x66, 0x5c, 0x78, 0x39,
  0x37, 0x5c, 0x78, 0x39, 0x31, 0x22, 0x09, 0x2d, 0x2d, 0x20, 0x55, 0x2b,
  0x66, 0x35, 0x64, 0x31, 0x0d, 0x0a, 0x49, 0x43, 0x4f, 0x4e, 0x5f, 0x46,
  0x41, 0x5f, 0x41, 0x52, 0x43, 0x48, 0x57, 0x41, 0x59, 0x20, 0x3d, 0x20,
  0x22, 0x5c, 0x78, 0x65, 0x66, 0x5c, 0x78, 0x39, 0x35, 0x5c, 0x78, 0x39,
  0x37, 0x22, 0x09, 0x2d, 0x2d, 0x20, 0x55, 0x2b, 0x66, 0x35, 0x35, 0x37,
  0x0d, 0x0a, 0x49, 0x43, 0x4f, 0x4e, 0x5f, 0x46, 0x41, 0x5f, 0x41, 0x52,
  0x52, 0x4f, 0x57, 0x5f, 0x44, 0x4f, 0x57, 0x4e, 0x20, 0x3d, 0x20, 0x22,
  0x5c, 0x78, 0x65, 0x66, 0x5c, 0x78, 0x38, 0x31, 0x5c, 0x78, 0x61, 0x33,
  0x22, 0x09, 0x2d, 0x2d, 0x20, 0x55, 0x2b, 0x66, 0x30, 0x36, 0x33, 0x0d,
  0x0a, 0x49, 0x43, 0x4f, 0x4e, 0x5f, 0x46, 0x41, 0x5f, 0x41, 0x52, 0x52,
  0x4f, 0x57, 0x5f, 0x44, 0x4f, 0x57, 0x4e, 0x5f, 0x31, 0x5f, 0x39, 0x20,
  0x3d, 0x20, 0x22, 0x5c, 0x78, 0x65, 0x66, 0x5c, 0x78, 0x38, 0x35, 0x5c,
  0x78, 0x61, 0x32, 0x22, 0x09, 0x2d, 0x2d, 0x20, 0x55, 0x2b, 0x66, 0x31,
  0x36, 0x32, 0x0d, 0x0a, 0x49, 0x43, 0x4f, 0x4e, 0x5f, 0x46, 0x41, 0x5f,
  0x41, 0x52, 0x52, 0x4f, 0x57, 0x5f, 0x44, 0x4f, 0x57, 0x4e, 0x5f, 0x39,
  0x5f, 0x31, 0x20, 0x3d, 0x20, 0x22, 0x5c, 0x78, 0x65, 0x66, 0x5c, 0x78,
  0x61, 0x32, 0x5c, 0x78, 0x38, 0x36, 0x22, 0x09, 0x2d, 0x2d, 0x20, 0x55,
  0x2b, 0x66, 0x38, 0x38, 0x36, 0x0d, 0x0a, 0x49, 0x43, 0x4f, 0x4e, 0x5f,
  0x46, 0x41, 0x5f, 0x41, 0x52, 0x52, 0x4f, 0x57, 0x5f, 0x44, 0x4f, 0x57,
  0x4e, 0x5f, 0x41, 0x5f, 0x5a, 0x20, 0x3d, 0x20, 0x22, 0x5c, 0x78, 0x65,
  0x66, 0x5c, 0x78, 0x38, 0x35, 0x5c, 0x78, 0x39, 0x64, 0x22, 0x09, 0x2d,
  0x2d, 0x20, 0x55, 0x2b, 0x66, 0x31, 0x35, 0x64, 0x0d, 0x0a, 0x49, 0x43,
  0x4f, 0x4e, 0x5f, 0x46, 0x41, 0x5f, 0x41, 0x52, 0x52, 0x4f, 0x57, 0x5f,
  0x44, 0x4f, 0x57, 0x4e, 0x5f, 0x4c, 0x4f, 0x4e, 0x47, 0x20, 0x3d, 0x20,
  0x22, 0x5c, 0x78, 0x65, 0x66, 0x5c, 0x78, 0x38, 0x35, 0x5c, 0x78, 0x62,
  0x35, 0x22, 0x09, 0x2d, 0x2d, 0x20, 0x55, 0x2b, 0x66, 0x31, 0x37, 0x35,
  0x0d, 0x0a, 0x49, 0x43, 0x4f, 0x4e, 0x5f, 0x46, 0x41, 0x5f, 0x41, 0x52,
  0x52, 0x4f, 0x57, 0x5f, 0x44, 0x4f, 0x57, 0x4e, 0x5f, 0x53, 0x48, 0x4f,
  0x52, 0x54, 0x5f, 0x57, 0x49, 0x44, 0x45, 0x20, 0x3d, 0x20, 0x22, 0x5c,
  0x78, 0x65, 0x66, 0x5c, 0x78, 0x61, 0x32, 0x5c, 0x78, 0x38, 0x34, 0x22,
  0x09, 0x2d, 0x2d, 0x20, 0x55, 0x2b, 0x66, 0x38, 0x38, 0x34, 0x0d, 0x0a,
  0x49, 0x43, 0x4f, 0x4e, 0x5f, 0x46, 0x41, 0x5f, 0x41, 0x52, 0x52, 0x4f,
  0x57, 0x5f, 0x44, 0x4f, 0x57, 0x4e, 0x5f, 0x55, 0x50, 0x5f, 0x41, 0x43,
  0x52, 0x4f, 0x53, 0x53, 0x5f, 0x4c, 0x49, 0x4e, 0x45, 0x20, 0x3d, 0x20,
  0x22, 0x5c, 0x78, 0x65, 0x65, 0x5c, 0x78, 0x39, 0x32, 0x5c, 0x78, 0x61,
  0x66, 0x22, 0x09, 0x2d, 0x2d, 0x20, 0x55, 0x2b, 0x65, 0x34, 0x61, 0x66,
  0x0d, 0x0a, 0x49, 0x43, 0x4f, 0x4e, 0x5f, 0x46, 0x41, 0x5f, 0x41, 0x52,
  0x52, 0x4f, 0x57, 0x5f, 0x44, 0x4f, 0x57, 0x4e, 0x5f, 0x55, 0x50, 0x5f,
  0x4c, 0x4f, 0x43, 0x4b, 0x20, 0x3d, 0x20, 0x22, 0x5c, 0x78, 0x65, 0x65,
  0x5c, 0x78, 0x39, 0x32, 0x5c, 0x78, 0x62, 0x30, 0x22, 0x09, 0x2d, 0x2d,
  0x20, 0x55, 0x2b, 0x65, 0x34, 0x62, 0x30, 0x0d, 0x0a, 0x49, 0x43, 0x4f,
  0x4e, 0x5f, 0x46, 0x41, 0x5f, 0x41, 0x52, 0x52, 0x4f, 0x57, 0x5f, 0x44,
  0x4f, 0x57, 0x4e, 0x5f, 0x57, 0x49, 0x44, 0x45, 0x5f, 0x53, 0x48, 0x4f,
  0x52, 0x54, 0x20, 0x3d, 0x20, 0x22, 0x5c, 0x78, 0x65, 0x66, 0x5c, 0x78,
  0x38, 0x35, 0x5c, 0x78, 0x61, 0x30, 0x22, 0x09, 0x2d, 0x2d, 0x20, 0x55,
  0x2b, 0x66, 0x31, 0x36, 0x30, 0x0d, 0x0a, 0x49, 0x43, 0x4f, 0x4e, 0x5f,
  0x46, 0x41, 0x5f, 0x41, 0x52, 0x52, 0x4f, 0x57, 0x5f, 0x44, 0x4f, 0x57,
  0x4e, 0x5f, 0x5a, 0x5f, 0x41, 0x20, 0x3d, 0x20, 0x22, 0x5c, 0x78, 0x65,
  0x66, 0x5c, 0x78, 0x61, 0x32, 0x5c, 0x78, 0x38, 0x31, 0x22, 0x09, 0x2d,
  0x2d, 0x20, 0x55, 0x2b, 0x66, 0x38, 0x38, 0x31, 0x0d, 0x0a, 0x49, 0x43,
  0x4f, 0x4e, 0x5f, 0x46, 0x41, 0x5f, 0x41, 0x52, 0x52, 0x4f, 0x57, 0x5f,
  0x4c, 0x45, 0x46, 0x54, 0x20, 0x3d, 0x20, 0x22, 0x5c, 0x78, 0x65, 0x66,
  0x5c, 0x78, 0x38, 0x31, 0x5c, 0x78, 0x61, 0x30, 0x22, 0x09, 0x2d, 0x2d,
  0x20, 0x55, 0x2b, 0x66, 0x30, 0x36, 0x30, 0x0d, 0x0a, 0x49, 0x43, 0x4f,
  0x4e, 0x5f, 0x46, 0x41, 0x5f, 0x41, 0x52, 0x52, 0x4f, 0x57, 0x5f, 0x4c,
  0x45, 0x46, 0x54, 0x5f, 0x4c, 0x4f, 0x4e, 0x47, 0x20, 0x3d, 0x20, 0x22,
  0x5c, 0x78, 0x65, 0x66, 0x5c, 0x78, 0x38, 0x35, 0x5c, 0x78, 0x62, 0x37,
  0x22, 0x09, 0x2d, 0x2d, 0x20, 0x55, 0x2b, 0x66, 0x31, 0x37, 0x37, 0x0d,
  0x0a, 0x49, 0x43, 0x4f, 0x4e, 0x5f, 0x46, 0x41, 0x5f, 0x41, 0x52, 0x52,
  0x4f, 0x57, 0x5f, 0x50, 0x4f, 0x49, 0x4e, 0x54, 0x45, 0x52, 0x20, 0x3d,
  0x20, 0x22, 0x5c, 0x78, 0x65, 0x66, 0x5c, 0x78, 0x38, 0x39, 0x5c, 0x78,
  0x38, 0x35, 0x22, 0x09, 0x2d, 0x2d, 0x20, 0x55, 0x2b, 0x66, 0x32, 0x34,
  0x35, 0x0d, 0x0a, 0x49, 0x43, 0x4f, 0x4e, 0x5f, 0x46, 0x41, 0x5f, 0x41,
  0x52, 0x52, 0x4f, 0x57, 0x5f, 0x52, 0x49, 0x47, 0x48, 0x54, 0x20, 0x3d,
  0x20, 0x22, 0x5c, 0x78, 0x65, 0x66, 0x5c, 0x78, 0x38, 0x31, 0x5c, 0x78,
  0x61, 0x31, 0x22, 0x09, 0x2d, 0x2d, 0x20, 0x55, 0x2b, 0x66, 0x30, 0x36,
  0x31, 0x0d, 0x0a, 0x49, 0x43, 0x4f, 0x4e, 0x5f, 0x46, 0x41, 0x5f, 0x41,
  0x52, 0x52, 0x4f, 0x57, 0x5f, 0x52, 0x49, 0x47, 0x48, 0x54, 0x5f, 0x41,
  0x52, 0x52, 0x4f, 0x57, 0x5f, 0x4c, 0x45, 0x46, 0x54, 0x20, 0x3d, 0x20,
  0x22, 0x5c, 0x78, 0x65, 0x66, 0x5c, 0x78, 0x38, 0x33, 0x5c, 0x78, 0x61,
  0x63, 0x22, 0x09, 0x2d, 0x2d, 0x20, 0x55, 0x2b, 0x66, 0x30, 0x65, 0x63,
  0x0d, 0x0a, 0x49, 0x43, 0x4f, 0x4e, 0x5f, 0x46, 0x41, 0x5f, 0x41, 0x52,
  0x52, 0x4f, 0x57, 0x5f, 0x52, 0x49, 0x47, 0x48, 0x54, 0x5f, 0x46, 0x52,
  0x4f, 0x4d, 0x5f, 0x42, 0x52, 0x41, 0x43, 0x4b, 0x45, 0x54, 0x20, 0x3d,
  0x20, 0x22, 0x5c, 0x78, 0x65, 0x66, 0x5c, 0x78, 0x38, 0x32, 0x5c, 0x78,
  0x38, 0x62, 0x22, 0x09, 0x2d, 0x2d, 0x20, 0x55, 0x2b, 0x66, 0x30, 0x38,
  0x62, 0x0d, 0x0a, 0x49, 0x43, 0x4f, 0x4e, 0x5f, 0x46, 0x41, 0x5f, 0x41,
  0x52, 0x52, 0x4f, 0x57, 0x5f, 0x52, 0x49, 0x47, 0x48, 0x54, 0x5f, 0x4c,
  0x4f, 0x4e, 0x47, 0x20, 0x3d, 0x20, 0x22, 0x5c, 0x78, 0x65, 0x66, 0x5c,
  0x78, 0x38, 0x35, 0x5c, 0x78, 0x62, 0x38, 0x22, 0x09, 0x2d, 0x2d, 0x20,
  0x55, 0x2b, 0x66, 0x31, 0x37, 0x38, 0x0d, 0x0a, 0x49, 0x43, 0x4f, 0x4e,
  0x5f, 0x46, 0x41, 0x5f, 0x41, 0x52, 0x52, 0x4f, 0x57, 0x5f, 0x52, 0x49,
  0x47, 0x48, 0x54, 0x5f, 0x54, 0x4f, 0x5f, 0x42, 0x52, 0x41, 0x43, 0x4b,
  0x45, 0x54, 0x20, 0x3d, 0x20, 0x22, 0x5c, 0x78, 0x65, 0x66, 0x5c, 0x78,
  0x38, 0x32, 0x5c, 0x78, 0x39, 0x30, 0x22, 0x09, 0x2d, 0x2d, 0x20, 0x55,
  0x2b, 0x66, 0x30, 0x39, 0x30, 0x0d, 0x0a, 0x49, 0x43, 0x4f, 0x4e, 0x5f,
  0x46, 0x41, 0x5f, 0x41, 0x52, 0x52, 0x4f, 0x57, 0x5f, 0x52, 0x49, 0x47,
  0x48, 0x54, 0x5f, 0x54, 0x4f, 0x5f, 0x43, 0x49, 0x54, 0x59, 0x20, 0x3d,
  0x20, 0x22, 0x5c, 0x78, 0x65, 0x65, 0x5c, 0x78, 0x39, 0x32, 0x5c, 0x78,
  0x62, 0x33, 0x22, 0x09, 0x2d, 0x2d, 0x20, 0x55, 0x2b, 0x65, 0x34, 0x62,
  0x33, 0x0d, 0x0a, 0x49, 0x43, 0x4f, 0x4e, 0x5f, 0x46, 0x41, 0x5f, 0x41,
  0x52, 0x52, 0x4f, 0x57, 0x5f, 0x52, 0x4f, 0x54, 0x41, 0x54, 0x45, 0x5f,
  0x4c, 0x45, 0x46, 0x54, 0x20, 0x3d, 0x20, 0x22, 0x5c, 0x78, 0x65, 0x66,
  0x5c, 0x78, 0x38, 0x33, 0x5c, 0x78, 0x61, 0x32, 0x22, 0x09, 0x2d, 0x2d,
  0x20, 0x55, 0x2b, 0x66, 0x30, 0x65, 0x32, 0x0d, 0x0a, 0x49, 0x43, 0x4f,
  0x4e, 0x5f, 0x46, 0x41, 0x5f, 0x41, 0x52, 0x52, 0x4f, 0x57, 0x5f, 0x52,
  0x4f, 0x54, 0x41, 0x54, 0x45, 0x5f, 0x52, 0x49, 0x47, 0x48, 0x54, 0x20,
  0x3d, 0x20, 0x22, 0x5c, 0x78, 0x65, 0x66, 0x5c, 0x78, 0x38, 0x30, 0x5c,
  0x78, 0x39, 0x65, 0x22, 0x09, 0x2d, 0x2d, 0x20, 0x55, 0x2b, 0x66, 0x30,
  0x31, 0x65, 0x0d, 0x0a, 0x49, 0x43, 0x4f, 0x4e, 0x5f, 0x46, 0x41, 0x5f,
  0x41, 0x52, 0x52, 0x4f, 0x57, 0x5f, 0x54, 0x52, 0x45, 0x4e, 0x44, 0x5f,
  0x44, 0x4f, 0x57, 0x4e, 0x20, 0x3d, 0x20, 0x22, 0x5c, 0x78, 0x65, 0x65,
  0x5c, 0x78, 0x38, 0x32, 0x5c, 0x78, 0x39, 0x37, 0x22, 0x09, 0x2d, 0x2d,
  0x20, 0x55, 0x2b, 0x65, 0x30, 0x39, 0x37, 0x0d, 0x0a, 0x49, 0x43, 0x4f,
  0x4e, 0x5f, 0x46, 0x41, 0x5f, 0x41, 0x52, 0x52, 0x4f, 0x57, 0x5f, 0x54,
  0x52, 0x45, 0x4e, 0x44, 0x5f, 0x55, 0x50, 0x20, 0x3d, 0x20, 0x22, 0x5c,
  0x78, 0x65, 0x65, 0x5c, 0x78, 0x38, 0x32, 0x5c, 0x78, 0x39, 0x38, 0x22,
  0x09, 0x2d, 0x2d, 0x20, 0x55, 0x2b, 0x65, 0x30, 0x39, 0x38, 0x0d, 0x0a,
  0x49, 0x43, 0x4f, 0x4e, 0x5f, 0x46, 0x41, 0x5f, 0x41, 0x52, 0x52, 0x4f,
  0x57, 0x5f, 0x54, 0x55, 0x52, 0x4e, 0x5f, 0x44, 0x4f, 0x57, 0x4e, 0x20,
  0x3d, 0x20, 0x22, 0x5c, 0x78, 0x65, 0x66, 0x5c, 0x78, 0x38, 0x35, 0x5c,
  0x78, 0x38, 0x39, 0x22, 0x09, 0x2d, 0x2d, 0x20, 0x55, 0x2b, 0x66, 0x31,
  0x34, 0x39, 0x0d, 0x0a, 0x49, 0x43, 0x4f, 0x4e, 0x5f, 0x46, 0x41, 0x5f,
  0x41, 0x52, 0x52, 0x4f, 0x57, 0x5f, 0x54, 0x55, 0x52, 0x4e, 0x5f, 0x55,
  0x50, 0x20, 0x3d, 0x20, 0x22, 0x5c, 0x78, 0x65, 0x66, 0x5c, 0x78, 0x38,
  0x35, 0x5c, 0x78, 0x38, 0x38, 0x22, 0x09, 0x2d, 0x2d, 0x20, 0x55, 0x2b,
  0x66, 0x31, 0x34, 0x38, 0x0d, 0x0a, 0x49, 0x43, 0x4f, 0x4e, 0x5f, 0x46,
  0x41, 0x5f, 0x41, 0x52, 0x52, 0x4f, 0x57, 0x5f, 0x55, 0x50, 0x20, 0x3d,
  0x20, 0x22, 0x5c, 0x78, 0x65, 0x66, 0x5c, 0x78, 0x38, 0x31, 0x5c, 0x78,
  0x61, 0x32, 0x22, 0x09, 0x2d, 0x2d, 0x20, 0x55, 0x2b, 0x66, 0x30, 0x36,
  0x32, 0x0d, 0x0a, 0x49, 0x43, 0x4f, 0x4e, 0x5f, 0x46, 0x41, 0x5f, 0x41,
  0x52, 0x52, 0x4f, 0x57, 0x5f, 0x55, 0x50, 0x5f, 0x31, 0x5f, 0x39, 0x20,
  0x3d, 0x20, 0x22, 0x5c, 0x78, 0x65, 0x66, 0x5c, 0x78, 0x38, 0x35, 0x5c,
  0x78, 0x61, 0x33, 0x22, 0x09, 0x2d, 0x2d, 0x20, 0x55, 0x2b, 0x66, 0x31,
  0x36, 0x33, 0x0d, 0x0a, 0x49, 0x43, 0x4f, 0x4e, 0x5f, 0x46, 0x41, 0x5f,
  0x41, 0x52, 0x52, 0x4f, 0x57, 0x5f, 0x55, 0x50, 0x5f, 0x39, 0x5f, 0x31,
  0x20, 0x3d, 0x20, 0x22, 0x5c, 0x78, 0x65, 0x66, 0x5c, 0x78, 0x61, 0x32,
  0x5c, 0x78, 0x38, 0x37, 0x22, 0x09, 0x2d, 0x2d, 0x20, 0x55, 0x2b, 0x66,
  0x38, 0x38, 0x37, 0x0d, 0x0a, 0x49, 0x43, 0x4f, 0x4e, 0x5f, 0x46, 0x41,
  0x5f, 0x41, 0x52, 0x52, 0x4f, 0x57, 0x5f, 0x55, 0x50, 0x5f, 0x41, 0x5f,
  0x5a, 0x20, 0x3d, 0x20, 0x22, 0x5c, 0x78, 0x65, 0x66, 0x5c, 0x78, 0x38,
  0x35, 0x5c, 0x78, 0x39, 0x65, 0x22, 0x09, 0x2d, 0x2d, 0x20, 0x55, 0x2b,
  0x66, 0x31, 0x35, 0x65, 0x0d, 0x0a, 0x49, 0x43, 0x4f, 0x4e, 0x5f, 0x46,
  0x41, 0x5f, 0x41, 0x52, 0x52, 0x4f, 0x57, 0x5f, 0x55, 0x50, 0x5f, 0x46,
  0x52, 0x4f, 0x4d, 0x5f, 0x42, 0x52, 0x41, 0x43, 0x4b, 0x45, 0x54, 0x20,
  0x3d, 0x20, 0x22, 0x5c, 0x78, 0x65, 0x65, 0x5c, 0x78, 0x38, 0x32, 0x5c,
  0x78, 0x39, 0x61, 0x22, 0x09, 0x2d, 0x2d, 0x20, 0x55, 0x2b, 0x65, 0x30,
  0x39, 0x61, 0x0d, 0x0a, 0x49, 0x43, 0x4f, 0x4e, 0x5f, 0x46, 0x41, 0x5f,
  0x41, 0x52, 0x52, 0x4f, 0x57, 0x5f, 0x55, 0x50, 0x5f, 0x46, 0x52, 0x4f,
  0x4d, 0x5f, 0x47, 0x52, 0x4f, 0x55, 0x4e, 0x44, 0x5f, 0x57, 0x41, 0x54,
  0x45, 0x52, 0x20, 0x3d, 0x20, 0x22, 0x5c, 0x78, 0x65, 0x65, 0x5c, 0x78,
  0x39, 0x32, 0x5c, 0x78, 0x62, 0x35, 0x22, 0x09, 0x2d, 0x2d, 0x20, 0x55,
  0x2b, 0x65, 0x34, 0x62, 0x35, 0x0d, 0x0a, 0x49, 0x43, 0x4f, 0x4e, 0x5f,
  0x46, 0x41, 0x5f, 0x41, 0x52, 0x52, 0x4f, 0x57, 0x5f, 0x55, 0x50, 0x5f,
  0x46, 0x52, 0x4f, 0x4d, 0x5f, 0x57, 0x41, 0x54, 0x45, 0x52, 0x5f, 0x50,
  0x55, 0x4d, 0x50, 0x20, 0x3d, 0x20, 0x22, 0x5c, 0x78, 0x65, 0x65, 0x5c,
  0x78, 0x39, 0x32, 0x5c, 0x78, 0x62, 0x36, 0x22, 0x09, 0x2d, 0x2d, 0x20,
  0x55, 0x2b, 0x65, 0x34, 0x62, 0x36, 0x0d, 0x0a, 0x49, 0x43, 0x4f, 0x4e,
  0x5f, 0x46, 0x41, 0x5f, 0x41, 0x52, 0x52, 0x4f, 0x57, 0x5f, 0x55, 0x50,
  0x5f, 0x4c, 0x4f, 0x4e, 0x47, 0x20, 0x3d, 0x20, 0x22, 0x5c, 0x78, 0x65,
  0x66, 0x5c, 0x78, 0x38, 0x35, 0x5c, 0x78, 0x62, 0x36, 0x22, 0x09, 0x2d,
  0x2d, 0x20, 0x55, 0x2b, 0x66, 0x31, 0x37, 0x36, 0x0d, 0x0a, 0x49, 0x43,
  0x4f, 0x4e, 0x5f, 0x46, 0x41, 0x5f, 0x41, 0x52, 0x52, 0x4f, 0x57, 0x5f,
  0x55, 0x50, 0x5f, 0x52, 0x49, 0x47, 0x48, 0x54, 0x5f, 0x44, 0x4f, 0x54,
  0x53, 0x20, 0x3d, 0x20, 0x22, 0x5c, 0x78, 0x65, 0x65, 0x5c, 0x78, 0x39,
  0x32, 0x5c, 0x78, 0x62, 0x37, 0x22, 0x09, 0x2d, 0x2d, 0x20, 0x55, 0x2b,
  0x65, 0x34, 0x62, 0x37, 0x0d, 0x0a, 0x49, 0x43, 0x4f, 0x4e, 0x5f, 0x46,
  0x41, 0x5f, 0x41, 0x52, 0x52, 0x4f, 0x57, 0x5f, 0x55, 0x50, 0x5f, 0x52,
  0x49, 0x47, 0x48, 0x54, 0x5f, 0x46, 0x52, 0x4f, 0x4d, 0x5f, 0x53, 0x51,
  0x55, 0x41, 0x52, 0x45, 0x20, 0x3d, 0x20, 0x22, 0x5c, 0x78, 0x65, 0x66,
  0x5c, 0x78, 0x38, 0x32, 0x5c, 0x78, 0x38, 0x65, 0x22, 0x09, 0x2d, 0x2d,
  0x20, 0x55, 0x2b, 0x66, 0x30, 0x38, 0x65, 0x0d, 0x0a, 0x49, 0x43, 0x4f,
  0x4e, 0x5f, 0x46, 0x41, 0x5f, 0x41, 0x52, 0x52, 0x4f, 0x57, 0x5f, 0x55,
  0x50, 0x5f, 0x53, 0x48, 0x4f, 0x52, 0x54, 0x5f, 0x57, 0x49, 0x44, 0x45,
  0x20, 0x3d, 0x20, 0x22, 0x5c, 0x78, 0x65, 0x66, 0x5c, 0x78, 0x61, 0x32,
  0x5c, 0x78, 0x38, 0x35, 0x22, 0x09, 0x2d, 0x2d, 0x20, 0x55, 0x2b, 0x66,
  0x38, 0x38, 0x35, 0x0d, 0x0a, 0x49, 0x43, 0x4f, 0x4e, 0x5f, 0x46, 0x41,
  0x5f, 0x41, 0x52, 0x52, 0x4f, 0x57, 0x5f, 0x55, 0x50, 0x5f, 0x57, 0x49,
  0x44, 0x45, 0x5f, 0x53, 0x48, 0x4f, 0x52, 0x54, 0x20, 0x3d, 0x20, 0x22,
  0x5c, 0x78, 0x65, 0x66, 0x5c, 0x78, 0x38, 0x35, 0x5c, 0x78, 0x61, 0x31,
  0x22, 0x09, 0x2d, 0x2d, 0x20, 0x55, 0x2b, 0x66, 0x31, 0x36, 0x31, 0x0d,
  0x0a, 0x49, 0x43, 0x4f, 0x4e, 0x5f, 0x46, 0x41, 0x5f, 0x41, 0x52, 0x52,
  0x4f, 0x57, 0x5f, 0x55, 0x50, 0x5f, 0x5a, 0x5f, 0x41, 0x20, 0x3d, 0x20,
  0x22, 0x5c, 0x78, 0x65, 0x66, 0x5c, 0x78, 0x61, 0x32, 0x5c, 0x78, 0x38,
  0x32, 0x22, 0x09, 0x2d, 0x2d, 0x20, 0x55, 0x2b, 0x66, 0x38, 0x38, 0x32,
  0x0d, 0x0a, 0x49, 0x43, 0x4f, 0x4e, 0x5f, 0x46, 0x41, 0x5f, 0x41, 0x52,
  0x52, 0x4f, 0x57, 0x53, 0x5f, 0x44, 0x4f, 0x57, 0x4e, 0x5f, 0x54, 0x4f,
  0x5f, 0x4c, 0x49, 0x4e, 0x45, 0x20, 0x3d, 0x20, 0x22, 0x5c, 0x78, 0x65,
  0x65, 0x5c, 0x78, 0x39, 0x32, 0x5c, 0x78, 0x62, 0x38, 0x22, 0x09, 0x2d,
  0x2d, 0x20, 0x55, 0x2b, 0x65, 0x34, 0x62, 0x38, 0x0d, 0x0a, 0x49, 0x43,
  0x4f, 0x4e, 0x5f, 0x46, 0x41, 0x5f, 0x41, 0x52, 0x52, 0x4f, 0x57, 0x53,
  0x5f, 0x44, 0x4f, 0x57, 0x4e, 0x5f, 0x54, 0x4f, 0x5f, 0x50, 0x45, 0x4f,
  0x50, 0x4c, 0x45, 0x20, 0x3d, 0x20, 0x22, 0x5c, 0x78, 0x65, 0x65, 0x5c,
  0x78, 0x39, 0x32, 0x5c, 0x78, 0x62, 0x39, 0x22, 0x09, 0x2d, 0x2d, 0x20,
  0x55, 0x2b, 0x65, 0x34, 0x62, 0x39, 0x0d, 0x0a, 0x49, 0x43, 0x4f, 0x4e,
  0x5f, 0x46, 0x41, 0x5f, 0x41, 0x52, 0x52, 0x4f, 0x57, 0x53, 0x5f, 0x4c,
  0x45, 0x46, 0x54, 0x5f, 0x52, 0x49, 0x47, 0x48, 0x54, 0x20, 0x3d, 0x20,
  0x22, 0x5c, 0x78, 0x65, 0x66, 0x5c, 0x78, 0x38, 0x31, 0x5c, 0x78, 0x62,
  0x65, 0x22, 0x09, 0x2d, 0x2d, 0x20, 0x55, 0x2b, 0x66, 0x30, 0x37, 0x65,
  0x0d, 0x0a, 0x49, 0x43, 0x4f, 0x4e, 0x5f, 0x46, 0x41, 0x5f, 0x41, 0x52,
  0x52, 0x4f, 0x57, 0x53, 0x5f, 0x4c, 0x45, 0x46, 0x54, 0x5f, 0x52, 0x49,
  0x47, 0x48, 0x54, 0x5f, 0x54, 0x4f, 0x5f, 0x4c, 0x49, 0x4e, 0x45, 0x20,
  0x3d, 0x20, 0x22, 0x5c, 0x78, 0x65, 0x65, 0x5c, 0x78, 0x39, 0x32, 0x5c,
  0x78, 0x62, 0x61, 0x22, 0x09, 0x2d, 0x2d, 0x20, 0x55, 0x2b, 0x65, 0x34,
  0x62, 0x61, 0x0d, 0x0a, 0x49, 0x43, 0x4f, 0x4e, 0x5f, 0x46, 0x41, 0x5f,
  0x41, 0x52, 0x52, 0x4f, 0x57, 0x53, 0x5f, 0x52, 0x4f, 0x54, 0x41, 0x54,
  0x45, 0x20, 0x3d, 0x20, 0x22, 0x5c, 0x78, 0x65, 0x66, 0x5c, 0x78, 0x38,
  0x30, 0x5c, 0x78, 0x61, 0x31, 0x22, 0x09, 0x2d, 0x2d, 0x20, 0x55, 0x2b,
  0x66, 0x30, 0x32, 0x31, 0x0d, 0x0a, 0x49, 0x43, 0x4f, 0x4e, 0x5f, 0x46,
  0x41, 0x5f, 0x41, 0x52, 0x52, 0x4f, 0x57, 0x53, 0x5f, 0x53, 0x50, 0x49,
  0x4e, 0x20, 0x3d, 0x20, 0x22, 0x5c, 0x78, 0x65, 0x65, 0x5c, 0x78, 0x39,
  0x32, 0x5c, 0x78, 0x62, 0x62, 0x22, 0x09, 0x2d, 0x2d, 0x20, 0x55, 0x2b,
  0x65, 0x34, 0x62, 0x62, 0x0d, 0x0a, 0x49, 0x43, 0x4f, 0x4e, 0x5f, 0x46,
  0x41, 0x5f, 0x41, 0x52, 0x52, 0x4f, 0x57, 0x53, 0x5f, 0x53, 0x50, 0x4c,
  0x49, 0x54, 0x5f, 0x55, 0x50, 0x5f, 0x41, 0x4e, 0x44, 0x5f, 0x4c, 0x45,
  0x46, 0x54, 0x20, 0x3d, 0x20, 0x22, 0x5c, 0x78, 0x65, 0x65, 0x5c, 0x78,
  0x39, 0x32, 0x5c, 0x78, 0x62, 0x63, 0x22, 0x09, 0x2d, 0x2d, 0x20, 0x55,
  0x2b, 0x65, 0x34, 0x62, 0x63, 0x0d, 0x0a, 0x49, 0x43, 0x4f, 0x4e, 0x5f,
  0x46, 0x41, 0x5f, 0x41, 0x52, 0x52, 0x4f, 0x57, 0x53, 0x5f, 0x54, 0x4f,
  0x5f, 0x43, 0x49, 0x52, 0x43, 0x4c, 0x45, 0x20, 0x3d, 0x20, 0x22, 0x5c,
  0x78, 0x65, 0x65, 0x5c, 0x78, 0x39, 0x32, 0x5c, 0x78, 0x62, 0x64, 0x22,
  0x09, 0x2d, 0x2d, 0x20, 0x55, 0x2b, 0x65, 0x34, 0x62, 0x64, 0x0d, 0x0a,
  0x49, 0x43, 0x4f, 0x4e, 0x5f, 0x46, 0x41, 0x5f, 0x41, 0x52, 0x52, 0x4f,
  0x57, 0x53, 0x5f, 0x54, 0x4f, 0x5f, 0x44, 0x4f, 0x54, 0x20, 0x3d, 0x20,
  0x22, 0x5c, 0x78, 0x65, 0x65, 0x5c, 0x78, 0x39, 0x32, 0x5c, 0x78, 0x62,
  0x65, 0x22, 0x09, 0x2d, 0x2d, 0x20, 0x55, 0x2b, 0x65, 0x34, 0x62, 0x65,
  0x0d, 0x0a, 0x49, 0x43, 0x4f, 0x4e, 0x5f, 0x46, 0x41, 0x5f, 0x41, 0x52,
  0x52, 0x4f, 0x57, 0x53, 0x5f, 0x54, 0x4f, 0x5f, 0x45, 0x59, 0x45, 0x20,
  0x3d, 0x20, 0x22, 0x5c, 0x78, 0x65, 0x65, 0x5c, 0x78, 0x39, 0x32, 0x5c,
  0x78, 0x62, 0x66, 0x22, 0x09, 0x2d, 0x2d, 0x20, 0x55, 0x2b, 0x65, 0x34,
  0x62, 0x66, 0x0d, 0x0a, 0x49, 0x43, 0x4f, 0x4e, 0x5f, 0x46, 0x41, 0x5f,
  0x41, 0x52, 0x52, 0x4f, 0x57, 0x53, 0x5f, 0x54, 0x55, 0x52, 0x4e, 0x5f,
  0x52, 0x49, 0x47, 0x48, 0x54, 0x20, 0x3d, 0x20, 0x22, 0x5c, 0x78, 0x65,
  0x65, 0x5c, 0x78, 0x39, 0x33, 0x5c, 0x78, 0x38, 0x30, 0x22, 0x09, 0x2d,
  0x2d, 0x20, 0x55, 0x2b, 0x65, 0x34, 0x63, 0x30, 0x0d, 0x0a, 0x49, 0x43,
  0x4f, 0x4e, 0x5f, 0x46, 0x41, 0x5f, 0x41, 0x52, 0x52, 0x4f, 0x57, 0x53,
  0x5f, 0x54, 0x55, 0x52, 0x4e, 0x5f, 0x54, 0x4f, 0x5f, 0x44, 0x4f, 0x54,
  0x53, 0x20, 0x3d, 0x20, 0x22, 0x5c, 0x78, 0x65, 0x65, 0x5c, 0x78, 0x39,
  0x33, 0x5c, 0x78, 0x38, 0x31, 0x22, 0x09, 0x2d, 0x2d, 0x20, 0x55, 0x2b,
  0x65, 0x34, 0x63, 0x31, 0x0d, 0x0a, 0x49, 0x43, 0x4f, 0x4e, 0x5f, 0x46,
  0x41, 0x5f, 0x41, 0x52, 0x52, 0x4f, 0x57, 0x53, 0x5f, 0x55, 0x50, 0x5f,
  0x44, 0x4f, 0x57, 0x4e, 0x20, 0x3d, 0x20, 0x22, 0x5c, 0x78, 0x65, 0x66,
  0x5c, 0x78, 0x38, 0x31, 0x5c, 0x78, 0x62, 0x64, 0x22, 0x09, 0x2d, 0x2d,
  0x20, 0x55, 0x2b, 0x66, 0x30, 0x37, 0x64, 0x0d, 0x0a, 0x49, 0x43, 0x4f,
  0x4e, 0x5f, 0x46, 0x41, 0x5f, 0x41, 0x52, 0x52, 0x4f, 0x57, 0x53, 0x5f,
  0x55, 0x50, 0x5f, 0x44, 0x4f, 0x57, 0x4e, 0x5f, 0x4c, 0x45, 0x46, 0x54,
  0x5f, 0x52, 0x49, 0x47, 0x48, 0x54, 0x20, 0x3d, 0x20, 0x22, 0x5c, 0x78,
  0x65, 0x66, 0x5c, 0x78, 0x38, 0x31, 0x5c, 0x78, 0x38, 0x37, 0x22, 0x09,
  0x2d, 0x2d, 0x20, 0x55, 0x2b, 0x66, 0x30, 0x34, 0x37, 0x0d, 0x0a, 0x49,
  0x43, 0x4f, 0x4e, 0x5f, 0x46, 0x41, 0x5f, 0x41, 0x52, 0x52, 0x4f, 0x57,
  0x53, 0x5f, 0x55, 0x50, 0x5f, 0x54, 0x4f, 0x5f, 0x4c, 0x49, 0x4e, 0x45,
  0x20, 0x3d, 0x20, 0x22, 0x5c, 0x78, 0x65, 0x65, 0x5c, 0x78, 0x39, 0x33,
  0x5c, 0x78, 0x38, 0x32, 0x22, 0x09, 0x2d, 0x2d, 0x20, 0x55, 0x2b, 0x65,
  0x34, 0x63, 0x32, 0x0d, 0x0a, 0x49, 0x43, 0x4f, 0x4e, 0x5f, 0x46, 0x41,
  0x5f, 0x41, 0x53, 0x54, 0x45, 0x52, 0x49, 0x53, 0x4b, 0x20, 0x3d, 0x20,
  0x22, 0x2a, 0x22, 0x09, 0x2d, 0x2d, 0x20, 0x55, 0x2b, 0x30, 0x30, 0x32,
  0x61, 0x0d, 0x0a, 0x49, 0x43, 0x4f, 0x4e, 0x5f, 0x46, 0x41, 0x5f, 0x41,
  0x54, 0x20, 0x3d, 0x20, 0x22, 0x40, 0x22, 0x09, 0x2d, 0x2d, 0x20, 0x55,
  0x2b, 0x30, 0x30, 0x34, 0x30, 0x0d, 0x0a, 0x49, 0x43, 0x4f, 0x4e, 0x5f,
  0x46, 0x41, 0x5f, 0x41, 0x54, 0x4f, 0x4d, 0x20, 0x3d, 0x20, 0x22, 0x5c,
  0x78, 0x65, 0x66, 0x5c, 0x78, 0x39, 0x37, 0x5c, 0x78, 0x39, 0x32, 0x22,
  0x09, 0x2d, 0x2d, 0x20, 0x55, 0x2b, 0x66, 0x35, 0x64, 0x32, 0x0d, 0x0a,
  0x49, 0x43, 0x4f, 0x4e, 0x5f, 0x46, 0x41, 0x5f, 0x41, 0x55, 0x44, 0x49,
  0x4f, 0x5f, 0x44, 0x45, 0x53, 0x43, 0x52, 0x49, 0x50, 0x54, 0x49, 0x4f,
  0x4e, 0x20, 0x3d, 0x20, 0x22, 0x5c, 0x78, 0x65, 0x66, 0x5c, 0x78, 0x38,
  0x61, 0x5c, 0x78, 0x39, 0x65, 0x22, 0x09, 0x2d, 0x2d, 0x20, 0x55, 0x2b,
  0x66, 0x32, 0x39, 0x65, 0x0d, 0x0a, 0x49, 0x43, 0x4f, 0x4e, 0x5f, 0x46,
  0x41, 0x5f, 0x41, 0x55, 0x53, 0x54, 0x52, 0x41, 0x4c, 0x5f, 0x53, 0x49,
  0x47, 0x4e, 0x20, 0x3d, 0x20, 0x22, 0x5c, 0x78, 0x65, 0x65, 0x5c, 0x78,
  0x38, 0x32, 0x5c, 0x78, 0x61, 0x39, 0x22, 0x09, 0x2d, 0x2d, 0x20, 0x55,
  0x2b, 0x65, 0x30, 0x61, 0x39, 0x0d, 0x0a, 0x49, 0x43, 0x4f, 0x4e, 0x5f,
  0x46, 0x41, 0x5f, 0x41, 0x57, 0x41, 0x52, 0x44, 0x20, 0x3d, 0x20, 0x22,
  0x5c, 0x78, 0x65, 0x66, 0x5c, 0x78, 0x39, 0x35, 0x5c, 0x78, 0x39, 0x39,
  0x22, 0x09, 0x2d, 0x2d, 0x20, 0x55, 0x2b, 0x66, 0x35, 0x35, 0x39, 0x0d,
  0x0a, 0x49, 0x43, 0x4f, 0x4e, 0x5f, 0x46, 0x41, 0x5f, 0x42, 0x20, 0x3d,
  0x20, 0x22, 0x42, 0x22, 0x09, 0x2d, 0x2d, 0x20, 0x55, 0x2b, 0x30, 0x30,
  0x34, 0x32, 0x0d, 0x0a, 0x49, 0x43, 0x4f, 0x4e, 0x5f, 0x46, 0x41, 0x5f,
  0x42, 0x41, 0x42, 0x59, 0x20, 0x3d, 0x20, 0x22, 0x5c, 0x78, 0x65, 0x66,
  0x5c, 0x78, 0x39, 0x64, 0x5c, 0x78, 0x62, 0x63, 0x22, 0x09, 0x2d, 0x2d,
  0x20, 0x55, 0x2b, 0x66, 0x37, 0x37, 0x63, 0x0d, 0x0a, 0x49, 0x43, 0x4f,
  0x4e, 0x5f, 0x46, 0x41, 0x5f, 0x42, 0x41, 0x42, 0x59, 0x5f, 0x43, 0x41,
  0x52, 0x52, 0x49, 0x41, 0x47, 0x45, 0x20, 0x3d, 0x20, 0x22, 0x5c, 0x78,
  0x65, 0x66, 0x5c, 0x78, 0x39, 0x64, 0x5c, 0x78, 0x62, 0x64, 0x22, 0x09,
  0x2d, 0x2d, 0x20, 0x55, 0x2b, 0x66, 0x37, 0x37, 0x64, 0x0d, 0x0a, 0x49,
  0x43, 0x4f, 0x4e, 0x5f, 0x46, 0x41, 0x5f, 0x42, 0x41, 0x43, 0x4b, 0x57,
  0x41, 0x52, 0x44, 0x20, 0x3d, 0x20, 0x22, 0x5c, 0x78, 0x65, 0x66, 0x5c,
  0x78, 0x38, 0x31, 0x5c, 0x78, 0x38, 0x61, 0x22, 0x09, 0x2d, 0x2d, 0x20,
  0x55, 0x2b, 0x66, 0x30, 0x34, 0x61, 0x0d, 0x0a, 0x49, 0x43, 0x4f, 0x4e,
  0x5f, 0x46, 0x41, 0x5f, 0x42, 0x41, 0x43, 0x4b, 0x57, 0x41, 0x52, 0x44,
  0x5f, 0x46, 0x41, 0x53, 0x54, 0x20, 0x3d, 0x20, 0x22, 0x5c, 0x78, 0x65,
  0x66, 0x5c, 0x78, 0x38, 0x31, 0x5c, 0x78, 0x38, 0x39, 0x22, 0x09, 0x2d,
  0x2d, 0x20, 0x55, 0x2b, 0x66, 0x30, 0x34, 0x39, 0x0d, 0x0a, 0x49, 0x43,
  0x4f, 0x4e, 0x5f, 0x46, 0x41, 0x5f, 0x42, 0x41, 0x43, 0x4b, 0x57, 0x41,
  0x52, 0x44, 0x5f, 0x53, 0x54, 0x45, 0x50, 0x20, 0x3d, 0x20, 0x22, 0x5c,
  0x78, 0x65, 0x66, 0x5c, 0x78, 0x38, 0x31, 0x5c, 0x78, 0x38, 0x38, 0x22,
  0x09, 0x2d, 0x2d, 0x20, 0x55, 0x2b, 0x66, 0x30, 0x34, 0x38, 0x0d, 0x0a,
  0x49, 0x43, 0x4f, 0x4e, 0x5f, 0x46, 0x41, 0x5f, 0x42, 0x41, 0x43, 0x4f,
  0x4e, 0x20, 0x3d, 0x20, 0x22, 0x5c, 0x78, 0x65, 0x66, 0x5c, 0x78, 0x39,
  0x66, 0x5c, 0x78, 0x61, 0x35, 0x22, 0x09, 0x2d, 0x2d, 0x20, 0x55, 0x2b,
  0x66, 0x37, 0x65, 0x35, 0x0d, 0x0a, 0x49, 0x43, 0x4f, 0x4e, 0x5f, 0x46,
  0x41, 0x5f, 0x42, 0x41, 0x43, 0x54, 0x45, 0x52, 0x49, 0x41, 0x20, 0x3d,
  0x20, 0x22, 0x5c, 0x78, 0x65, 0x65, 0x5c, 0x78, 0x38, 0x31, 0x5c, 0x78,
  0x39, 0x39, 0x22, 0x09, 0x2d, 0x2d, 0x20, 0x55, 0x2b, 0x65, 0x30, 0x35,
  0x39, 0x0d, 0x0a, 0x49, 0x43, 0x4f, 0x4e, 0x5f, 0x46, 0x41, 0x5f, 0x42,
  0x41, 0x43, 0x54, 0x45, 0x52, 0x49, 0x55, 0x4d, 0x20, 0x3d, 0x20, 0x22,
  0x5c, 0x78, 0x65, 0x65, 0x5c, 0x78, 0x38, 0x31, 0x5c, 0x78, 0x39, 0x61,
  0x22, 0x09, 0x2d, 0x2d, 0x20, 0x55, 0x2b, 0x65, 0x30, 0x35, 0x61, 0x0d,
  0x0a, 0x49, 0x43, 0x4f, 0x4e, 0x5f, 0x46, 0x41, 0x5f, 0x42, 0x41, 0x47,
  0x5f, 0x53, 0x48, 0x4f, 0x50, 0x50, 0x49, 0x4e, 0x47, 0x20, 0x3d, 0x20,
  0x22, 0x5c, 0x78, 0x65, 0x66, 0x5c, 0x78, 0x38, 0x61, 0x5c, 0x78, 0x39,
  0x30, 0x22, 0x09, 0x2d, 0x2d, 0x20, 0x55, 0x2b, 0x66, 0x32, 0x39, 0x30,
  0x0d, 0x0a, 0x49, 0x43, 0x4f, 0x4e, 0x5f, 0x46, 0x41, 0x5f, 0x42, 0x41,
  0x48, 0x41, 0x49, 0x20, 0x3d, 0x20, 0x22, 0x5c, 0x78, 0x65, 0x66, 0x5c,
  0x78, 0x39, 0x39, 0x5c, 0x78, 0x61, 0x36, 0x22, 0x09, 0x2d, 0x2d, 0x20,
  0x55, 0x2b, 0x66, 0x36, 0x36, 0x36, 0x0d, 0x0a, 0x49, 0x43, 0x4f, 0x4e,
  0x5f, 0x46, 0x41, 0x5f, 0x42, 0x41, 0x48, 0x54, 0x5f, 0x53, 0x49, 0x47,
  0x4e, 0x20, 0x3d, 0x20, 0x22, 0x5c, 0x78, 0x65, 0x65, 0x5c, 0x78, 0x38,
  0x32, 0x5c, 0x78, 0x61, 0x63, 0x22, 0x09, 0x2d, 0x2d, 0x20, 0x55, 0x2b,
  0x65, 0x30, 0x61, 0x63, 0x0d, 0x0a, 0x49, 0x43, 0x4f, 0x4e, 0x5f, 0x46,
  0x41, 0x5f, 0x42, 0x41, 0x4e, 0x20, 0x3d, 0x20, 0x22, 0x5c, 0x78, 0x65,
  0x66, 0x5c, 0x78, 0x38, 0x31, 0x5c, 0x78, 0x39, 0x65, 0x22, 0x09, 0x2d,
  0x2d, 0x20, 0x55, 0x2b, 0x66, 0x30, 0x35, 0x65, 0x0d, 0x0a, 0x49, 0x43,
  0x4f, 0x4e, 0x5f, 0x46, 0x41, 0x5f, 0x42, 0x41, 0x4e, 0x5f, 0x53, 0x4d,
  0x4f, 0x4b, 0x49, 0x4e, 0x47, 0x20, 0x3d, 0x20, 0x22, 0x5c, 0x78, 0x65,
  0x66, 0x5c, 0x78, 0x39, 0x35, 0x5c, 0x78, 0x38, 0x64, 0x22, 0x09, 0x2d,
  0x2d, 0x20, 0x55, 0x2b, 0x66, 0x35, 0x34, 0x64, 0x0d, 0x0a, 0x49, 0x43,
  0x4f, 0x4e, 0x5f, 0x46, 0x41, 0x5f, 0x42, 0x41, 0x4e, 0x44, 0x41, 0x47,
  0x45, 0x20, 0x3d, 0x20, 0x22, 0x5c, 0x78, 0x65, 0x66, 0x5c, 0x78, 0x39,
  0x31, 0x5c, 0x78, 0x61, 0x32, 0x22, 0x09, 0x2d, 0x2d, 0x20, 0x55, 0x2b,
  0x66, 0x34, 0x36, 0x32, 0x0d, 0x0a, 0x49, 0x43, 0x4f, 0x4e, 0x5f, 0x46,
  0x41, 0x5f, 0x42, 0x41, 0x4e, 0x47, 0x4c, 0x41, 0x44, 0x45, 0x53, 0x48,
  0x49, 0x5f, 0x54, 0x41, 0x4b, 0x41, 0x5f, 0x53, 0x49, 0x47, 0x4e, 0x20,
  0x3d, 0x20, 0x22, 0x5c, 0x78, 0x65, 0x65, 0x5c, 0x78, 0x38, 0x62, 0x5c,
  0x78, 0x61, 0x36, 0x22, 0x09, 0x2d, 0x2d, 0x20, 0x55, 0x2b, 0x65, 0x32,
  0x65, 0x36, 0x0d, 0x0a, 0x49, 0x43, 0x4f, 0x4e, 0x5f, 0x46, 0x41, 0x5f,
  0x42, 0x41, 0x52, 0x43, 0x4f, 0x44, 0x45, 0x20, 0x3d, 0x20, 0x22, 0x5c,
  0x78, 0x65, 0x66, 0x5c, 0x78, 0x38, 0x30, 0x5c, 0x78, 0x61, 0x61, 0x22,
  0x09, 0x2d, 0x2d, 0x20, 0x55, 0x2b, 0x66, 0x30, 0x32, 0x61, 0x0d, 0x0a,
  0x49, 0x43, 0x4f, 0x4e, 0x5f, 0x46, 0x41, 0x5f, 0x42, 0x41, 0x52, 0x53,
  0x20, 0x3d, 0x20, 0x22, 0x5c, 0x78, 0x65, 0x66, 0x5c, 0x78, 0x38, 0x33,
  0x5c, 0x78, 0x38, 0x39, 0x22, 0x09, 0x2d, 0x2d, 0x20, 0x55, 0x2b, 0x66,
  0x30, 0x63, 0x39, 0x0d, 0x0a, 0x49, 0x43, 0x4f, 0x4e, 0x5f, 0x46, 0x41,
  0x5f, 0x42, 0x41, 0x52, 0x53, 0x5f, 0x50, 0x52, 0x4f, 0x47, 0x52, 0x45,
  0x53, 0x53, 0x20, 0x3d, 0x20, 0x22, 0x5c, 0x78, 0x65, 0x66, 0x5c, 0x78,
  0x61, 0x30, 0x5c, 0x78, 0x61, 0x38, 0x22, 0x09, 0x2d, 0x2d, 0x20, 0x55,
  0x2b, 0x66, 0x38, 0x32, 0x38, 0x0d, 0x0a, 0x49, 0x43, 0x4f, 0x4e, 0x5f,
  0x46, 0x41, 0x5f, 0x42, 0x41, 0x52, 0x53, 0x5f, 0x53, 0x54, 0x41, 0x47,
  0x47, 0x45, 0x52, 0x45, 0x44, 0x20, 0x3d, 0x20, 0x22, 0x5c, 0x78, 0x65,
  0x66, 0x5c, 0x78, 0x39, 0x35, 0x5c, 0x78, 0x39, 0x30, 0x22, 0x09, 0x2d,
  0x2d, 0x20, 0x55, 0x2b, 0x66, 0x35, 0x35, 0x30, 0x0d, 0x0a, 0x49, 0x43,
  0x4f, 0x4e, 0x5f, 0x46, 0x41, 0x5f, 0x42, 0x41, 0x53, 0x45, 0x42, 0x41,
  0x4c, 0x4c, 0x20, 0x3d, 0x20, 0x22, 0x5c, 0x78, 0x65, 0x66, 0x5c, 0x78,
  0x39, 0x30, 0x5c, 0x78, 0x62, 0x33, 0x22, 0x09, 0x2d, 0x2d, 0x20, 0x55,
  0x2b, 0x66, 0x34, 0x33, 0x33, 0x0d, 0x0a, 0x49, 0x43, 0x4f, 0x4e, 0x5f,
  0x46, 0x41, 0x5f, 0x42, 0x41, 0x53, 0x45, 0x42, 0x41, 0x4c, 0x4c, 0x5f,
  0x42, 0x41, 0x54, 0x5f, 0x42, 0x41, 0x4c, 0x4c, 0x20, 0x3d, 0x20, 0x22,
  0x5c, 0x78, 0x65, 0x66, 0x5c, 0x78, 0x39, 0x30, 0x5c, 0x78, 0x62, 0x32,
  0x22, 0x09, 0x2d, 0x2d, 0x20, 0x55, 0x2b, 0x66, 0x34, 0x33, 0x32, 0x0d,
  0x0a, 0x49, 0x43, 0x4f, 0x4e, 0x5f, 0x46, 0x41, 0x5f, 0x42, 0x41, 0x53,
  0x4b, 0x45, 0x54, 0x5f, 0x53, 0x48, 0x4f, 0x50, 0x50, 0x49, 0x4e, 0x47,
  0x20, 0x3d, 0x20, 0x22, 0x5c, 0x78, 0x65, 0x66, 0x5c, 0x78, 0x38, 0x61,
  0x5c, 0x78, 0x39, 0x31, 0x22, 0x09, 0x2d, 0x2d, 0x20, 0x55, 0x2b, 0x66,
  0x32, 0x39, 0x31, 0x0d, 0x0a, 0x49, 0x43, 0x4f, 0x4e, 0x5f, 0x46, 0x41,
  0x5f, 0x42, 0x41, 0x53, 0x4b, 0x45, 0x54, 0x42, 0x41, 0x4c, 0x4c, 0x20,
  0x3d, 0x20, 0x22, 0x5c, 0x78, 0x65, 0x66, 0x5c, 0x78, 0x39, 0x30, 0x5c,
  0x78, 0x62, 0x34, 0x22, 0x09, 0x2d, 0x2d, 0x20, 0x55, 0x2b, 0x66, 0x34,
  0x33, 0x34, 0x0d, 0x0a, 0x49, 0x43, 0x4f, 0x4e, 0x5f, 0x46, 0x41, 0x5f,
  0x42, 0x41, 0x54, 0x48, 0x20, 0x3d, 0x20, 0x22, 0x5c, 0x78, 0x65, 0x66,
  0x5c, 0x78, 0x38, 0x62, 0x5c, 0x78, 0x38, 0x64, 0x22, 0x09, 0x2d, 0x2d,
  0x20, 0x55, 0x2b, 0x66, 0x32, 0x63, 0x64, 0x0d, 0x0a, 0x49, 0x43, 0x4f,
  0x4e, 0x5f, 0x46, 0x41, 0x5f, 0x42, 0x41, 0x54, 0x54, 0x45, 0x52, 0x59,
  0x5f, 0x45, 0x4d, 0x50, 0x54, 0x59, 0x20, 0x3d, 0x20, 0x22, 0x5c, 0x78,
  0x65, 0x66, 0x5c, 0x78, 0x38, 0x39, 0x5c, 0x78, 0x38, 0x34, 0x22, 0x09,
  0x2d, 0x2d, 0x20, 0x55, 0x2b, 0x66, 0x32, 0x34, 0x34, 0x0d, 0x0a, 0x49,
  0x43, 0x4f, 0x4e, 0x5f, 0x46, 0x41, 0x5f, 0x42, 0x41, 0x54, 0x54, 0x45,
  0x52, 0x59, 0x5f, 0x46, 0x55, 0x4c, 0x4c, 0x20, 0x3d, 0x20, 0x22, 0x5c,
  0x78, 0x65, 0x66, 0x5c, 0x78, 0x38, 0x39, 0x5c, 0x78, 0x38, 0x30, 0x22,
  0x09, 0x2d, 0x2d, 0x20, 0x55, 0x2b, 0x66, 0x32, 0x34, 0x30, 0x0d, 0x0a,
  0x49, 0x43, 0x4f, 0x4e, 0x5f, 0x46, 0x41, 0x5f, 0x42, 0x41, 0x54, 0x54,
  0x45, 0x52, 0x59, 0x5f, 0x48, 0x41, 0x4c, 0x46, 0x20, 0x3d, 0x20, 0x22,
  0x5c, 0x78, 0x65, 0x66, 0x5c, 0x78, 0x38, 0x39, 0x5c, 0x78, 0x38, 0x32,
  0x22, 0x09, 0x2d, 0x2d, 0x20, 0x55, 0x2b, 0x66, 0x32, 0x34, 0x32, 0x0d,
  0x0a, 0x49, 0x43, 0x4f, 0x4e, 0x5f, 0x46, 0x41, 0x5f, 0x42, 0x41, 0x54,
  0x54, 0x45, 0x52, 0x59, 0x5f, 0x51, 0x55, 0x41, 0x52, 0x54, 0x45, 0x52,
  0x20, 0x3d, 0x20, 0x22, 0x5c, 0x78, 0x65, 0x66, 0x5c, 0x78, 0x38, 0x39,
  0x5c, 0x78, 0x38, 0x33, 0x22, 0x09, 0x2d, 0x2d, 0x20, 0x55, 0x2b, 0x66,
  0x32, 0x34, 0x33, 0x0d, 0x0a, 0x49, 0x43, 0x4f, 0x4e, 0x5f, 0x46, 0x41,
  0x5f, 0x42, 0x41, 0x54, 0x54, 0x45, 0x52, 0x59, 0x5f, 0x54, 0x48, 0x52,
  0x45, 0x45, 0x5f, 0x51, 0x55, 0x41, 0x52, 0x54, 0x45, 0x52, 0x53, 0x20,
  0x3d, 0x20, 0x22, 0x5c, 0x78, 0x65, 0x66, 0x5c, 0x78, 0x38, 0x39, 0x5c,
  0x78, 0x38, 0x31, 0x22, 0x09, 0x2d, 0x2d, 0x20, 0x55, 0x2b, 0x66, 0x32,
  0x34, 0x31, 0x0d, 0x0a, 0x49, 0x43, 0x4f, 0x4e, 0x5f, 0x46, 0x41, 0x5f,
  0x42, 0x45, 0x44, 0x20, 0x3d, 0x20, 0x22, 0x5c, 0x78, 0x65, 0x66, 0x5c,
  0x78, 0x38, 0x38, 0x5c, 0x78, 0x62, 0x36, 0x22, 0x09, 0x2d, 0x2d, 0x20,
  0x55, 0x2b, 0x66, 0x32, 0x33, 0x36, 0x0d, 0x0a, 0x49, 0x43, 0x4f, 0x4e,
  0x5f, 0x46, 0x41, 0x5f, 0x42, 0x45, 0x44, 0x5f, 0x50, 0x55, 0x4c, 0x53,
  0x45, 0x20, 0x3d, 0x20, 0x22, 0x5c, 0x78, 0x65, 0x66, 0x5c, 0x78, 0x39,
  0x32, 0x5c, 0x78, 0x38, 0x37, 0x22, 0x09, 0x2d, 0x2d, 0x20, 0x55, 0x2b,
  0x66, 0x34, 0x38, 0x37, 0x0d, 0x0a, 0x49, 0x43, 0x4f, 0x4e, 0x5f, 0x46,
  0x41, 0x5f, 0x42, 0x45, 0x45, 0x52, 0x5f, 0x4d, 0x55, 0x47, 0x5f, 0x45,
  0x4d, 0x50, 0x54, 0x59, 0x20, 0x3d, 0x20, 0x22, 0x5c, 0x78, 0x65, 0x66,
  0x5c, 0x78, 0x38, 0x33, 0x5c, 0x78, 0x62, 0x63, 0x22, 0x09, 0x2d, 0x2d,
  0x20, 0x55, 0x2b, 0x66, 0x30, 0x66, 0x63, 0x0d, 0x0a, 0x49, 0x43, 0x4f,
  0x4e, 0x5f, 0x46, 0x41, 0x5f, 0x42, 0x45, 0x4c, 0x4c, 0x20, 0x3d, 0x20,
  0x22, 0x5c, 0x78, 0x65, 0x66, 0x5c, 0x78, 0x38, 0x33, 0x5c, 0x78, 0x62,
  0x33, 0x22, 0x09, 0x2d, 0x2d, 0x20, 0x55, 0x2b, 0x66, 0x30, 0x66, 0x33,
  0x0d, 0x0a, 0x49, 0x43, 0x4f, 0x4e, 0x5f, 0x46, 0x41, 0x5f, 0x42, 0x45,
  0x4c, 0x4c, 0x5f, 0x43, 0x4f, 0x4e, 0x43, 0x49, 0x45, 0x52, 0x47, 0x45,
  0x20, 0x3d, 0x20, 0x22, 0x5c, 0x78, 0x65, 0x66, 0x5c, 0x78, 0x39, 0x35,
  0x5c, 0x78, 0x61, 0x32, 0x22, 0x09, 0x2d, 0x2d, 0x20, 0x55, 0x2b, 0x66,
  0x35, 0x36, 0x32, 0x0d, 0x0a, 0x49, 0x43, 0x4f, 0x4e, 0x5f, 0x46, 0x41,
  0x5f, 0x42, 0x45, 0x4c, 0x4c, 0x5f, 0x53, 0x4c, 0x41, 0x53, 0x48, 0x20,
  0x3d, 0x20, 0x22, 0x5c, 0x78, 0x65, 0x66, 0x5c, 0x78, 0x38, 0x37, 0x5c,
  0x78, 0x62, 0x36, 0x22, 0x09, 0x2d, 0x2d, 0x20, 0x55, 0x2b, 0x66, 0x31,
  0x66, 0x36, 0x0d, 0x0a, 0x49, 0x43, 0x4f, 0x4e, 0x5f, 0x46, 0x41, 0x5f,
  0x42, 0x45, 0x5a, 0x49, 0x45, 0x52, 0x5f, 0x43, 0x55, 0x52, 0x56, 0x45,
  0x20, 0x3d, 0x20, 0x22, 0x5c, 0x78, 0x65, 0x66, 0x5c, 0x78, 0x39, 0x35,
  0x5c, 0x78, 0x39, 0x62, 0x22, 0x09, 0x2d, 0x2d, 0x20, 0x55, 0x2b, 0x66,
  0x35, 0x35, 0x62, 0x0d, 0x0a, 0x49, 0x43, 0x4f, 0x4e, 0x5f, 0x46, 0x41,
  0x5f, 0x42, 0x49, 0x43, 0x59, 0x43, 0x4c, 0x45, 0x20, 0x3d, 0x20, 0x22,
  0x5c, 0x78, 0x65, 0x66, 0x5c, 0x78, 0x38, 0x38, 0x5c, 0x78, 0x38, 0x36,
  0x22, 0x09, 0x2d, 0x2d, 0x20, 0x55, 0x2b, 0x66, 0x32, 0x30, 0x36, 0x0d,
  0x0a, 0x49, 0x43, 0x4f, 0x4e, 0x5f, 0x46, 0x41, 0x5f, 0x42, 0x49, 0x4e,
  0x4f, 0x43, 0x55, 0x4c, 0x41, 0x52, 0x53, 0x20, 0x3d, 0x20, 0x22, 0x5c,
  0x78, 0x65, 0x66, 0x5c, 0x78, 0x38, 0x37, 0x5c, 0x78, 0x61, 0x35, 0x22,
  0x09, 0x2d, 0x2d, 0x20, 0x55, 0x2b, 0x66, 0x31, 0x65, 0x35, 0x0d, 0x0a,
  0x49, 0x43, 0x4f, 0x4e, 0x5f, 0x46, 0x41, 0x5f, 0x42, 0x49, 0x4f, 0x48,
  0x41, 0x5a, 0x41, 0x52, 0x44, 0x20, 0x3d, 0x20, 0x22, 0x5c, 0x78, 0x65,
  0x66, 0x5c, 0x78, 0x39, 0x65, 0x5c, 0x78, 0x38, 0x30, 0x22, 0x09, 0x2d,
  0x2d, 0x20, 0x55, 0x2b, 0x66, 0x37, 0x38, 0x30, 0x0d, 0x0a, 0x49, 0x43,
  0x4f, 0x4e, 0x5f, 0x46, 0x41, 0x5f, 0x42, 0x49, 0x54, 0x43, 0x4f, 0x49,
  0x4e, 0x5f, 0x53, 0x49, 0x47, 0x4e, 0x20, 0x3d, 0x20, 0x22, 0x5c, 0x78,
  0x65, 0x65, 0x5c, 0x78, 0x38, 0x32, 0x5c, 0x78, 0x62, 0x34, 0x22, 0x09,
  0x2d, 0x2d, 0x20, 0x55, 0x2b, 0x65, 0x30, 0x62, 0x34, 0x0d, 0x0a, 0x49,
  0x43, 0x4f, 0x4e, 0x5f, 0x46, 0x41, 0x5f, 0x42, 0x4c, 0x45, 0x4e, 0x44,
  0x45, 0x52, 0x20, 0x3d, 0x20, 0x22, 0x5c, 0x78, 0x65, 0x66, 0x5c, 0x78,
  0x39, 0x34, 0x5c, 0x78, 0x39, 0x37, 0x22, 0x09, 0x2d, 0x2d, 0x20, 0x55,
  0x2b, 0x66, 0x35, 0x31, 0x37, 0x0d, 0x0a, 0x49, 0x43, 0x4f, 0x4e, 0x5f,
  0x46, 0x41, 0x5f, 0x42, 0x4c, 0x45, 0x4e, 0x44, 0x45, 0x52, 0x5f, 0x50,
  0x48, 0x4f, 0x4e, 0x45, 0x20, 0x3d, 0x20, 0x22, 0x5c, 0x78, 0x65, 0x66,
  0x5c, 0x78, 0x39, 0x61, 0x5c, 0x78, 0x62, 0x36, 0x22, 0x09, 0x2d, 0x2d,
  0x20, 0x55, 0x2b, 0x66, 0x36, 0x62, 0x36, 0x0d, 0x0a, 0x49, 0x43, 0x4f,
  0x4e, 0x5f, 0x46, 0x41, 0x5f, 0x42, 0x4c, 0x4f, 0x47, 0x20, 0x3d, 0x20,
  0x22, 0x5c, 0x78, 0x65, 0x66, 0x5c, 0x78, 0x39, 0x65, 0x5c, 0x78, 0x38,
  0x31, 0x22, 0x09, 0x2d, 0x2d, 0x20, 0x55, 0x2b, 0x66, 0x37, 0x38, 0x31,
  0x0d, 0x0a, 0x49, 0x43, 0x4f, 0x4e, 0x5f, 0x46, 0x41, 0x5f, 0x42, 0x4f,
  0x4c, 0x44, 0x20, 0x3d, 0x20, 0x22, 0x5c, 0x78, 0x65, 0x66, 0x5c, 0x78,
  0x38, 0x30, 0x5c, 0x78, 0x62, 0x32, 0x22, 0x09, 0x2d, 0x2d, 0x20, 0x55,
  0x2b, 0x66, 0x30, 0x33, 0x32, 0x0d, 0x0a, 0x49, 0x43, 0x4f, 0x4e, 0x5f,
  0x46, 0x41, 0x5f, 0x42, 0x4f, 0x4c, 0x54, 0x20, 0x3d, 0x20, 0x22, 0x5c,
  0x78, 0x65, 0x66, 0x5c, 0x78, 0x38, 0x33, 0x5c, 0x78, 0x61, 0x37, 0x22,
  0x09, 0x2d, 0x2d, 0x20, 0x55, 0x2b, 0x66, 0x30, 0x65, 0x37, 0x0d, 0x0a,
  0x49, 0x43, 0x4f, 0x4e, 0x5f, 0x46, 0x41, 0x5f, 0x42, 0x4f, 0x4c, 0x54,
  0x5f, 0x4c, 0x49, 0x47, 0x48, 0x54, 0x4e, 0x49, 0x4e, 0x47, 0x20, 0x3d,
  0x20, 0x22, 0x5c, 0x78, 0x65, 0x65, 0x5c, 0x78, 0x38, 0x32, 0x5c, 0x78,
  0x62, 0x37, 0x22, 0x09, 0x2d, 0x2d, 0x20, 0x55, 0x2b, 0x65, 0x30, 0x62,
  0x37, 0x0d, 0x0a, 0x49, 0x43, 0x4f, 0x4e, 0x5f, 0x46, 0x41, 0x5f, 0x42,
  0x4f, 0x4d, 0x42, 0x20, 0x3d, 0x20, 0x22, 0x5c, 0x78, 0x65, 0x66, 0x5c,
  0x78, 0x38, 0x37, 0x5c, 0x78, 0x61, 0x32, 0x22, 0x09, 0x2d, 0x2d, 0x20,
  0x55, 0x2b, 0x66, 0x31, 0x65, 0x32, 0x0d, 0x0a, 0x49, 0x43, 0x4f, 0x4e,
  0x5f, 0x46, 0x41, 0x5f, 0x42, 0x4f, 0x4e, 0x45, 0x20, 0x3d, 0x20, 0x22,
  0x5c, 0x78, 0x65, 0x66, 0x5c, 0x78, 0x39, 0x37, 0x5c, 0x78, 0x39, 0x37,
  0x22, 0x09, 0x2d, 0x2d, 0x20, 0x55, 0x2b, 0x66, 0x35, 0x64, 0x37, 0x0d,
  0x0a, 0x49, 0x43, 0x4f, 0x4e, 0x5f, 0x46, 0x41, 0x5f, 0x42, 0x4f, 0x4e,
  0x47, 0x20, 0x3d, 0x20, 0x22, 0x5c, 0x78, 0x65, 0x66, 0x5c, 0x78, 0x39,
  0x35, 0x5c, 0x78, 0x39, 0x63, 0x22, 0x09, 0x2d, 0x2d, 0x20, 0x55, 0x2b,
  0x66, 0x35, 0x35, 0x63, 0x0d, 0x0a, 0x49, 0x43, 0x4f, 0x4e, 0x5f, 0x46,
  0x41, 0x5f, 0x42, 0x4f, 0x4f, 0x4b, 0x20, 0x3d, 0x20, 0x22, 0x5c, 0x78,
  0x65, 0x66, 0x5c, 0x78, 0x38, 0x30, 0x5c, 0x78, 0x61, 0x64, 0x22, 0x09,
  0x2d, 0x2d, 0x20, 0x55, 0x2b, 0x66, 0x30, 0x32, 0x64, 0x0d, 0x0a, 0x49,
  0x43, 0x4f, 0x4e, 0x5f, 0x46, 0x41, 0x5f, 0x42, 0x4f, 0x4f, 0x4b, 0x5f,
  0x41, 0x54, 0x4c, 0x41, 0x53, 0x20, 0x3d, 0x20, 0x22, 0x5c, 0x78, 0x65,
  0x66, 0x5c, 0x78, 0x39, 0x35, 0x5c, 0x78, 0x39, 0x38, 0x22, 0x09, 0x2d,
  0x2d, 0x20, 0x55, 0x2b, 0x66, 0x35, 0x35, 0x38, 0x0d, 0x0a, 0x49, 0x43,
  0x4f, 0x4e, 0x5f, 0x46, 0x41, 0x5f, 0x42, 0x4f, 0x4f, 0x4b, 0x5f, 0x42,
  0x49, 0x42, 0x4c, 0x45, 0x20, 0x3d, 0x20, 0x22, 0x5c, 0x78, 0x65, 0x66,
  0x5c, 0x78, 0x39, 0x39, 0x5c, 0x78, 0x38, 0x37, 0x22, 0x09, 0x2d, 0x2d,
  0x20, 0x55, 0x2b, 0x66, 0x36, 0x34, 0x37, 0x0d, 0x0a, 0x49, 0x43, 0x4f,
  0x4e, 0x5f, 0x46, 0x41, 0x5f, 0x42, 0x4f, 0x4f, 0x4b, 0x5f, 0x42, 0x4f,
  0x4f, 0x4b, 0x4d, 0x41, 0x52, 0x4b, 0x20, 0x3d, 0x20, 0x22, 0x5c, 0x78,
  0x65, 0x65, 0x5c, 0x78, 0x38, 0x32, 0x5c, 0x78, 0x62, 0x62, 0x22, 0x09,
  0x2d, 0x2d, 0x20, 0x55, 0x2b, 0x65, 0x30, 0x62, 0x62, 0x0d, 0x0a, 0x49,
  0x43, 0x4f, 0x4e, 0x5f, 0x46, 0x41, 0x5f, 0x42, 0x4f, 0x4f, 0x4b, 0x5f,
  0x4a, 0x4f, 0x55, 0x52, 0x4e, 0x41, 0x4c, 0x5f, 0x57, 0x48, 0x49, 0x4c,
  0x4c, 0x53, 0x20, 0x3d, 0x20, 0x22, 0x5c, 0x78, 0x65, 0x66, 0x5c, 0x78,
  0x39, 0x39, 0x5c, 0x78, 0x61, 0x61, 0x22, 0x09, 0x2d, 0x2d, 0x20, 0x55,
  0x2b, 0x66, 0x36, 0x36, 0x61, 0x0d, 0x0a, 0x49, 0x43, 0x4f, 0x4e, 0x5f,
  0x46, 0x41, 0x5f, 0x42, 0x4f, 0x4f, 0x4b, 0x5f, 0x4d, 0x45, 0x44, 0x49,
  0x43, 0x41, 0x4c, 0x20, 0x3d, 0x20, 0x22, 0x5c, 0x78, 0x65, 0x66, 0x5c,
  0x78, 0x39, 0x66, 0x5c, 0x78, 0x61, 0x36, 0x22, 0x09, 0x2d, 0x2d, 0x20,
  0x55, 0x2b, 0x66, 0x37, 0x65, 0x36, 0x0d, 0x0a, 0x49, 0x43, 0x4f, 0x4e,
  0x5f, 0x46, 0x41, 0x5f, 0x42, 0x4f, 0x4f, 0x4b, 0x5f, 0x4f, 0x50, 0x45,
  0x4e, 0x20, 0x3d, 0x20, 0x22, 0x5c, 0x78, 0x65, 0x66, 0x5c, 0x78, 0x39,
  0x34, 0x5c, 0x78, 0x39, 0x38, 0x22, 0x09, 0x2d, 0x2d, 0x20, 0x55, 0x2b,
  0x66, 0x35, 0x31, 0x38, 0x0d, 0x0a, 0x49, 0x43, 0x4f, 0x4e, 0x5f, 0x46,
  0x41, 0x5f, 0x42, 0x4f, 0x4f, 0x4b, 0x5f, 0x4f, 0x50, 0x45, 0x4e, 0x5f,
  0x52, 0x45, 0x41, 0x44, 0x45, 0x52, 0x20, 0x3d, 0x20, 0x22, 0x5c, 0x78,
  0x65, 0x66, 0x5c, 0x78, 0x39, 0x37, 0x5c, 0x78, 0x39, 0x61, 0x22, 0x09,
  0x2d, 0x2d, 0x20, 0x55, 0x2b, 0x66, 0x35, 0x64, 0x61, 0x0d, 0x0a, 0x49,
  0x43, 0x4f, 0x4e, 0x5f, 0x46, 0x41, 0x5f, 0x42, 0x4f, 0x4f, 0x4b, 0x5f,
  0x51, 0x55, 0x52, 0x41, 0x4e, 0x20, 0x3d, 0x20, 0x22, 0x5c, 0x78, 0x65,
  0x66, 0x5c, 0x78, 0x39, 0x61, 0x5c, 0x78, 0x38, 0x37, 0x22, 0x09, 0x2d,
  0x2d, 0x20, 0x55, 0x2b, 0x66, 0x36, 0x38, 0x37, 0x0d, 0x0a, 0x49, 0x43,
  0x4f, 0x4e, 0x5f, 0x46, 0x41, 0x5f, 0x42, 0x4f, 0x4f, 0x4b, 0x5f, 0x53,
  0x4b, 0x55, 0x4c, 0x4c, 0x20, 0x3d, 0x20, 0x22, 0x5c, 0x78, 0x65, 0x66,
  0x5c, 0x78, 0x39, 0x61, 0x5c, 0x78, 0x62, 0x37, 0x22, 0x09, 0x2d, 0x2d,
  0x20, 0x55, 0x2b, 0x66, 0x36, 0x62, 0x37, 0x0d, 0x0a, 0x49, 0x43, 0x4f,
  0x4e, 0x5f, 0x46, 0x41, 0x5f, 0x42, 0x4f, 0x4f, 0x4b, 0x5f, 0x54, 0x41,
  0x4e, 0x41, 0x4b, 0x48, 0x20, 0x3d, 0x20, 0x22, 0x5c, 0x78, 0x65, 0x66,
  0x5c, 0x78, 0x61, 0x30, 0x5c, 0x78, 0x61, 0x37, 0x22, 0x09, 0x2d, 0x2d,
  0x20, 0x55, 0x2b, 0x66, 0x38, 0x32, 0x37, 0x0d, 0x0a, 0x49, 0x43, 0x4f,
  0x4e, 0x5f, 0x46, 0x41, 0x5f, 0x42, 0x4f, 0x4f, 0x4b, 0x4d, 0x41, 0x52,
  0x4b, 0x20, 0x3d, 0x20, 0x22, 0x5c, 0x78, 0x65, 0x66, 0x5c, 0x78, 0x38,
  0x30, 0x5c, 0x78, 0x61, 0x65, 0x22, 0x09, 0x2d, 0x2d, 0x20, 0x55, 0x2b,
  0x66, 0x30, 0x32, 0x65, 0x0d, 0x0a, 0x49, 0x43, 0x4f, 0x4e, 0x5f, 0x46,
  0x41, 0x5f, 0x42, 0x4f, 0x52, 0x44, 0x45, 0x52, 0x5f, 0x41, 0x4c, 0x4c,
  0x20, 0x3d, 0x20, 0x22, 0x5c, 0x78, 0x65, 0x66, 0x5c, 0x78, 0x61, 0x31,
  0x5c, 0x78, 0x38, 0x63, 0x22, 0x09, 0x2d, 0x2d, 0x20, 0x55, 0x2b, 0x66,
  0x38, 0x34, 0x63, 0x0d, 0x0a, 0x49, 0x43, 0x4f, 0x4e, 0x5f, 0x46, 0x41,
  0x5f, 0x42, 0x4f, 0x52, 0x44, 0x45, 0x52, 0x5f, 0x4e, 0x4f, 0x4e, 0x45,
  0x20, 0x3d, 0x20, 0x22, 0x5c, 0x78, 0x65, 0x66, 0x5c, 0x78, 0x61, 0x31,
  0x5c, 0x78, 0x39, 0x30, 0x22, 0x09, 0x2d, 0x2d, 0x20, 0x55, 0x2b, 0x66,
  0x38, 0x35, 0x30, 0x0d, 0x0a, 0x49, 0x43, 0x4f, 0x4e, 0x5f, 0x46, 0x41,
  0x5f, 0x42, 0x4f, 0x52, 0x44, 0x45, 0x52, 0x5f, 0x54, 0x4f, 0x50, 0x5f,
  0x4c, 0x45, 0x46, 0x54, 0x20, 0x3d, 0x20, 0x22, 0x5c, 0x78, 0x65, 0x66,
  0x5c, 0x78, 0x61, 0x31, 0x5c, 0x78, 0x39, 0x33, 0x22, 0x09, 0x2d, 0x2d,
  0x20, 0x55, 0x2b, 0x66, 0x38, 0x35, 0x33, 0x0d, 0x0a, 0x49, 0x43, 0x4f,
  0x4e, 0x5f, 0x46, 0x41, 0x5f, 0x42, 0x4f, 0x52, 0x45, 0x5f, 0x48, 0x4f,
  0x4c, 0x45, 0x20, 0x3d, 0x20, 0x22, 0x5c, 0x78, 0x65, 0x65, 0x5c, 0x78,
  0x39, 0x33, 0x5c, 0x78, 0x38, 0x33, 0x22, 0x09, 0x2d, 0x2d, 0x20, 0x55,
  0x2b, 0x65, 0x34, 0x63, 0x33, 0x0d, 0x0a, 0x49, 0x43, 0x4f, 0x4e, 0x5f,
  0x46, 0x41, 0x5f, 0x42, 0x4f, 0x54, 0x54, 0x4c, 0x45, 0x5f, 0x44, 0x52,
  0x4f, 0x50, 0x4c, 0x45, 0x54, 0x20, 0x3d, 0x20, 0x22, 0x5c, 0x78, 0x65,
  0x65, 0x5c, 0x78, 0x39, 0x33, 0x5c, 0x78, 0x38, 0x34, 0x22, 0x09, 0x2d,
  0x2d, 0x20, 0x55, 0x2b, 0x65, 0x34, 0x63, 0x34, 0x0d, 0x0a, 0x49, 0x43,
  0x4f, 0x4e, 0x5f, 0x46, 0x41, 0x5f, 0x42, 0x4f, 0x54, 0x54, 0x4c, 0x45,
  0x5f, 0x57, 0x41, 0x54, 0x45, 0x52, 0x20, 0x3d, 0x20, 0x22, 0x5c, 0x78,
  0x65, 0x65, 0x5c, 0x78, 0x39, 0x33, 0x5c, 0x78, 0x38, 0x35, 0x22, 0x09,
  0x2d, 0x2d, 0x20, 0x55, 0x2b, 0x65, 0x34, 0x63, 0x35, 0x0d, 0x0a, 0x49,
  0x43, 0x4f, 0x4e, 0x5f, 0x46, 0x41, 0x5f, 0x42, 0x4f, 0x57, 0x4c, 0x5f,
  0x46, 0x4f, 0x4f, 0x44, 0x20, 0x3d, 0x20, 0x22, 0x5c, 0x78, 0x65, 0x65,
  0x5c, 0x78, 0x39, 0x33, 0x5c, 0x78, 0x38, 0x36, 0x22, 0x09, 0x2d, 0x2d,
  0x20, 0x55, 0x2b, 0x65, 0x34, 0x63, 0x36, 0x0d, 0x0a, 0x49, 0x43, 0x4f,
  0x4e, 0x5f, 0x46, 0x41, 0x5f, 0x42, 0x4f, 0x57, 0x4c, 0x5f, 0x52, 0x49,
  0x43, 0x45, 0x20, 0x3d, 0x20, 0x22, 0x5c, 0x78, 0x65, 0x65, 0x5c, 0x78,
  0x38, 0x62, 0x5c, 0x78, 0x61, 0x62, 0x22, 0x09, 0x2d, 0x2d, 0x20, 0x55,
  0x2b, 0x65, 0x32, 0x65, 0x62, 0x0d, 0x0a, 0x49, 0x43, 0x4f, 0x4e, 0x5f,
  0x46, 0x41, 0x5f, 0x42, 0x4f, 0x57, 0x4c, 0x49, 0x4e, 0x47, 0x5f, 0x42,
  0x41, 0x4c, 0x4c, 0x20, 0x3d, 0x20, 0x22, 0x5c, 0x78, 0x65, 0x66, 0x5c,
  0x78, 0x39, 0x30, 0x5c, 0x78, 0x62, 0x36, 0x22, 0x09, 0x2d, 0x2d, 0x20,
  0x55, 0x2b, 0x66, 0x34, 0x33, 0x36, 0x0d, 0x0a, 0x49, 0x43, 0x4f, 0x4e,
  0x5f, 0x46, 0x41, 0x5f, 0x42, 0x4f, 0x58, 0x20, 0x3d, 0x20, 0x22, 0x5c,
  0x78, 0x65, 0x66, 0x5c, 0x78, 0x39, 0x31, 0x5c, 0x78, 0x61, 0x36, 0x22,
  0x09, 0x2d, 0x2d, 0x20, 0x55, 0x2b, 0x66, 0x34, 0x36, 0x36, 0x0d, 0x0a,
  0x49, 0x43, 0x4f, 0x4e, 0x5f, 0x46, 0x41, 0x5f, 0x42, 0x4f, 0x58, 0x5f,
  0x41, 0x52, 0x43, 0x48, 0x49, 0x56, 0x45, 0x20, 0x3d, 0x20, 0x22, 0x5c,
  0x78, 0x65, 0x66, 0x5c, 0x78, 0x38, 0x36, 0x5c, 0x78, 0x38, 0x37, 0x22,
  0x09, 0x2d, 0x2d, 0x20, 0x55, 0x2b, 0x66, 0x31, 0x38, 0x37, 0x0d, 0x0a,
  0x49, 0x43, 0x4f, 0x4e, 0x5f, 0x46, 0x41, 0x5f, 0x42, 0x4f, 0x58, 0x5f,
  0x4f, 0x50, 0x45, 0x4e, 0x20, 0x3d, 0x20, 0x22, 0x5c, 0x78, 0x65, 0x66,
  0x5c, 0x78, 0x39, 0x32, 0x5c, 0x78, 0x39, 0x65, 0x22, 0x09, 0x2d, 0x2d,
  0x20, 0x55, 0x2b, 0x66, 0x34, 0x39, 0x65, 0x0d, 0x0a, 0x49, 0x43, 0x4f,
  0x4e, 0x5f, 0x46, 0x41, 0x5f, 0x42, 0x4f, 0x58, 0x5f, 0x54, 0x49, 0x53,
  0x53, 0x55, 0x45, 0x20, 0x3d, 0x20, 0x22, 0x5c, 0x78, 0x65, 0x65, 0x5c,
  0x78, 0x38, 0x31, 0x5c, 0x78, 0x39, 0x62, 0x22, 0x09, 0x2d, 0x2d, 0x20,
  0x55, 0x2b, 0x65, 0x30, 0x35, 0x62, 0x0d, 0x0a, 0x49, 0x43, 0x4f, 0x4e,
  0x5f, 0x46, 0x41, 0x5f, 0x42, 0x4f, 0x58, 0x45, 0x53, 0x5f, 0x50, 0x41,
  0x43, 0x4b, 0x49, 0x4e, 0x47, 0x20, 0x3d, 0x20, 0x22, 0x5c, 0x78, 0x65,
  0x65, 0x5c, 0x78, 0x39, 0x33, 0x5c, 0x78, 0x38, 0x37, 0x22, 0x09, 0x2d,
  0x2d, 0x20, 0x55, 0x2b, 0x65, 0x34, 0x63, 0x37, 0x0d, 0x0a, 0x49, 0x43,
  0x4f, 0x4e, 0x5f, 0x46, 0x41, 0x5f, 0x42, 0x4f, 0x58, 0x45, 0x53, 0x5f,
  0x53, 0x54, 0x41, 0x43, 0x4b, 0x45, 0x44, 0x20, 0x3d, 0x20, 0x22, 0x5c,
  0x78, 0x65, 0x66, 0x5c, 0x78, 0x39, 0x31, 0x5c, 0x78, 0x61, 0x38, 0x22,
  0x09, 0x2d, 0x2d, 0x20, 0x55, 0x2b, 0x66, 0x34, 0x36, 0x38, 0x0d, 0x0a,
  0x49, 0x43, 0x4f, 0x4e, 0x5f, 0x46, 0x41, 0x5f, 0x42, 0x52, 0x41, 0x49,
  0x4c, 0x4c, 0x45, 0x20, 0x3d, 0x20, 0x22, 0x5c, 0x78, 0x65, 0x66, 0x5c,
  0x78, 0x38, 0x61, 0x5c, 0x78, 0x61, 0x31, 0x22, 0x09, 0x2d, 0x2d, 0x20,
  0x55, 0x2b, 0x66, 0x32, 0x61, 0x31, 0x0d, 0x0a, 0x49, 0x43, 0x4f, 0x4e,
  0x5f, 0x46, 0x41, 0x5f, 0x42, 0x52, 0x41, 0x49, 0x4e, 0x20, 0x3d, 0x20,
  0x22, 0x5c, 0x78, 0x65, 0x66, 0x5c, 0x78, 0x39, 0x37, 0x5c, 0x78, 0x39,
  0x63, 0x22, 0x09, 0x2d, 0x2d, 0x20, 0x55, 0x2b, 0x66, 0x35, 0x64, 0x63,
  0x0d, 0x0a, 0x49, 0x43, 0x4f, 0x4e, 0x5f, 0x46, 0x41, 0x5f, 0x42, 0x52,
  0x41, 0x5a, 0x49, 0x4c, 0x49, 0x41, 0x4e, 0x5f, 0x52, 0x45, 0x41, 0x4c,
  0x5f, 0x53, 0x49, 0x47, 0x4e, 0x20, 0x3d, 0x20, 0x22, 0x5c, 0x78, 0x65,
  0x65, 0x5c, 0x78, 0x39, 0x31, 0x5c, 0x78, 0x61, 0x63, 0x22, 0x09, 0x2d,
  0x2d, 0x20, 0x55, 0x2b, 0x65, 0x34, 0x36, 0x63, 0x0d, 0x0a, 0x49, 0x43,
  0x4f, 0x4e, 0x5f, 0x46, 0x41, 0x5f, 0x42, 0x52, 0x45, 0x41, 0x44, 0x5f,
  0x53, 0x4c, 0x49, 0x43, 0x45, 0x20, 0x3d, 0x20, 0x22, 0x5c, 0x78, 0x65,
  0x66, 0x5c, 0x78, 0x39, 0x66, 0x5c, 0x78, 0x61, 0x63, 0x22, 0x09, 0x2d,
  0x2d, 0x20, 0x55, 0x2b, 0x66, 0x37, 0x65, 0x63, 0x0d, 0x0a, 0x49, 0x43,
  0x4f, 0x4e, 0x5f, 0x46, 0x41, 0x5f, 0x42, 0x52, 0x49, 0x44, 0x47, 0x45,
  0x20, 0x3d, 0x20, 0x22, 0x5c, 0x78, 0x65, 0x65, 0x5c, 0x78, 0x39, 0x33,
  0x5c, 0x78, 0x38, 0x38, 0x22, 0x09, 0x2d, 0x2d, 0x20, 0x55, 0x2b, 0x65,
  0x34, 0x63, 0x38, 0x0d, 0x0a, 0x49, 0x43, 0x4f, 0x4e, 0x5f, 0x46, 0x41,
  0x5f, 0x42, 0x52, 0x49, 0x44, 0x47, 0x45, 0x5f, 0x43, 0x49, 0x52, 0x43,
  0x4c, 0x45, 0x5f, 0x43, 0x48, 0x45, 0x43, 0x4b, 0x20, 0x3d, 0x20, 0x22,
  0x5c, 0x78, 0x65, 0x65, 0x5c, 0x78, 0x39, 0x33, 0x5c, 0x78, 0x38, 0x39,
  0x22, 0x09, 0x2d, 0x2d, 0x20, 0x55, 0x2b, 0x65, 0x34, 0x63, 0x39, 0x0d,
  0x0a, 0x49, 0x43, 0x4f, 0x4e, 0x5f, 0x46, 0x41, 0x5f, 0x42, 0x52, 0x49,
  0x44, 0x47, 0x45, 0x5f, 0x43, 0x49, 0x52, 0x43, 0x4c, 0x45, 0x5f, 0x45,
  0x58, 0x43, 0x4c, 0x41, 0x4d, 0x41, 0x54, 0x49, 0x4f, 0x4e, 0x20, 0x3d,
  0x20, 0x22, 0x5c, 0x78, 0x65, 0x65, 0x5c, 0x78, 0x39, 0x33, 0x5c, 0x78,
  0x38, 0x61, 0x22, 0x09, 0x2d, 0x2d, 0x20, 0x55, 0x2b, 0x65, 0x34, 0x63,
  0x61, 0x0d, 0x0a, 0x49, 0x43, 0x4f, 0x4e, 0x5f, 0x46, 0x41, 0x5f, 0x42,
  0x52, 0x49, 0x44, 0x47, 0x45, 0x5f, 0x43, 0x49, 0x52, 0x43, 0x4c, 0x45,
  0x5f, 0x58, 0x4d, 0x41, 0x52, 0x4b, 0x20, 0x3d, 0x20, 0x22, 0x5c, 0x78,
  0x65, 0x65, 0x5c, 0x78, 0x39, 0x33, 0x5c, 0x78, 0x38, 0x62, 0x22, 0x09,
  0x2d, 0x2d, 0x20, 0x55, 0x2b, 0x65, 0x34, 0x63, 0x62, 0x0d, 0x0a, 0x49,
  0x43, 0x4f, 0x4e, 0x5f, 0x46, 0x41, 0x5f, 0x42, 0x52, 0x49, 0x44, 0x47,
  0x45, 0x5f, 0x4c, 0x4f, 0x43, 0x4b, 0x20, 0x3d, 0x20, 0x22, 0x5c, 0x78,
  0x65, 0x65, 0x5c, 0x78, 0x39, 0x33, 0x5c, 0x78, 0x38, 0x63, 0x22, 0x09,
  0x2d, 0x2d, 0x20, 0x55, 0x2b, 0x65, 0x34, 0x63, 0x63, 0x0d, 0x0a, 0x49,
  0x43, 0x4f, 0x4e, 0x5f, 0x46, 0x41, 0x5f, 0x42, 0x52, 0x49, 0x44, 0x47,
  0x45, 0x5f, 0x57, 0x41, 0x54, 0x45, 0x52, 0x20, 0x3d, 0x20, 0x22, 0x5c,
  0x78, 0x65, 0x65, 0x5c, 0x78, 0x39, 0x33, 0x5c, 0x78, 0x38, 0x65, 0x22,
  0x09, 0x2d, 0x2d, 0x20, 0x55, 0x2b, 0x65, 0x34, 0x63, 0x65, 0x0d, 0x0a,
  0x49, 0x43, 0x4f, 0x4e, 0x5f, 0x46, 0x41, 0x5f, 0x42, 0x52, 0x49, 0x45,
  0x46, 0x43, 0x41, 0x53, 0x45, 0x20, 0x3d, 0x20, 0x22, 0x5c, 0x78, 0x65,
  0x66, 0x5c, 0x78, 0x38, 0x32, 0x5c, 0x78, 0x62, 0x31, 0x22, 0x09, 0x2d,
  0x2d, 0x20, 0x55, 0x2b, 0x66, 0x30, 0x62, 0x31, 0x0d, 0x0a, 0x49, 0x43,
  0x4f, 0x4e, 0x5f, 0x46, 0x41, 0x5f, 0x42, 0x52, 0x49, 0x45, 0x46, 0x43,
  0x41, 0x53, 0x45, 0x5f, 0x4d, 0x45, 0x44, 0x49, 0x43, 0x41, 0x4c, 0x20,
  0x3d, 0x20, 0x22, 0x5c, 0x78, 0x65, 0x66, 0x5c, 0x78, 0x39, 0x31, 0x5c,
  0x78, 0x61, 0x39, 0x22, 0x09, 0x2d, 0x2d, 0x20, 0x55, 0x2b, 0x66, 0x34,
  0x36, 0x39, 0x0d, 0x0a, 0x49, 0x43, 0x4f, 0x4e, 0x5f, 0x46, 0x41, 0x5f,
  0x42, 0x52, 0x4f, 0x4f, 0x4d, 0x20, 0x3d, 0x20, 0x22, 0x5c, 0x78, 0x65,
  0x66, 0x5c, 0x78, 0x39, 0x34, 0x5c, 0x78, 0x39, 0x61, 0x22, 0x09, 0x2d,
  0x2d, 0x20, 0x55, 0x2b, 0x66, 0x35, 0x31, 0x61, 0x0d, 0x0a, 0x49, 0x43,
  0x4f, 0x4e, 0x5f, 0x46, 0x41, 0x5f, 0x42, 0x52, 0x4f, 0x4f, 0x4d, 0x5f,
  0x42, 0x41, 0x4c, 0x4c, 0x20, 0x3d, 0x20, 0x22, 0x5c, 0x78, 0x65, 0x66,
  0x5c, 0x78, 0x39, 0x31, 0x5c, 0x78, 0x39, 0x38, 0x22, 0x09, 0x2d, 0x2d,
  0x20, 0x55, 0x2b, 0x66, 0x34, 0x35, 0x38, 0x0d, 0x0a, 0x49, 0x43, 0x4f,
  0x4e, 0x5f, 0x46, 0x41, 0x5f, 0x42, 0x52, 0x55, 0x53, 0x48, 0x20, 0x3d,
  0x20, 0x22, 0x5c, 0x78, 0x65, 0x66, 0x5c, 0x78, 0x39, 0x35, 0x5c, 0x78,
  0x39, 0x64, 0x22, 0x09, 0x2d, 0x2d, 0x20, 0x55, 0x2b, 0x66, 0x35, 0x35,
  0x64, 0x0d, 0x0a, 0x49, 0x43, 0x4f, 0x4e, 0x5f, 0x46, 0x41, 0x5f, 0x42,
  0x55, 0x43, 0x4b, 0x45, 0x54, 0x20, 0x3d, 0x20, 0x22, 0x5c, 0x78, 0x65,
  0x65, 0x5c, 0x78, 0x39, 0x33, 0x5c, 0x78, 0x38, 0x66, 0x22, 0x09, 0x2d,
  0x2d, 0x20, 0x55, 0x2b, 0x65, 0x34, 0x63, 0x66, 0x0d, 0x0a, 0x49, 0x43,
  0x4f, 0x4e, 0x5f, 0x46, 0x41, 0x5f, 0x42, 0x55, 0x47, 0x20, 0x3d, 0x20,
  0x22, 0x5c, 0x78, 0x65, 0x66, 0x5c, 0x78, 0x38, 0x36, 0x5c, 0x78, 0x38,
  0x38, 0x22, 0x09, 0x2d, 0x2d, 0x20, 0x55, 0x2b, 0x66, 0x31, 0x38, 0x38,
  0x0d, 0x0a, 0x49, 0x43, 0x4f, 0x4e, 0x5f, 0x46, 0x41, 0x5f, 0x42, 0x55,
  0x47, 0x5f, 0x53, 0x4c, 0x41, 0x53, 0x48, 0x20, 0x3d, 0x20, 0x22, 0x5c,
  0x78, 0x65, 0x65, 0x5c, 0x78, 0x39, 0x32, 0x5c, 0x78, 0x39, 0x30, 0x22,
  0x09, 0x2d, 0x2d, 0x20, 0x55, 0x2b, 0x65, 0x34, 0x39, 0x30, 0x0d, 0x0a,
  0x49, 0x43, 0x4f, 0x4e, 0x5f, 0x46, 0x41, 0x5f, 0x42, 0x55, 0x47, 0x53,
  0x20, 0x3d, 0x20, 0x22, 0x5c, 0x78, 0x65, 0x65, 0x5c, 0x78, 0x39, 0x33,
  0x5c, 0x78, 0x39, 0x30, 0x22, 0x09, 0x2d, 0x2d, 0x20, 0x55, 0x2b, 0x65,
  0x34, 0x64, 0x30, 0x0d, 0x0a, 0x49, 0x43, 0x4f, 0x4e, 0x5f, 0x46, 0x41,
  0x5f, 0x42, 0x55, 0x49, 0x4c, 0x44, 0x49, 0x4e, 0x47, 0x20, 0x3d, 0x20,
  0x22, 0x5c, 0x78, 0x65, 0x66, 0x5c, 0x78, 0x38, 0x36, 0x5c, 0x78, 0x61,
  0x64, 0x22, 0x09, 0x2d, 0x2d, 0x20, 0x55, 0x2b, 0x66, 0x31, 0x61, 0x64,
  0x0d, 0x0a, 0x49, 0x43, 0x4f, 0x4e, 0x5f, 0x46, 0x41, 0x5f, 0x42, 0x55,
  0x49, 0x4c, 0x44, 0x49, 0x4e, 0x47, 0x5f, 0x43, 0x49, 0x52, 0x43, 0x4c,
  0x45, 0x5f, 0x41, 0x52, 0x52, 0x4f, 0x57, 0x5f, 0x52, 0x49, 0x47, 0x48,
  0x54, 0x20, 0x3d, 0x20, 0x22, 0x5c, 0x78, 0x65, 0x65, 0x5c, 0x78, 0x39,
  0x33, 0x5c, 0x78, 0x39, 0x31, 0x22, 0x09, 0x2d, 0x2d, 0x20, 0x55, 0x2b,
  0x65, 0x34, 0x64, 0x31, 0x0d, 0x0a, 0x49, 0x43, 0x4f, 0x4e, 0x5f, 0x46,
  0x41, 0x5f, 0x42, 0x55, 0x49, 0x4c, 0x44, 0x49, 0x4e, 0x47, 0x5f, 0x43,
  0x49, 0x52, 0x43, 0x4c, 0x45, 0x5f, 0x43, 0x48, 0x45, 0x43, 0x4b, 0x20,
  0x3d, 0x20, 0x22, 0x5c, 0x78, 0x65, 0x65, 0x5c, 0x78, 0x39, 0x33, 0x5c,
  0x78, 0x39, 0x32, 0x22, 0x09, 0x2d, 0x2d, 0x20, 0x55, 0x2b, 0x65, 0x34,
  0x64, 0x32, 0x0d, 0x0a, 0x49, 0x43, 0x4f, 0x4e, 0x5f, 0x46, 0x41, 0x5f,
  0x42, 0x55, 0x49, 0x4c, 0x44, 0x49, 0x4e, 0x47, 0x5f, 0x43, 0x49, 0x52,
  0x43, 0x4c, 0x45, 0x5f, 0x45, 0x58, 0x43, 0x4c, 0x41, 0x4d, 0x41, 0x54,
  0x49, 0x4f, 0x4e, 0x20, 0x3d, 0x20, 0x22, 0x5c, 0x78, 0x65, 0x65, 0x5c,
  0x78, 0x39, 0x33, 0x5c, 0x78, 0x39, 0x33, 0x22, 0x09, 0x2d, 0x2d, 0x20,
  0x55, 0x2b, 0x65, 0x34, 0x64, 0x33, 0x0d, 0x0a, 0x49, 0x43, 0x4f, 0x4e,
  0x5f, 0x46, 0x41, 0x5f, 0x42, 0x55, 0x49, 0x4c, 0x44, 0x49, 0x4e, 0x47,
  0x5f, 0x43, 0x49, 0x52, 0x43, 0x4c, 0x45, 0x5f, 0x58, 0x4d, 0x41, 0x52,
  0x4b, 0x20, 0x3d, 0x20, 0x22, 0x5c, 0x78, 0x65, 0x65, 0x5c, 0x78, 0x39,
  0x33, 0x5c, 0x78, 0x39, 0x34, 0x22, 0x09, 0x2d, 0x2d, 0x20, 0x55, 0x2b,
  0x65, 0x34, 0x64, 0x34, 0x0d, 0x0a, 0x49, 0x43, 0x4f, 0x4e, 0x5f, 0x46,
  0x41, 0x5f, 0x42, 0x55, 0x49, 0x4c, 0x44, 0x49, 0x4e, 0x47, 0x5f, 0x43,
  0x4f, 0x4c, 0x55, 0x4d, 0x4e, 0x53, 0x20, 0x3d, 0x20, 0x22, 0x5c, 0x78,
  0x65, 0x66, 0x5c, 0x78, 0x38, 0x36, 0x5c, 0x78, 0x39, 0x63, 0x22, 0x09,
  0x2d, 0x2d, 0x20, 0x55, 0x2b, 0x66, 0x31, 0x39, 0x63, 0x0d, 0x0a, 0x49,
  0x43, 0x4f, 0x4e, 0x5f, 0x46, 0x41, 0x5f, 0x42, 0x55, 0x49, 0x4c, 0x44,
  0x49, 0x4e, 0x47, 0x5f, 0x46, 0x4c, 0x41, 0x47, 0x20, 0x3d, 0x20, 0x22,
  0x5c, 0x78, 0x65, 0x65, 0x5c, 0x78, 0x39, 0x33, 0x5c, 0x78, 0x39, 0x35,
  0x22, 0x09, 0x2d, 0x2d, 0x20, 0x55, 0x2b, 0x65, 0x34, 0x64, 0x35, 0x0d,
  0x0a, 0x49, 0x43, 0x4f, 0x4e, 0x5f, 0x46, 0x41, 0x5f, 0x42, 0x55, 0x49,
  0x4c, 0x44, 0x49, 0x4e, 0x47, 0x5f, 0x4c, 0x4f, 0x43, 0x4b, 0x20, 0x3d,
  0x20, 0x22, 0x5c, 0x78, 0x65, 0x65, 0x5c, 0x78, 0x39, 0x33, 0x5c, 0x78,
  0x39, 0x36, 0x22, 0x09, 0x2d, 0x2d, 0x20, 0x55, 0x2b, 0x65, 0x34, 0x64,
  0x36, 0x0d, 0x0a, 0x49, 0x43, 0x4f, 0x4e, 0x5f, 0x46, 0x41, 0x5f, 0x42,
  0x55, 0x49, 0x4c, 0x44, 0x49, 0x4e, 0x47, 0x5f, 0x4e, 0x47, 0x4f, 0x20,
  0x3d, 0x20, 0x22, 0x5c, 0x78, 0x65, 0x65, 0x5c, 0x78, 0x39, 0x33, 0x5c,
  0x78, 0x39, 0x37, 0x22, 0x09, 0x2d, 0x2d, 0x20, 0x55, 0x2b, 0x65, 0x34,
  0x64, 0x37, 0x0d, 0x0a, 0x49, 0x43, 0x4f, 0x4e, 0x5f, 0x46, 0x41, 0x5f,
  0x42, 0x55, 0x49, 0x4c, 0x44, 0x49, 0x4e, 0x47, 0x5f, 0x53, 0x48, 0x49,
  0x45, 0x4c, 0x44, 0x20, 0x3d, 0x20, 0x22, 0x5c, 0x78, 0x65, 0x65, 0x5c,
  0x78, 0x39, 0x33, 0x5c, 0x78, 0x39, 0x38, 0x22, 0x09, 0x2d, 0x2d, 0x20,
  0x55, 0x2b, 0x65, 0x34, 0x64, 0x38, 0x0d, 0x0a, 0x49, 0x43, 0x4f, 0x4e,
  0x5f, 0x46, 0x41, 0x5f, 0x42, 0x55, 0x49, 0x4c, 0x44, 0x49, 0x4e, 0x47,
  0x5f, 0x55, 0x4e, 0x20, 0x3d, 0x20, 0x22, 0x5c, 0x78, 0x65, 0x65, 0x5c,
  0x78, 0x39, 0x33, 0x5c, 0x78, 0x39, 0x39, 0x22, 0x09, 0x2d, 0x2d, 0x20,
  0x55, 0x2b, 0x65, 0x34, 0x64, 0x39, 0x0d, 0x0a, 0x49, 0x43, 0x4f, 0x4e,
  0x5f, 0x46, 0x41, 0x5f, 0x42, 0x55, 0x49, 0x4c, 0x44, 0x49, 0x4e, 0x47,
  0x5f, 0x55, 0x53, 0x45, 0x52, 0x20, 0x3d, 0x20, 0x22, 0x5c, 0x78, 0x65,
  0x65, 0x5c, 0x78, 0x39, 0x33, 0x5c, 0x78, 0x39, 0x61, 0x22, 0x09, 0x2d,
  0x2d, 0x20, 0x55, 0x2b, 0x65, 0x34, 0x64, 0x61, 0x0d, 0x0a, 0x49, 0x43,
  0x4f, 0x4e, 0x5f, 0x46, 0x41, 0x5f, 0x42, 0x55, 0x49, 0x4c, 0x44, 0x49,
  0x4e, 0x47, 0x5f, 0x57, 0x48, 0x45, 0x41, 0x54, 0x20, 0x3d, 0x20, 0x22,
  0x5c, 0x78, 0x65, 0x65, 0x5c, 0x78, 0x39, 0x33, 0x5c, 0x78, 0x39, 0x62,
  0x22, 0x09, 0x2d, 0x2d, 0x20, 0x55, 0x2b, 0x65, 0x34, 0x64, 0x62, 0x0d,
  0x0a, 0x49, 0x43, 0x4f, 0x4e, 0x5f, 0x46, 0x41, 0x5f, 0x42, 0x55, 0x4c,
  0x4c, 0x48, 0x4f, 0x52, 0x4e, 0x20, 0x3d, 0x20, 0x22, 0x5c, 0x78, 0x65,
  0x66, 0x5c, 0x78, 0x38, 0x32, 0x5c, 0x78, 0x61, 0x31, 0x22, 0x09, 0x2d,
  0x2d, 0x20, 0x55, 0x2b, 0x66, 0x30, 0x61, 0x31, 0x0d, 0x0a, 0x49, 0x43,
  0x4f, 0x4e, 0x5f, 0x46, 0x41, 0x5f, 0x42, 0x55, 0x4c, 0x4c, 0x53, 0x45,
  0x59, 0x45, 0x20, 0x3d, 0x20, 0x22, 0x5c, 0x78, 0x65, 0x66, 0x5c, 0x78,
  0x38, 0x35, 0x5c, 0x78, 0x38, 0x30, 0x22, 0x09, 0x2d, 0x2d, 0x20, 0x55,
  0x2b, 0x66, 0x31, 0x34, 0x30, 0x0d, 0x0a, 0x49, 0x43, 0x4f, 0x4e, 0x5f,
  0x46, 0x41, 0x5f, 0x42, 0x55, 0x52, 0x47, 0x45, 0x52, 0x20, 0x3d, 0x20,
  0x22, 0x5c, 0x78, 0x65, 0x66, 0x5c, 0x78, 0x61, 0x30, 0x5c, 0x78, 0x38,
  0x35, 0x22, 0x09, 0x2d, 0x2d, 0x20, 0x55, 0x2b, 0x66, 0x38, 0x30, 0x35,
  0x0d, 0x0a, 0x49, 0x43, 0x4f, 0x4e, 0x5f, 0x46, 0x41, 0x5f, 0x42, 0x55,
  0x52, 0x53, 0x54, 0x20, 0x3d, 0x20, 0x22, 0x5c, 0x78, 0x65, 0x65, 0x5c,
  0x78, 0x39, 0x33, 0x5c, 0x78, 0x39, 0x63, 0x22, 0x09, 0x2d, 0x2d, 0x20,
  0x55, 0x2b, 0x65, 0x34, 0x64, 0x63, 0x0d, 0x0a, 0x49, 0x43, 0x4f, 0x4e,
  0x5f, 0x46, 0x41, 0x5f, 0x42, 0x55, 0x53, 0x20, 0x3d, 0x20, 0x22, 0x5c,
  0x78, 0x65, 0x66, 0x5c, 0x78, 0x38, 0x38, 0x5c, 0x78, 0x38, 0x37, 0x22,
  0x09, 0x2d, 0x2d, 0x20, 0x55, 0x2b, 0x66, 0x32, 0x30, 0x37, 0x0d, 0x0a,
  0x49, 0x43, 0x4f, 0x4e, 0x5f, 0x46, 0x41, 0x5f, 0x42, 0x55, 0x53, 0x5f,
  0x53, 0x49, 0x44, 0x45, 0x20, 0x3d, 0x20, 0x22, 0x5c, 0x78, 0x65, 0x65,
  0x5c, 0x78, 0x61, 0x30, 0x5c, 0x78, 0x39, 0x64, 0x22, 0x09, 0x2d, 0x2d,
  0x20, 0x55, 0x2b, 0x65, 0x38, 0x31, 0x64, 0x0d, 0x0a, 0x49, 0x43, 0x4f,
  0x4e, 0x5f, 0x46, 0x41, 0x5f, 0x42, 0x55, 0x53, 0x5f, 0x53, 0x49, 0x4d,
  0x50, 0x4c, 0x45, 0x20, 0x3d, 0x20, 0x22, 0x5c, 0x78, 0x65, 0x66, 0x5c,
  0x78, 0x39, 0x35, 0x5c, 0x78, 0x39, 0x65, 0x22, 0x09, 0x2d, 0x2d, 0x20,
  0x55, 0x2b, 0x66, 0x35, 0x35, 0x65, 0x0d, 0x0a, 0x49, 0x43, 0x4f, 0x4e,
  0x5f, 0x46, 0x41, 0x5f, 0x42, 0x55, 0x53, 0x49, 0x4e, 0x45, 0x53, 0x53,
  0x5f, 0x54, 0x49, 0x4d, 0x45, 0x20, 0x3d, 0x20, 0x22, 0x5c, 0x78, 0x65,
  0x66, 0x5c, 0x78, 0x39, 0x39, 0x5c, 0x78, 0x38, 0x61, 0x22, 0x09, 0x2d,
  0x2d, 0x20, 0x55, 0x2b, 0x66, 0x36, 0x34, 0x61, 0x0d, 0x0a, 0x49, 0x43,
  0x4f, 0x4e, 0x5f, 0x46, 0x41, 0x5f, 0x43, 0x20, 0x3d, 0x20, 0x22, 0x43,
  0x22, 0x09, 0x2d, 0x2d, 0x20, 0x55, 0x2b, 0x30, 0x30, 0x34, 0x33, 0x0d,
  0x0a, 0x49, 0x43, 0x4f, 0x4e, 0x5f, 0x46, 0x41, 0x5f, 0x43, 0x41, 0x42,
  0x4c, 0x45, 0x5f, 0x43, 0x41, 0x52, 0x20, 0x3d, 0x20, 0x22, 0x5c, 0x78,
  0x65, 0x66, 0x5c, 0x78, 0x39, 0x66, 0x5c, 0x78, 0x39, 0x61, 0x22, 0x09,
  0x2d, 0x2d, 0x20, 0x55, 0x2b, 0x66, 0x37, 0x64, 0x61, 0x0d, 0x0a, 0x49,
  0x43, 0x4f, 0x4e, 0x5f, 0x46, 0x41, 0x5f, 0x43, 0x41, 0x4b, 0x45, 0x5f,
  0x43, 0x41, 0x4e, 0x44, 0x4c, 0x45, 0x53, 0x20, 0x3d, 0x20, 0x22, 0x5c,
  0x78, 0x65, 0x66, 0x5c, 0x78, 0x38, 0x37, 0x5c, 0x78, 0x62, 0x64, 0x22,
  0x09, 0x2d, 0x2d, 0x20, 0x55, 0x2b, 0x66, 0x31, 0x66, 0x64, 0x0d, 0x0a,
  0x49, 0x43, 0x4f, 0x4e, 0x5f, 0x46, 0x41, 0x5f, 0x43, 0x41, 0x4c, 0x43,
  0x55, 0x4c, 0x41, 0x54, 0x4f, 0x52, 0x20, 0x3d, 0x20, 0x22, 0x5c, 0x78,
  0x65, 0x66, 0x5c, 0x78, 0x38, 0x37, 0x5c, 0x78, 0x61, 0x63, 0x22, 0x09,
  0x2d, 0x2d, 0x20, 0x55, 0x2b, 0x66, 0x31, 0x65, 0x63, 0x0d, 0x0a, 0x49,
  0x43, 0x4f, 0x4e, 0x5f, 0x46, 0x41, 0x5f, 0x43, 0x41, 0x4c, 0x45, 0x4e,
  0x44, 0x41, 0x52, 0x20, 0x3d, 0x20, 0x22, 0x5c, 0x78, 0x65, 0x66, 0x5c,
  0x78, 0x38, 0x34, 0x5c, 0x78, 0x62, 0x33, 0x22, 0x09, 0x2d, 0x2d, 0x20,
  0x55, 0x2b, 0x66, 0x31, 0x33, 0x33, 0x0d, 0x0a, 0x49, 0x43, 0x4f, 0x4e,
  0x5f, 0x46, 0x41, 0x5f, 0x43, 0x41, 0x4c, 0x45, 0x4e, 0x44, 0x41, 0x52,
  0x5f, 0x43, 0x48, 0x45, 0x43, 0x4b, 0x20, 0x3d, 0x20, 0x22, 0x5c, 0x78,
  0x65, 0x66, 0x5c, 0x78, 0x38, 0x39, 0x5c, 0x78, 0x62, 0x34, 0x22, 0x09,
  0x2d, 0x2d, 0x20, 0x55, 0x2b, 0x66, 0x32, 0x37, 0x34, 0x0d, 0x0a, 0x49,
  0x43, 0x4f, 0x4e, 0x5f, 0x46, 0x41, 0x5f, 0x43, 0x41, 0x4c, 0x45, 0x4e,
  0x44, 0x41, 0x52, 0x5f, 0x44, 0x41, 0x59, 0x20, 0x3d, 0x20, 0x22, 0x5c,
  0x78, 0x65, 0x66, 0x5c, 0x78, 0x39, 0x65, 0x5c, 0x78, 0x38, 0x33, 0x22,
  0x09, 0x2d, 0x2d, 0x20, 0x55, 0x2b, 0x66, 0x37, 0x38, 0x33, 0x0d, 0x0a,
  0x49, 0x43, 0x4f, 0x4e, 0x5f, 0x46, 0x41, 0x5f, 0x43, 0x41, 0x4c, 0x45,
  0x4e, 0x44, 0x41, 0x52, 0x5f, 0x44, 0x41, 0x59, 0x53, 0x20, 0x3d, 0x20,
  0x22, 0x5c, 0x78, 0x65, 0x66, 0x5c, 0x78, 0x38, 0x31, 0x5c, 0x78, 0x62,
  0x33, 0x22, 0x09, 0x2d, 0x2d, 0x20, 0x55, 0x2b, 0x66, 0x30, 0x37, 0x33,
  0x0d, 0x0a, 0x49, 0x43, 0x4f, 0x4e, 0x5f, 0x46, 0x41, 0x5f, 0x43, 0x41,
  0x4c, 0x45, 0x4e, 0x44, 0x41, 0x52, 0x5f, 0x4d, 0x49, 0x4e, 0x55, 0x53,
  0x20, 0x3d, 0x20, 0x22, 0x5c, 0x78, 0x65, 0x66, 0x5c, 0x78, 0x38, 0x39,
  0x5c, 0x78, 0x62, 0x32, 0x22, 0x09, 0x2d, 0x2d, 0x20, 0x55, 0x2b, 0x66,
  0x32, 0x37, 0x32, 0x0d, 0x0a, 0x49, 0x43, 0x4f, 0x4e, 0x5f, 0x46, 0x41,
  0x5f, 0x43, 0x41, 0x4c, 0x45, 0x4e, 0x44, 0x41, 0x52, 0x5f, 0x50, 0x4c,
  0x55, 0x53, 0x20, 0x3d, 0x20, 0x22, 0x5c, 0x78, 0x65, 0x66, 0x5c, 0x78,
  0x38, 0x39, 0x5c, 0x78, 0x62, 0x31, 0x22, 0x09, 0x2d, 0x2d, 0x20, 0x55,
  0x2b, 0x66, 0x32, 0x37, 0x31, 0x0d, 0x0a, 0x49, 0x43, 0x4f, 0x4e, 0x5f,
  0x46, 0x41, 0x5f, 0x43, 0x41, 0x4c, 0x45, 0x4e, 0x44, 0x41, 0x52, 0x5f,
  0x57, 0x45, 0x45, 0x4b, 0x20, 0x3d, 0x20, 0x22, 0x5c, 0x78, 0x65, 0x66,
  0x5c, 0x78, 0x39, 0x65, 0x5c, 0x78, 0x38, 0x34, 0x22, 0x09, 0x2d, 0x2d,
  0x20, 0x55, 0x2b, 0x66, 0x37, 0x38, 0x34, 0x0d, 0x0a, 0x49, 0x43, 0x4f,
  0x4e, 0x5f, 0x46, 0x41, 0x5f, 0x43, 0x41, 0x4c, 0x45, 0x4e, 0x44, 0x41,
  0x52, 0x5f, 0x58, 0x4d, 0x41, 0x52, 0x4b, 0x20, 0x3d, 0x20, 0x22, 0x5c,
  0x78, 0x65, 0x66, 0x5c, 0x78, 0x38, 0x39, 0x5c, 0x78, 0x62, 0x33, 0x22,
  0x09, 0x2d, 0x2d, 0x20, 0x55, 0x2b, 0x66, 0x32, 0x37, 0x33, 0x0d, 0x0a,
  0x49, 0x43, 0x4f, 0x4e, 0x5f, 0x46, 0x41, 0x5f, 0x43, 0x41, 0x4d, 0x45,
  0x52, 0x41, 0x20, 0x3d, 0x20, 0x22, 0x5c, 0x78, 0x65, 0x66, 0x5c, 0x78,
  0x38, 0x30, 0x5c, 0x78, 0x62, 0x30, 0x22, 0x09, 0x2d, 0x2d, 0x20, 0x55,
  0x2b, 0x66, 0x30, 0x33, 0x30, 0x0d, 0x0a, 0x49, 0x43, 0x4f, 0x4e, 0x5f,
  0x46, 0x41, 0x5f, 0x43, 0x41, 0x4d, 0x45, 0x52, 0x41, 0x5f, 0x52, 0x45,
  0x54, 0x52, 0x4f, 0x20, 0x3d, 0x20, 0x22, 0x5c, 0x78, 0x65, 0x66, 0x5c,
  0x78, 0x38, 0x32, 0x5c, 0x78, 0x38, 0x33, 0x22, 0x09, 0x2d, 0x2d, 0x20,
  0x55, 0x2b, 0x66, 0x30, 0x38, 0x33, 0x0d, 0x0a, 0x49, 0x43, 0x4f, 0x4e,
  0x5f, 0x46, 0x41, 0x5f, 0x43, 0x41, 0x4d, 0x45, 0x52, 0x41, 0x5f, 0x52,
  0x4f, 0x54, 0x41, 0x54, 0x45, 0x20, 0x3d, 0x20, 0x22, 0x5c, 0x78, 0x65,
  0x65, 0x5c, 0x78, 0x38, 0x33, 0x5c, 0x78, 0x39, 0x38, 0x22, 0x09, 0x2d,
  0x2d, 0x20, 0x55, 0x2b, 0x65, 0x30, 0x64, 0x38, 0x0d, 0x0a, 0x49, 0x43,
  0x4f, 0x4e, 0x5f, 0x46, 0x41, 0x5f, 0x43, 0x41, 0x4d, 0x50, 0x47, 0x52,
  0x4f, 0x55, 0x4e, 0x44, 0x20, 0x3d, 0x20, 0x22, 0x5c, 0x78, 0x65, 0x66,
  0x5c, 0x78, 0x39, 0x61, 0x5c, 0x78, 0x62, 0x62, 0x22, 0x09, 0x2d, 0x2d,
  0x20, 0x55, 0x2b, 0x66, 0x36, 0x62, 0x62, 0x0d, 0x0a, 0x49, 0x43, 0x4f,
  0x4e, 0x5f, 0x46, 0x41, 0x5f, 0x43, 0x41, 0x4e, 0x44, 0x59, 0x5f, 0x43,
  0x41, 0x4e, 0x45, 0x20, 0x3d, 0x20, 0x22, 0x5c, 0x78, 0x65, 0x66, 0x5c,
  0x78, 0x39, 0x65, 0x5c, 0x78, 0x38, 0x36, 0x22, 0x09, 0x2d, 0x2d, 0x20,
  0x55, 0x2b, 0x66, 0x37, 0x38, 0x36, 0x0d, 0x0a, 0x49, 0x43, 0x4f, 0x4e,
  0x5f, 0x46, 0x41, 0x5f, 0x43, 0x41, 0x4e, 0x4e, 0x41, 0x42, 0x49, 0x53,
  0x20, 0x3d, 0x20, 0x22, 0x5c, 0x78, 0x65, 0x66, 0x5c, 0x78, 0x39, 0x35,
  0x5c, 0x78, 0x39, 0x66, 0x22, 0x09, 0x2d, 0x2d, 0x20, 0x55, 0x2b, 0x66,
  0x35, 0x35, 0x66, 0x0d, 0x0a, 0x49, 0x43, 0x4f, 0x4e, 0x5f, 0x46, 0x41,
  0x5f, 0x43, 0x41, 0x50, 0x53, 0x55, 0x4c, 0x45, 0x53, 0x20, 0x3d, 0x20,
  0x22, 0x5c, 0x78, 0x65, 0x66, 0x5c, 0x78, 0x39, 0x31, 0x5c, 0x78, 0x61,
  0x62, 0x22, 0x09, 0x2d, 0x2d, 0x20, 0x55, 0x2b, 0x66, 0x34, 0x36, 0x62,
  0x0d, 0x0a, 0x49, 0x43, 0x4f, 0x4e, 0x5f, 0x46, 0x41, 0x5f, 0x43, 0x41,
  0x52, 0x20, 0x3d, 0x20, 0x22, 0x5c, 0x78, 0x65, 0x66, 0x5c, 0x78, 0x38,
  0x36, 0x5c, 0x78, 0x62, 0x39, 0x22, 0x09, 0x2d, 0x2d, 0x20, 0x55, 0x2b,
  0x66, 0x31, 0x62, 0x39, 0x0d, 0x0a, 0x49, 0x43, 0x4f, 0x4e, 0x5f, 0x46,
  0x41, 0x5f, 0x43, 0x41, 0x52, 0x5f, 0x42, 0x41, 0x54, 0x54, 0x45, 0x52,
  0x59, 0x20, 0x3d, 0x20, 0x22, 0x5c, 0x78, 0x65, 0x66, 0x5c, 0x78, 0x39,
  0x37, 0x5c, 0x78, 0x39, 0x66, 0x22, 0x09, 0x2d, 0x2d, 0x20, 0x55, 0x2b,
  0x66, 0x35, 0x64, 0x66, 0x0d, 0x0a, 0x49, 0x43, 0x4f, 0x4e, 0x5f, 0x46,
  0x41, 0x5f, 0x43, 0x41, 0x52, 0x5f, 0x42, 0x55, 0x52, 0x53, 0x54, 0x20,
  0x3d, 0x20, 0x22, 0x5c, 0x78, 0x65, 0x66, 0x5c, 0x78, 0x39, 0x37, 0x5c,
  0x78, 0x61, 0x31, 0x22, 0x09, 0x2d, 0x2d, 0x20, 0x55, 0x2b, 0x66, 0x35,
  0x65, 0x31, 0x0d, 0x0a, 0x49, 0x43, 0x4f, 0x4e, 0x5f, 0x46, 0x41, 0x5f,
  0x43, 0x41, 0x52, 0x5f, 0x4f, 0x4e, 0x20, 0x3d, 0x20, 0x22, 0x5c, 0x78,
  0x65, 0x65, 0x5c, 0x78, 0x39, 0x33, 0x5c, 0x78, 0x39, 0x64, 0x22, 0x09,
  0x2d, 0x2d, 0x20, 0x55, 0x2b, 0x65, 0x34, 0x64, 0x64, 0x0d, 0x0a, 0x49,
  0x43, 0x4f, 0x4e, 0x5f, 0x46, 0x41, 0x5f, 0x43, 0x41, 0x52, 0x5f, 0x52,
  0x45, 0x41, 0x52, 0x20, 0x3d, 0x20, 0x22, 0x5c, 0x78, 0x65, 0x66, 0x5c,
  0x78, 0x39, 0x37, 0x5c, 0x78, 0x39, 0x65, 0x22, 0x09, 0x2d, 0x2d, 0x20,
  0x55, 0x2b, 0x66, 0x35, 0x64, 0x65, 0x0d, 0x0a, 0x49, 0x43, 0x4f, 0x4e,
  0x5f, 0x46, 0x41, 0x5f, 0x43, 0x41, 0x52, 0x5f, 0x53, 0x49, 0x44, 0x45,
  0x20, 0x3d, 0x20, 0x22, 0x5c, 0x78, 0x65, 0x66, 0x5c, 0x78, 0x39, 0x37,
  0x5c, 0x78, 0x61, 0x34, 0x22, 0x09, 0x2d, 0x2d, 0x20, 0x55, 0x2b, 0x66,
  0x35, 0x65, 0x34, 0x0d, 0x0a, 0x49, 0x43, 0x4f, 0x4e, 0x5f, 0x46, 0x41,
  0x5f, 0x43, 0x41, 0x52, 0x5f, 0x54, 0x55, 0x4e, 0x4e, 0x45, 0x4c, 0x20,
  0x3d, 0x20, 0x22, 0x5c, 0x78, 0x65, 0x65, 0x5c, 0x78, 0x39, 0x33, 0x5c,
  0x78, 0x39, 0x65, 0x22, 0x09, 0x2d, 0x2d, 0x20, 0x55, 0x2b, 0x65, 0x34,
  0x64, 0x65, 0x0d, 0x0a, 0x49, 0x43, 0x4f, 0x4e, 0x5f, 0x46, 0x41, 0x5f,
  0x43, 0x41, 0x52, 0x41, 0x56, 0x41, 0x4e, 0x20, 0x3d, 0x20, 0x22, 0x5c,
  0x78, 0x65, 0x66, 0x5c, 0x78, 0x61, 0x33, 0x5c, 0x78, 0x62, 0x66, 0x22,
  0x09, 0x2d, 0x2d, 0x20, 0x55, 0x2b, 0x66, 0x38, 0x66, 0x66, 0x0d, 0x0a,
  0x49, 0x43, 0x4f, 0x4e, 0x5f, 0x46, 0x41, 0x5f, 0x43, 0x41, 0x52, 0x45,
  0x54, 0x5f, 0x44, 0x4f, 0x57, 0x4e, 0x20, 0x3d, 0x20, 0x22, 0x5c, 0x78,
  0x65, 0x66, 0x5c, 0x78, 0x38, 0x33, 0x5c, 0x78, 0x39, 0x37, 0x22, 0x09,
  0x2d, 0x2d, 0x20, 0x55, 0x2b, 0x66, 0x30, 0x64, 0x37, 0x0d, 0x0a, 0x49,
  0x43, 0x4f, 0x4e, 0x5f, 0x46, 0x41, 0x5f, 0x43, 0x41, 0x52, 0x45, 0x54,
  0x5f, 0x4c, 0x45, 0x46, 0x54, 0x20, 0x3d, 0x20, 0x22, 0x5c, 0x78, 0x65,
  0x66, 0x5c, 0x78, 0x38, 0x33, 0x5c, 0x78, 0x39, 0x39, 0x22, 0x09, 0x2d,
  0x2d, 0x20, 0x55, 0x2b, 0x66, 0x30, 0x64, 0x39, 0x0d, 0x0a, 0x49, 0x43,
  0x4f, 0x4e, 0x5f, 0x46, 0x41, 0x5f, 0x43, 0x41, 0x52, 0x45, 0x54, 0x5f,
  0x52, 0x49, 0x47, 0x48, 0x54, 0x20, 0x3d, 0x20, 0x22, 0x5c, 0x78, 0x65,
  0x66, 0x5c, 0x78, 0x38, 0x33, 0x5c, 0x78, 0x39, 0x61, 0x22, 0x09, 0x2d,
  0x2d, 0x20, 0x55, 0x2b, 0x66, 0x30, 0x64, 0x61, 0x0d, 0x0a, 0x49, 0x43,
  0x4f, 0x4e, 0x5f, 0x46, 0x41, 0x5f, 0x43, 0x41, 0x52, 0x45, 0x54, 0x5f,
  0x55, 0x50, 0x20, 0x3d, 0x20, 0x22, 0x5c, 0x78, 0x65, 0x66, 0x5c, 0x78,
  0x38, 0x33, 0x5c, 0x78, 0x39, 0x38, 0x22, 0x09, 0x2d, 0x2d, 0x20, 0x55,
  0x2b, 0x66, 0x30, 0x64, 0x38, 0x0d, 0x0a, 0x49, 0x43, 0x4f, 0x4e, 0x5f,
  0x46, 0x41, 0x5f, 0x43, 0x41, 0x52, 0x52, 0x4f, 0x54, 0x20, 0x3d, 0x20,
  0x22, 0x5c, 0x78, 0x65, 0x66, 0x5c, 0x78, 0x39, 0x65, 0x5c, 0x78, 0x38,
  0x37, 0x22, 0x09, 0x2d, 0x2d, 0x20, 0x55, 0x2b, 0x66, 0x37, 0x38, 0x37,
  0x0d, 0x0a, 0x49, 0x43, 0x4f, 0x4e, 0x5f, 0x46, 0x41, 0x5f, 0x43, 0x41,
  0x52, 0x54, 0x5f, 0x41, 0x52, 0x52, 0x4f, 0x57, 0x5f, 0x44, 0x4f, 0x57,
  0x4e, 0x20, 0x3d, 0x20, 0x22, 0x5c, 0x78, 0x65, 0x66, 0x5c, 0x78, 0x38,
  0x38, 0x5c, 0x78, 0x39, 0x38, 0x22, 0x09, 0x2d, 0x2d, 0x20, 0x55, 0x2b,
  0x66, 0x32, 0x31, 0x38, 0x0d, 0x0a, 0x49, 0x43, 0x4f, 0x4e, 0x5f, 0x46,
  0x41, 0x5f, 0x43, 0x41, 0x52, 0x54, 0x5f, 0x46, 0x4c, 0x41, 0x54, 0x42,
  0x45, 0x44, 0x20, 0x3d, 0x20, 0x22, 0x5c, 0x78, 0x65, 0x66, 0x5c, 0x78,
  0x39, 0x31, 0x5c, 0x78, 0x62, 0x34, 0x22, 0x09, 0x2d, 0x2d, 0x20, 0x55,
  0x2b, 0x66, 0x34, 0x37, 0x34, 0x0d, 0x0a, 0x49, 0x43, 0x4f, 0x4e, 0x5f,
  0x46, 0x41, 0x5f, 0x43, 0x41, 0x52, 0x54, 0x5f, 0x46, 0x4c, 0x41, 0x54,
  0x42, 0x45, 0x44, 0x5f, 0x53, 0x55, 0x49, 0x54, 0x43, 0x41, 0x53, 0x45,
  0x20, 0x3d, 0x20, 0x22, 0x5c, 0x78, 0x65, 0x66, 0x5c, 0x78, 0x39, 0x36,
  0x5c, 0x78, 0x39, 0x64, 0x22, 0x09, 0x2d, 0x2d, 0x20, 0x55, 0x2b, 0x66,
  0x35, 0x39, 0x64, 0x0d, 0x0a, 0x49, 0x43, 0x4f, 0x4e, 0x5f, 0x46, 0x41,
  0x5f, 0x43, 0x41, 0x52, 0x54, 0x5f, 0x50, 0x4c, 0x55, 0x53, 0x20, 0x3d,
  0x20, 0x22, 0x5c, 0x78, 0x65, 0x66, 0x5c, 0x78, 0x38, 0x38, 0x5c, 0x78,
  0x39, 0x37, 0x22, 0x09, 0x2d, 0x2d, 0x20, 0x55, 0x2b, 0x66, 0x32, 0x31,
  0x37, 0x0d, 0x0a, 0x49, 0x43, 0x4f, 0x4e, 0x5f, 0x46, 0x41, 0x5f, 0x43,
  0x41, 0x52, 0x54, 0x5f, 0x53, 0x48, 0x4f, 0x50, 0x50, 0x49, 0x4e, 0x47,
  0x20, 0x3d, 0x20, 0x22, 0x5c, 0x78, 0x65, 0x66, 0x5c, 0x78, 0x38, 0x31,
  0x5c, 0x78, 0x62, 0x61, 0x22, 0x09, 0x2d, 0x2d, 0x20, 0x55, 0x2b, 0x66,
  0x30, 0x37, 0x61, 0x0d, 0x0a, 0x49, 0x43, 0x4f, 0x4e, 0x5f, 0x46, 0x41,
  0x5f, 0x43, 0x41, 0x53, 0x48, 0x5f, 0x52, 0x45, 0x47, 0x49, 0x53, 0x54,
  0x45, 0x52, 0x20, 0x3d, 0x20, 0x22, 0x5c, 0x78, 0x65, 0x66, 0x5c, 0x78,
  0x39, 0x65, 0x5c, 0x78, 0x38, 0x38, 0x22, 0x09, 0x2d, 0x2d, 0x20, 0x55,
  0x2b, 0x66, 0x37, 0x38, 0x38, 0x0d, 0x0a, 0x49, 0x43, 0x4f, 0x4e, 0x5f,
  0x46, 0x41, 0x5f, 0x43, 0x41, 0x54, 0x20, 0x3d, 0x20, 0x22, 0x5c, 0x78,
  0x65, 0x66, 0x5c, 0x78, 0x39, 0x61, 0x5c, 0x78, 0x62, 0x65, 0x22, 0x09,
  0x2d, 0x2d, 0x20, 0x55, 0x2b, 0x66, 0x36, 0x62, 0x65, 0x0d, 0x0a, 0x49,
  0x43, 0x4f, 0x4e, 0x5f, 0x46, 0x41, 0x5f, 0x43, 0x45, 0x44, 0x49, 0x5f,
  0x53, 0x49, 0x47, 0x4e, 0x20, 0x3d, 0x20, 0x22, 0x5c, 0x78, 0x65, 0x65,
  0x5c, 0x78, 0x38, 0x33, 0x5c, 0x78, 0x39, 0x66, 0x22, 0x09, 0x2d, 0x2d,
  0x20, 0x55, 0x2b, 0x65, 0x30, 0x64, 0x66, 0x0d, 0x0a, 0x49, 0x43, 0x4f,
  0x4e, 0x5f, 0x46, 0x41, 0x5f, 0x43, 0x45, 0x4e, 0x54, 0x5f, 0x53, 0x49,
  0x47, 0x4e, 0x20, 0x3d, 0x20, 0x22, 0x5c, 0x78, 0x65, 0x65, 0x5c, 0x78,
  0x38, 0x66, 0x5c, 0x78, 0x62, 0x35, 0x22, 0x09, 0x2d, 0x2d, 0x20, 0x55,
  0x2b, 0x65, 0x33, 0x66, 0x35, 0x0d, 0x0a, 0x49, 0x43, 0x4f, 0x4e, 0x5f,
  0x46, 0x41, 0x5f, 0x43, 0x45, 0x52, 0x54, 0x49, 0x46, 0x49, 0x43, 0x41,
  0x54, 0x45, 0x20, 0x3d, 0x20, 0x22, 0x5c, 0x78, 0x65, 0x66, 0x5c, 0x78,
  0x38, 0x32, 0x5c, 0x78, 0x61, 0x33, 0x22, 0x09, 0x2d, 0x2d, 0x20, 0x55,
  0x2b, 0x66, 0x30, 0x61, 0x33, 0x0d, 0x0a, 0x49, 0x43, 0x4f, 0x4e, 0x5f,
  0x46, 0x41, 0x5f, 0x43, 0x48, 0x41, 0x49, 0x52, 0x20, 0x3d, 0x20, 0x22,
  0x5c, 0x78, 0x65, 0x66, 0x5c, 0x78, 0x39, 0x62, 0x5c, 0x78, 0x38, 0x30,
  0x22, 0x09, 0x2d, 0x2d, 0x20, 0x55, 0x2b, 0x66, 0x36, 0x63, 0x30, 0x0d,
  0x0a, 0x49, 0x43, 0x4f, 0x4e, 0x5f, 0x46, 0x41, 0x5f, 0x43, 0x48, 0x41,
  0x4c, 0x4b, 0x42, 0x4f, 0x41, 0x52, 0x44, 0x20, 0x3d, 0x20, 0x22, 0x5c,
  0x78, 0x65, 0x66, 0x5c, 0x78, 0x39, 0x34, 0x5c, 0x78, 0x39, 0x62, 0x22,
  0x09, 0x2d, 0x2d, 0x20, 0x55, 0x2b, 0x66, 0x35, 0x31, 0x62, 0x0d, 0x0a,
  0x49, 0x43, 0x4f, 0x4e, 0x5f, 0x46, 0x41, 0x5f, 0x43, 0x48, 0x41, 0x4c,
  0x4b, 0x42, 0x4f, 0x41, 0x52, 0x44, 0x5f, 0x55, 0x53, 0x45, 0x52, 0x20,
  0x3d, 0x20, 0x22, 0x5c, 0x78, 0x65, 0x66, 0x5c, 0x78, 0x39, 0x34, 0x5c,
  0x78, 0x39, 0x63, 0x22, 0x09, 0x2d, 0x2d, 0x20, 0x55, 0x2b, 0x66, 0x35,
  0x31, 0x63, 0x0d, 0x0a, 0x49, 0x43, 0x4f, 0x4e, 0x5f, 0x46, 0x41, 0x5f,
  0x43, 0x48, 0x41, 0x4d, 0x50, 0x41, 0x47, 0x4e, 0x45, 0x5f, 0x47, 0x4c,
  0x41, 0x53, 0x53, 0x45, 0x53, 0x20, 0x3d, 0x20, 0x22, 0x5c, 0x78, 0x65,
  0x66, 0x5c, 0x78, 0x39, 0x65, 0x5c, 0x78, 0x39, 0x66, 0x22, 0x09, 0x2d,
  0x2d, 0x20, 0x55, 0x2b, 0x66, 0x37, 0x39, 0x66, 0x0d, 0x0a, 0x49, 0x43,
  0x4f, 0x4e, 0x5f, 0x46, 0x41, 0x5f, 0x43, 0x48, 0x41, 0x52, 0x47, 0x49,
  0x4e, 0x47, 0x5f, 0x53, 0x54, 0x41, 0x54, 0x49, 0x4f, 0x4e, 0x20, 0x3d,
  0x20, 0x22, 0x5c, 0x78, 0x65, 0x66, 0x5c, 0x78, 0x39, 0x37, 0x5c, 0x78,
  0x61, 0x37, 0x22, 0x09, 0x2d, 0x2d, 0x20, 0x55, 0x2b, 0x66, 0x35, 0x65,
  0x37, 0x0d, 0x0a, 0x49, 0x43, 0x4f, 0x4e, 0x5f, 0x46, 0x41, 0x5f, 0x43,
  0x48, 0x41, 0x52, 0x54, 0x5f, 0x41, 0x52, 0x45, 0x41, 0x20, 0x3d, 0x20,
  0x22, 0x5c, 0x78, 0x65, 0x66, 0x5c, 0x78, 0x38, 0x37, 0x5c, 0x78, 0x62,
  0x65, 0x22, 0x09, 0x2d, 0x2d, 0x20, 0x55, 0x2b, 0x66, 0x31, 0x66, 0x65,
  0x0d, 0x0a, 0x49, 0x43, 0x4f, 0x4e, 0x5f, 0x46, 0x41, 0x5f, 0x43, 0x48,
  0x41, 0x52, 0x54, 0x5f, 0x42, 0x41, 0x52, 0x20, 0x3d, 0x20, 0x22, 0x5c,
  0x78, 0x65, 0x66, 0x5c, 0x78, 0x38, 0x32, 0x5c, 0x78, 0x38, 0x30, 0x22,
  0x09, 0x2d, 0x2d, 0x20, 0x55, 0x2b, 0x66, 0x30, 0x38, 0x30, 0x0d, 0x0a,
  0x49, 0x43, 0x4f, 0x4e, 0x5f, 0x46, 0x41, 0x5f, 0x43, 0x48, 0x41, 0x52,
  0x54, 0x5f, 0x43, 0x4f, 0x4c, 0x55, 0x4d, 0x4e, 0x20, 0x3d, 0x20, 0x22,
  0x5c, 0x78, 0x65, 0x65, 0x5c, 0x78, 0x38, 0x33, 0x5c, 0x78, 0x61, 0x33,
  0x22, 0x09, 0x2d, 0x2d, 0x20, 0x55, 0x2b, 0x65, 0x30, 0x65, 0x33, 0x0d,
  0x0a, 0x49, 0x43, 0x4f, 0x4e, 0x5f, 0x46, 0x41, 0x5f, 0x43, 0x48, 0x41,
  0x52, 0x54, 0x5f, 0x44, 0x49, 0x41, 0x47, 0x52, 0x41, 0x4d, 0x20, 0x3d,
  0x20, 0x22, 0x5c, 0x78, 0x65, 0x65, 0x5c, 0x78, 0x39, 0x61, 0x5c, 0x78,
  0x39, 0x35, 0x22, 0x09, 0x2d, 0x2d, 0x20, 0x55, 0x2b, 0x65, 0x36, 0x39,
  0x35, 0x0d, 0x0a, 0x49, 0x43, 0x4f, 0x4e, 0x5f, 0x46, 0x41, 0x5f, 0x43,
  0x48, 0x41, 0x52, 0x54, 0x5f, 0x47, 0x41, 0x4e, 0x54, 0x54, 0x20, 0x3d,
  0x20, 0x22, 0x5c, 0x78, 0x65, 0x65, 0x5c, 0x78, 0x38, 0x33, 0x5c, 0x78,
  0x61, 0x34, 0x22, 0x09, 0x2d, 0x2d, 0x20, 0x55, 0x2b, 0x65, 0x30, 0x65,
  0x34, 0x0d, 0x0a, 0x49, 0x43, 0x4f, 0x4e, 0x5f, 0x46, 0x41, 0x5f, 0x43,
  0x48, 0x41, 0x52, 0x54, 0x5f, 0x4c, 0x49, 0x4e, 0x45, 0x20, 0x3d, 0x20,
  0x22, 0x5c, 0x78, 0x65, 0x66, 0x5c, 0x78, 0x38, 0x38, 0x5c, 0x78, 0x38,
  0x31, 0x22, 0x09, 0x2d, 0x2d, 0x20, 0x55, 0x2b, 0x66, 0x32, 0x30, 0x31,
  0x0d, 0x0a, 0x49, 0x43, 0x4f, 0x4e, 0x5f, 0x46, 0x41, 0x5f, 0x43, 0x48,
  0x41, 0x52, 0x54, 0x5f, 0x50, 0x49, 0x45, 0x20, 0x3d, 0x20, 0x22, 0x5c,
  0x78, 0x65, 0x66, 0x5c, 0x78, 0x38, 0x38, 0x5c, 0x78, 0x38, 0x30, 0x22,
  0x09, 0x2d, 0x2d, 0x20, 0x55, 0x2b, 0x66, 0x32, 0x30, 0x30, 0x0d, 0x0a,
  0x49, 0x43, 0x4f, 0x4e, 0x5f, 0x46, 0x41, 0x5f, 0x43, 0x48, 0x41, 0x52,
  0x54, 0x5f, 0x53, 0x49, 0x4d, 0x50, 0x4c, 0x45, 0x20, 0x3d, 0x20, 0x22,
  0x5c, 0x78, 0x65, 0x65, 0x5c, 0x78, 0x39, 0x31, 0x5c, 0x78, 0x62, 0x33,
  0x22, 0x09, 0x2d, 0x2d, 0x20, 0x55, 0x2b, 0x65, 0x34, 0x37, 0x33, 0x0d,
  0x0a, 0x49, 0x43, 0x4f, 0x4e, 0x5f, 0x46, 0x41, 0x5f, 0x43, 0x48, 0x45,
  0x43, 0x4b, 0x20, 0x3d, 0x20, 0x22, 0x5c, 0x78, 0x65, 0x66, 0x5c, 0x78,
  0x38, 0x30, 0x5c, 0x78, 0x38, 0x63, 0x22, 0x09, 0x2d, 0x2d, 0x20, 0x55,
  0x2b, 0x66, 0x30, 0x30, 0x63, 0x0d, 0x0a, 0x49, 0x43, 0x4f, 0x4e, 0x5f,
  0x46, 0x41, 0x5f, 0x43, 0x48, 0x45, 0x43, 0x4b, 0x5f, 0x44, 0x4f, 0x55,
  0x42, 0x4c, 0x45, 0x20, 0x3d, 0x20, 0x22, 0x5c, 0x78, 0x65, 0x66, 0x5c,
  0x78, 0x39, 0x35, 0x5c, 0x78, 0x61, 0x30, 0x22, 0x09, 0x2d, 0x2d, 0x20,
  0x55, 0x2b, 0x66, 0x35, 0x36, 0x30, 0x0d, 0x0a, 0x49, 0x43, 0x4f, 0x4e,
  0x5f, 0x46, 0x41, 0x5f, 0x43, 0x48, 0x45, 0x43, 0x4b, 0x5f, 0x54, 0x4f,
  0x5f, 0x53, 0x4c, 0x4f, 0x54, 0x20, 0x3d, 0x20, 0x22, 0x5c, 0x78, 0x65,
  0x66, 0x5c, 0x78, 0x39, 0x64, 0x5c, 0x78, 0x62, 0x32, 0x22, 0x09, 0x2d,
  0x2d, 0x20, 0x55, 0x2b, 0x66, 0x37, 0x37, 0x32, 0x0d, 0x0a, 0x49, 0x43,
  0x4f, 0x4e, 0x5f, 0x46, 0x41, 0x5f, 0x43, 0x48, 0x45, 0x45, 0x53, 0x45,
  0x20, 0x3d, 0x20, 0x22, 0x5c, 0x78, 0x65, 0x66, 0x5c, 0x78, 0x39, 0x66,
  0x5c, 0x78, 0x61, 0x66, 0x22, 0x09, 0x2d, 0x2d, 0x20, 0x55, 0x2b, 0x66,
  0x37, 0x65, 0x66, 0x0d, 0x0a, 0x49, 0x43, 0x4f, 0x4e, 0x5f, 0x46, 0x41,
  0x5f, 0x43, 0x48, 0x45, 0x53, 0x53, 0x20, 0x3d, 0x20, 0x22, 0x5c, 0x78,
  0x65, 0x66, 0x5c, 0x78, 0x39, 0x30, 0x5c, 0x78, 0x62, 0x39, 0x22, 0x09,
  0x2d, 0x2d, 0x20, 0x55, 0x2b, 0x66, 0x34, 0x33, 0x39, 0x0d, 0x0a, 0x49,
  0x43, 0x4f, 0x4e, 0x5f, 0x46, 0x41, 0x5f, 0x43, 0x48, 0x45, 0x53, 0x53,
  0x5f, 0x42, 0x49, 0x53, 0x48, 0x4f, 0x50, 0x20, 0x3d, 0x20, 0x22, 0x5c,
  0x78, 0x65, 0x66, 0x5c, 0x78, 0x39, 0x30, 0x5c, 0x78, 0x62, 0x61, 0x22,
  0x09, 0x2d, 0x2d, 0x20, 0x55, 0x2b, 0x66, 0x34, 0x33, 0x61, 0x0d, 0x0a,
  0x49, 0x43, 0x4f, 0x4e, 0x5f, 0x46, 0x41, 0x5f, 0x43, 0x48, 0x45, 0x53,
  0x53, 0x5f, 0x42, 0x4f, 0x41, 0x52, 0x44, 0x20, 0x3d, 0x20, 0x22, 0x5c,
  0x78, 0x65, 0x66, 0x5c, 0x78, 0x39, 0x30, 0x5c, 0x78, 0x62, 0x63, 0x22,
  0x09, 0x2d, 0x2d, 0x20, 0x55, 0x2b, 0x66, 0x34, 0x33, 0x63, 0x0d, 0x0a,
  0x49, 0x43, 0x4f, 0x4e, 0x5f, 0x46, 0x41, 0x5f, 0x43, 0x48, 0x45, 0x53,
  0x53, 0x5f, 0x4b, 0x49, 0x4e, 0x47, 0x20, 0x3d, 0x20, 0x22, 0x5c, 0x78,
  0x65, 0x66, 0x5c, 0x78, 0x39, 0x30, 0x5c, 0x78, 0x62, 0x66, 0x22, 0x09,
  0x2d, 0x2d, 0x20, 0x55, 0x2b, 0x66, 0x34, 0x33, 0x66, 0x0d, 0x0a, 0x49,
  0x43, 0x4f, 0x4e, 0x5f, 0x46, 0x41, 0x5f, 0x43, 0x48, 0x45, 0x53, 0x53,
  0x5f, 0x4b, 0x4e, 0x49, 0x47, 0x48, 0x54, 0x20, 0x3d, 0x20, 0x22, 0x5c,
  0x78, 0x65, 0x66, 0x5c, 0x78, 0x39, 0x31, 0x5c, 0x78, 0x38, 0x31, 0x22,
  0x09, 0x2d, 0x2d, 0x20, 0x55, 0x2b, 0x66, 0x34, 0x34, 0x31, 0x0d, 0x0a,
  0x49, 0x43, 0x4f, 0x4e, 0x5f, 0x46, 0x41, 0x5f, 0x43, 0x48, 0x45, 0x53,
  0x53, 0x5f, 0x50, 0x41, 0x57, 0x4e, 0x20, 0x3d, 0x20, 0x22, 0x5c, 0x78,
  0x65, 0x66, 0x5c, 0x78, 0x39, 0x31, 0x5c, 0x78, 0x38, 0x33, 0x22, 0x09,
  0x2d, 0x2d, 0x20, 0x55, 0x2b, 0x66, 0x34, 0x34, 0x33, 0x0d, 0x0a, 0x49,
  0x43, 0x4f, 0x4e, 0x5f, 0x46, 0x41, 0x5f, 0x43, 0x48, 0x45, 0x53, 0x53,
  0x5f, 0x51, 0x55, 0x45, 0x45, 0x4e, 0x20, 0x3d, 0x20, 0x22, 0x5c, 0x78,
  0x65, 0x66, 0x5c, 0x78, 0x39, 0x31, 0x5c, 0x78, 0x38, 0x35, 0x22, 0x09,
  0x2d, 0x2d, 0x20, 0x55, 0x2b, 0x66, 0x34, 0x34, 0x35, 0x0d, 0x0a, 0x49,
  0x43, 0x4f, 0x4e, 0x5f, 0x46, 0x41, 0x5f, 0x43, 0x48, 0x45, 0x53, 0x53,
  0x5f, 0x52, 0x4f, 0x4f, 0x4b, 0x20, 0x3d, 0x20, 0x22, 0x5c, 0x78, 0x65,
  0x66, 0x5c, 0x78, 0x39, 0x31, 0x5c, 0x78, 0x38, 0x37, 0x22, 0x09, 0x2d,
  0x2d, 0x20, 0x55, 0x2b, 0x66, 0x34, 0x34, 0x37, 0x0d, 0x0a, 0x49, 0x43,
  0x4f, 0x4e, 0x5f, 0x46, 0x41, 0x5f, 0x43, 0x48, 0x45, 0x56, 0x52, 0x4f,
  0x4e, 0x5f, 0x44, 0x4f, 0x57, 0x4e, 0x20, 0x3d, 0x20, 0x22, 0x5c, 0x78,
  0x65, 0x66, 0x5c, 0x78, 0x38, 0x31, 0x5c, 0x78, 0x62, 0x38, 0x22, 0x09,
  0x2d, 0x2d, 0x20, 0x55, 0x2b, 0x66, 0x30, 0x37, 0x38, 0x0d, 0x0a, 0x49,
  0x43, 0x4f, 0x4e, 0x5f, 0x46, 0x41, 0x5f, 0x43, 0x48, 0x45, 0x56, 0x52,
  0x4f, 0x4e, 0x5f, 0x4c, 0x45, 0x46, 0x54, 0x20, 0x3d, 0x20, 0x22, 0x5c,
  0x78, 0x65, 0x66, 0x5c, 0x78, 0x38, 0x31, 0x5c, 0x78, 0x39, 0x33, 0x22,
  0x09, 0x2d, 0x2d, 0x20, 0x55, 0x2b, 0x66, 0x30, 0x35, 0x33, 0x0d, 0x0a,
  0x49, 0x43, 0x4f, 0x4e, 0x5f, 0x46, 0x41, 0x5f, 0x43, 0x48, 0x45, 0x56,
  0x52, 0x4f, 0x4e, 0x5f, 0x52, 0x49, 0x47, 0x48, 0x54, 0x20, 0x3d, 0x20,
  0x22, 0x5c, 0x78, 0x65, 0x66, 0x5c, 0x78, 0x38, 0x31, 0x5c, 0x78, 0x39,
  0x34, 0x22, 0x09, 0x2d, 0x2d, 0x20, 0x55, 0x2b, 0x66, 0x30, 0x35, 0x34,
  0x0d, 0x0a, 0x49, 0x43, 0x4f, 0x4e, 0x5f, 0x46, 0x41, 0x5f, 0x43, 0x48,
  0x45, 0x56, 0x52, 0x4f, 0x4e, 0x5f, 0x55, 0x50, 0x20, 0x3d, 0x20, 0x22,
  0x5c, 0x78, 0x65, 0x66, 0x5c, 0x78, 0x38, 0x31, 0x5c, 0x78, 0x62, 0x37,
  0x22, 0x09, 0x2d, 0x2d, 0x20, 0x55, 0x2b, 0x66, 0x30, 0x37, 0x37, 0x0d,
  0x0a, 0x49, 0x43, 0x4f, 0x4e, 0x5f, 0x46, 0x41, 0x5f, 0x43, 0x48, 0x49,
  0x4c, 0x44, 0x20, 0x3d, 0x20, 0x22, 0x5c, 0x78, 0x65, 0x66, 0x5c, 0x78,
  0x38, 0x36, 0x5c, 0x78, 0x61, 0x65, 0x22, 0x09, 0x2d, 0x2d, 0x20, 0x55,
  0x2b, 0x66, 0x31, 0x61, 0x65, 0x0d, 0x0a, 0x49, 0x43, 0x4f, 0x4e, 0x5f,
  0x46, 0x41, 0x5f, 0x43, 0x48, 0x49, 0x4c, 0x44, 0x5f, 0x43, 0x4f, 0x4d,
  0x42, 0x41, 0x54, 0x41, 0x4e, 0x54, 0x20, 0x3d, 0x20, 0x22, 0x5c, 0x78,
  0x65, 0x65, 0x5c, 0x78, 0x39, 0x33, 0x5c, 0x78, 0x61, 0x30, 0x22, 0x09,
  0x2d, 0x2d, 0x20, 0x55, 0x2b, 0x65, 0x34, 0x65, 0x30, 0x0d, 0x0a, 0x49,
  0x43, 0x4f, 0x4e, 0x5f, 0x46, 0x41, 0x5f, 0x43, 0x48, 0x49, 0x4c, 0x44,
  0x5f, 0x44, 0x52, 0x45, 0x53, 0x53, 0x20, 0x3d, 0x20, 0x22, 0x5c, 0x78,
  0x65, 0x65, 0x5c, 0x78, 0x39, 0x36, 0x5c, 0x78, 0x39, 0x63, 0x22, 0x09,
  0x2d, 0x2d, 0x20, 0x55, 0x2b, 0x65, 0x35, 0x39, 0x63, 0x0d, 0x0a, 0x49,
  0x43, 0x4f, 0x4e, 0x5f, 0x46, 0x41, 0x5f, 0x43, 0x48, 0x49, 0x4c, 0x44,
  0x5f, 0x52, 0x45, 0x41, 0x43, 0x48, 0x49, 0x4e, 0x47, 0x20, 0x3d, 0x20,
  0x22, 0x5c, 0x78, 0x65, 0x65, 0x5c, 0x78, 0x39, 0x36, 0x5c, 0x78, 0x39,
  0x64, 0x22, 0x09, 0x2d, 0x2d, 0x20, 0x55, 0x2b, 0x65, 0x35, 0x39, 0x64,
  0x0d, 0x0a, 0x49, 0x43, 0x4f, 0x4e, 0x5f, 0x46, 0x41, 0x5f, 0x43, 0x48,
  0x49, 0x4c, 0x44, 0x52, 0x45, 0x4e, 0x20, 0x3d, 0x20, 0x22, 0x5c, 0x78,
  0x65, 0x65, 0x5c, 0x78, 0x39, 0x33, 0x5c, 0x78, 0x61, 0x31, 0x22, 0x09,
  0x2d, 0x2d, 0x20, 0x55, 0x2b, 0x65, 0x34, 0x65, 0x31, 0x0d, 0x0a, 0x49,
  0x43, 0x4f, 0x4e, 0x5f, 0x46, 0x41, 0x5f, 0x43, 0x48, 0x55, 0x52, 0x43,
  0x48, 0x20, 0x3d, 0x20, 0x22, 0x5c, 0x78, 0x65, 0x66, 0x5c, 0x78, 0x39,
  0x34, 0x5c, 0x78, 0x39, 0x64, 0x22, 0x09, 0x2d, 0x2d, 0x20, 0x55, 0x2b,
  0x66, 0x35, 0x31, 0x64, 0x0d, 0x0a, 0x49, 0x43, 0x4f, 0x4e, 0x5f, 0x46,
  0x41, 0x5f, 0x43, 0x49, 0x52, 0x43, 0x4c, 0x45, 0x20, 0x3d, 0x20, 0x22,
  0x5c, 0x78, 0x65, 0x66, 0x5c, 0x78, 0x38, 0x34, 0x5c, 0x78, 0x39, 0x31,
  0x22, 0x09, 0x2d, 0x2d, 0x20, 0x55, 0x2b, 0x66, 0x31, 0x31, 0x31, 0x0d,
  0x0a, 0x49, 0x43, 0x4f, 0x4e, 0x5f, 0x46, 0x41, 0x5f, 0x43, 0x49, 0x52,
  0x43, 0x4c, 0x45, 0x5f, 0x41, 0x52, 0x52, 0x4f, 0x57, 0x5f, 0x44, 0x4f,
  0x57, 0x4e, 0x20, 0x3d, 0x20, 0x22, 0x5c, 0x78, 0x65, 0x66, 0x5c, 0x78,
  0x38, 0x32, 0x5c, 0x78, 0x61, 0x62, 0x22, 0x09, 0x2d, 0x2d, 0x20, 0x55,
  0x2b, 0x66, 0x30, 0x61, 0x62, 0x0d, 0x0a, 0x49, 0x43, 0x4f, 0x4e, 0x5f,
  0x46, 0x41, 0x5f, 0x43, 0x49, 0x52, 0x43, 0x4c, 0x45, 0x5f, 0x41, 0x52,
  0x52, 0x4f, 0x57, 0x5f, 0x4c, 0x45, 0x46, 0x54, 0x20, 0x3d, 0x20, 0x22,
  0x5c, 0x78, 0x65, 0x66, 0x5c, 0x78, 0x38, 0x32, 0x5c, 0x78, 0x61, 0x38,
  0x22, 0x09, 0x2d, 0x2d, 0x20, 0x55, 0x2b, 0x66, 0x30, 0x61, 0x38, 0x0d,
  0x0a, 0x49, 0x43, 0x4f, 0x4e, 0x5f, 0x46, 0x41, 0x5f, 0x43, 0x49, 0x52,
  0x43, 0x4c, 0x45, 0x5f, 0x41, 0x52, 0x52, 0x4f, 0x57, 0x5f, 0x52, 0x49,
  0x47, 0x48, 0x54, 0x20, 0x3d, 0x20, 0x22, 0x5c, 0x78, 0x65, 0x66, 0x5c,
  0x78, 0x38, 0x32, 0x5c, 0x78, 0x61, 0x39, 0x22, 0x09, 0x2d, 0x2d, 0x20,
  0x55, 0x2b, 0x66, 0x30, 0x61, 0x39, 0x0d, 0x0a, 0x49, 0x43, 0x4f, 0x4e,
  0x5f, 0x46, 0x41, 0x5f, 0x43, 0x49, 0x52, 0x43, 0x4c, 0x45, 0x5f, 0x41,
  0x52, 0x52, 0x4f, 0x57, 0x5f, 0x55, 0x50, 0x20, 0x3d, 0x20, 0x22, 0x5c,
  0x78, 0x65, 0x66, 0x5c, 0x78, 0x38, 0x32, 0x5c, 0x78, 0x61, 0x61, 0x22,
  0x09, 0x2d, 0x2d, 0x20, 0x55, 0x2b, 0x66, 0x30, 0x61, 0x61, 0x0d, 0x0a,
  0x49, 0x43, 0x4f, 0x4e, 0x5f, 0x46, 0x41, 0x5f, 0x43, 0x49, 0x52, 0x43,
  0x4c, 0x45, 0x5f, 0x43, 0x48, 0x45, 0x43, 0x4b, 0x20, 0x3d, 0x20, 0x22,
  0x5c, 0x78, 0x65, 0x66, 0x5c, 0x78, 0x38, 0x31, 0x5c, 0x78, 0x39, 0x38,
  0x22, 0x09, 0x2d, 0x2d, 0x20, 0x55, 0x2b, 0x66, 0x30, 0x35, 0x38, 0x0d,
  0x0a, 0x49, 0x43, 0x4f, 0x4e, 0x5f, 0x46, 0x41, 0x5f, 0x43, 0x49, 0x52,
  0x43, 0x4c, 0x45, 0x5f, 0x43, 0x48, 0x45, 0x56, 0x52, 0x4f, 0x4e, 0x5f,
  0x44, 0x4f, 0x57, 0x4e, 0x20, 0x3d, 0x20, 0x22, 0x5c, 0x78, 0x65, 0x66,
  0x5c, 0x78, 0x38, 0x34, 0x5c, 0x78, 0x62, 0x61, 0x22, 0x09, 0x2d, 0x2d,
  0x20, 0x55, 0x2b, 0x66, 0x31, 0x33, 0x61, 0x0d, 0x0a, 0x49, 0x43, 0x4f,
  0x4e, 0x5f, 0x46, 0x41, 0x5f, 0x43, 0x49, 0x52, 0x43, 0x4c, 0x45, 0x5f,
  0x43, 0x48, 0x45, 0x56, 0x52, 0x4f, 0x4e, 0x5f, 0x4c, 0x45, 0x46, 0x54,
  0x20, 0x3d, 0x20, 0x22, 0x5c, 0x78, 0x65, 0x66, 0x5c, 0x78, 0x38, 0x34,
  0x5c, 0x78, 0x62, 0x37, 0x22, 0x09, 0x2d, 0x2d, 0x20, 0x55, 0x2b, 0x66,
  0x31, 0x33, 0x37, 0x0d, 0x0a, 0x49, 0x43, 0x4f, 0x4e, 0x5f, 0x46, 0x41,
  0x5f, 0x43, 0x49, 0x52, 0x43, 0x4c, 0x45, 0x5f, 0x43, 0x48, 0x45, 0x56,
  0x52, 0x4f, 0x4e, 0x5f, 0x52, 0x49, 0x47, 0x48, 0x54, 0x20, 0x3d, 0x20,
  0x22, 0x5c, 0x78, 0x65, 0x66, 0x5c, 0x78, 0x38, 0x34, 0x5c, 0x78, 0x62,
  0x38, 0x22, 0x09, 0x2d, 0x2d, 0x20, 0x55, 0x2b, 0x66, 0x31, 0x33, 0x38,
  0x0d, 0x0a, 0x49, 0x43, 0x4f, 0x4e, 0x5f, 0x46, 0x41, 0x5f, 0x43, 0x49,
  0x52, 0x43, 0x4c, 0x45, 0x5f, 0x43, 0x48, 0x45, 0x56, 0x52, 0x4f, 0x4e,
  0x5f, 0x55, 0x50, 0x20, 0x3d, 0x20, 0x22, 0x5c, 0x78, 0x65, 0x66, 0x5c,
  0x78, 0x38, 0x34, 0x5c, 0x78, 0x62, 0x39, 0x22, 0x09, 0x2d, 0x2d, 0x20,
  0x55, 0x2b, 0x66, 0x31, 0x33, 0x39, 0x0d, 0x0a, 0x49, 0x43, 0x4f, 0x4e,
  0x5f, 0x46, 0x41, 0x5f, 0x43, 0x49, 0x52, 0x43, 0x4c, 0x45, 0x5f, 0x44,
  0x4f, 0x4c, 0x4c, 0x41, 0x52, 0x5f, 0x54, 0x4f, 0x5f, 0x53, 0x4c, 0x4f,
  0x54, 0x20, 0x3d, 0x20, 0x22, 0x5c, 0x78, 0x65, 0x66, 0x5c, 0x78, 0x39,
  0x32, 0x5c, 0x78, 0x62, 0x39, 0x22, 0x09, 0x2d, 0x2d, 0x20, 0x55, 0x2b,
  0x66, 0x34, 0x62, 0x39, 0x0d, 0x0a, 0x49, 0x43, 0x4f, 0x4e, 0x5f, 0x46,
  0x41, 0x5f, 0x43, 0x49, 0x52, 0x43, 0x4c, 0x45, 0x5f, 0x44, 0x4f, 0x54,
  0x20, 0x3d, 0x20, 0x22, 0x5c, 0x78, 0x65, 0x66, 0x5c, 0x78, 0x38, 0x36,
  0x5c, 0x78, 0x39, 0x32, 0x22, 0x09, 0x2d, 0x2d, 0x20, 0x55, 0x2b, 0x66,
  0x31, 0x39, 0x32, 0x0d, 0x0a, 0x49, 0x43, 0x4f, 0x4e, 0x5f, 0x46, 0x41,
  0x5f, 0x43, 0x49, 0x52, 0x43, 0x4c, 0x45, 0x5f, 0x44, 0x4f, 0x57, 0x4e,
  0x20, 0x3d, 0x20, 0x22, 0x5c, 0x78, 0x65, 0x66, 0x5c, 0x78, 0x38, 0x64,
  0x5c, 0x78, 0x39, 0x38, 0x22, 0x09, 0x2d, 0x2d, 0x20, 0x55, 0x2b, 0x66,
  0x33, 0x35, 0x38, 0x0d, 0x0a, 0x49, 0x43, 0x4f, 0x4e, 0x5f, 0x46, 0x41,
  0x5f, 0x43, 0x49, 0x52, 0x43, 0x4c, 0x45, 0x5f, 0x45, 0x58, 0x43, 0x4c,
  0x41, 0x4d, 0x41, 0x54, 0x49, 0x4f, 0x4e, 0x20, 0x3d, 0x20, 0x22, 0x5c,
  0x78, 0x65, 0x66, 0x5c, 0x78, 0x38, 0x31, 0x5c, 0x78, 0x61, 0x61, 0x22,
  0x09, 0x2d, 0x2d, 0x20, 0x55, 0x2b, 0x66, 0x30, 0x36, 0x61, 0x0d, 0x0a,
  0x49, 0x43, 0x4f, 0x4e, 0x5f, 0x46, 0x41, 0x5f, 0x43, 0x49, 0x52, 0x43,
  0x4c, 0x45, 0x5f, 0x48, 0x20, 0x3d, 0x20, 0x22, 0x5c, 0x78, 0x65, 0x66,
  0x5c, 0x78, 0x39, 0x31, 0x5c, 0x78, 0x62, 0x65, 0x22, 0x09, 0x2d, 0x2d,
  0x20, 0x55, 0x2b, 0x66, 0x34, 0x37, 0x65, 0x0d, 0x0a, 0x49, 0x43, 0x4f,
  0x4e, 0x5f, 0x46, 0x41, 0x5f, 0x43, 0x49, 0x52, 0x43, 0x4c, 0x45, 0x5f,
  0x48, 0x41, 0x4c, 0x46, 0x5f, 0x53, 0x54, 0x52, 0x4f, 0x4b, 0x45, 0x20,
  0x3d, 0x20, 0x22, 0x5c, 0x78, 0x65, 0x66, 0x5c, 0x78, 0x38, 0x31, 0x5c,
  0x78, 0x38, 0x32, 0x22, 0x09, 0x2d, 0x2d, 0x20, 0x55, 0x2b, 0x66, 0x30,
  0x34, 0x32, 0x0d, 0x0a, 0x49, 0x43, 0x4f, 0x4e, 0x5f, 0x46, 0x41, 0x5f,
  0x43, 0x49, 0x52, 0x43, 0x4c, 0x45, 0x5f, 0x49, 0x4e, 0x46, 0x4f, 0x20,
  0x3d, 0x20, 0x22, 0x5c, 0x78, 0x65, 0x66, 0x5c, 0x78, 0x38, 0x31, 0x5c,
  0x78, 0x39, 0x61, 0x22, 0x09, 0x2d, 0x2d, 0x20, 0x55, 0x2b, 0x66, 0x30,
  0x35, 0x61, 0x0d, 0x0a, 0x49, 0x43, 0x4f, 0x4e, 0x5f, 0x46, 0x41, 0x5f,
  0x43, 0x49, 0x52, 0x43, 0x4c, 0x45, 0x5f, 0x4c, 0x45, 0x46, 0x54, 0x20,
  0x3d, 0x20, 0x22, 0x5c, 0x78, 0x65, 0x66, 0x5c, 0x78, 0x38, 0x64, 0x5c,
  0x78, 0x39, 0x39, 0x22, 0x09, 0x2d, 0x2d, 0x20, 0x55, 0x2b, 0x66, 0x33,
  0x35, 0x39, 0x0d, 0x0a, 0x49, 0x43, 0x4f, 0x4e, 0x5f, 0x46, 0x41, 0x5f,
  0x43, 0x49, 0x52, 0x43, 0x4c, 0x45, 0x5f, 0x4d, 0x49, 0x4e, 0x55, 0x53,
  0x20, 0x3d, 0x20, 0x22, 0x5c, 0x78, 0x65, 0x66, 0x5c, 0x78, 0x38, 0x31,
  0x5c, 0x78, 0x39, 0x36, 0x22, 0x09, 0x2d, 0x2d, 0x20, 0x55, 0x2b, 0x66,
  0x30, 0x35, 0x36, 0x0d, 0x0a, 0x49, 0x43, 0x4f, 0x4e, 0x5f, 0x46, 0x41,
  0x5f, 0x43, 0x49, 0x52, 0x43, 0x4c, 0x45, 0x5f, 0x4e, 0x4f, 0x44, 0x45,
  0x53, 0x20, 0x3d, 0x20, 0x22, 0x5c, 0x78, 0x65, 0x65, 0x5c, 0x78, 0x39,
  0x33, 0x5c, 0x78, 0x61, 0x32, 0x22, 0x09, 0x2d, 0x2d, 0x20, 0x55, 0x2b,
  0x65, 0x34, 0x65, 0x32, 0x0d, 0x0a, 0x49, 0x43, 0x4f, 0x4e, 0x5f, 0x46,
  0x41, 0x5f, 0x43, 0x49, 0x52, 0x43, 0x4c, 0x45, 0x5f, 0x4e, 0x4f, 0x54,
  0x43, 0x48, 0x20, 0x3d, 0x20, 0x22, 0x5c, 0x78, 0x65, 0x66, 0x5c, 0x78,
  0x38, 0x37, 0x5c, 0x78, 0x38, 0x65, 0x22, 0x09, 0x2d, 0x2d, 0x20, 0x55,
  0x2b, 0x66, 0x31, 0x63, 0x65, 0x0d, 0x0a, 0x49, 0x43, 0x4f, 0x4e, 0x5f,
  0x46, 0x41, 0x5f, 0x43, 0x49, 0x52, 0x43, 0x4c, 0x45, 0x5f, 0x50, 0x41,
  0x55, 0x53, 0x45, 0x20, 0x3d, 0x20, 0x22, 0x5c, 0x78, 0x65, 0x66, 0x5c,
  0x78, 0x38, 0x61, 0x5c, 0x78, 0x38, 0x62, 0x22, 0x09, 0x2d, 0x2d, 0x20,
  0x55, 0x2b, 0x66, 0x32, 0x38, 0x62, 0x0d, 0x0a, 0x49, 0x43, 0x4f, 0x4e,
  0x5f, 0x46, 0x41, 0x5f, 0x43, 0x49, 0x52, 0x43, 0x4c, 0x45, 0x5f, 0x50,
  0x4c, 0x41, 0x59, 0x20, 0x3d, 0x20, 0x22, 0x5c, 0x78, 0x65, 0x66, 0x5c,
  0x78, 0x38, 0x35, 0x5c, 0x78, 0x38, 0x34, 0x22, 0x09, 0x2d, 0x2d, 0x20,
  0x55, 0x2b, 0x66, 0x31, 0x34, 0x34, 0x0d, 0x0a, 0x49, 0x43, 0x4f, 0x4e,
  0x5f, 0x46, 0x41, 0x5f, 0x43, 0x49, 0x52, 0x43, 0x4c, 0x45, 0x5f, 0x50,
  0x4c, 0x55, 0x53, 0x20, 0x3d, 0x20, 0x22, 0x5c, 0x78, 0x65, 0x66, 0x5c,
  0x78, 0x38, 0x31, 0x5c, 0x78, 0x39, 0x35, 0x22, 0x09, 0x2d, 0x2d, 0x20,
  0x55, 0x2b, 0x66, 0x30, 0x35, 0x35, 0x0d, 0x0a, 0x49, 0x43, 0x4f, 0x4e,
  0x5f, 0x46, 0x41, 0x5f, 0x43, 0x49, 0x52, 0x43, 0x4c, 0x45, 0x5f, 0x51,
  0x55, 0x45, 0x53, 0x54, 0x49, 0x4f, 0x4e, 0x20, 0x3d, 0x20, 0x22, 0x5c,
  0x78, 0x65, 0x66, 0x5c, 0x78, 0x38, 0x31, 0x5c, 0x78, 0x39, 0x39, 0x22,
  0x09, 0x2d, 0x2d, 0x20, 0x55, 0x2b, 0x66, 0x30, 0x35, 0x39, 0x0d, 0x0a,
  0x49, 0x43, 0x4f, 0x4e, 0x5f, 0x46, 0x41, 0x5f, 0x43, 0x49, 0x52, 0x43,
  0x4c, 0x45, 0x5f, 0x52, 0x41, 0x44, 0x49, 0x41, 0x54, 0x49, 0x4f, 0x4e,
  0x20, 0x3d, 0x20, 0x22, 0x5c, 0x78, 0x65, 0x66, 0x5c, 0x78, 0x39, 0x65,
  0x5c, 0x78, 0x62, 0x61, 0x22, 0x09, 0x2d, 0x2d, 0x20, 0x55, 0x2b, 0x66,
  0x37, 0x62, 0x61, 0x0d, 0x0a, 0x49, 0x43, 0x4f, 0x4e, 0x5f, 0x46, 0x41,
  0x5f, 0x43, 0x49, 0x52, 0x43, 0x4c, 0x45, 0x5f, 0x52, 0x49, 0x47, 0x48,
  0x54, 0x20, 0x3d, 0x20, 0x22, 0x5c, 0x78, 0x65, 0x66, 0x5c, 0x78, 0x38,
  0x64, 0x5c, 0x78, 0x39, 0x61, 0x22, 0x09, 0x2d, 0x2d, 0x20, 0x55, 0x2b,
  0x66, 0x33, 0x35, 0x61, 0x0d, 0x0a, 0x49, 0x43, 0x4f, 0x4e, 0x5f, 0x46,
  0x41, 0x5f, 0x43, 0x49, 0x52, 0x43, 0x4c, 0x45, 0x5f, 0x53, 0x54, 0x4f,
  0x50, 0x20, 0x3d, 0x20, 0x22, 0x5c, 0x78, 0x65, 0x66, 0x5c, 0x78, 0x38,
  0x61, 0x5c, 0x78, 0x38, 0x64, 0x22, 0x09, 0x2d, 0x2d, 0x20, 0x55, 0x2b,
  0x66, 0x32, 0x38, 0x64, 0x0d, 0x0a, 0x49, 0x43, 0x4f, 0x4e, 0x5f, 0x46,
  0x41, 0x5f, 0x43, 0x49, 0x52, 0x43, 0x4c, 0x45, 0x5f, 0x55, 0x50, 0x20,
  0x3d, 0x20, 0x22, 0x5c, 0x78, 0x65, 0x66, 0x5c, 0x78, 0x38, 0x64, 0x5c,
  0x78, 0x39, 0x62, 0x22, 0x09, 0x2d, 0x2d, 0x20, 0x55, 0x2b, 0x66, 0x33,
  0x35, 0x62, 0x0d, 0x0a, 0x49, 0x43, 0x4f, 0x4e, 0x5f, 0x46, 0x41, 0x5f,
  0x43, 0x49, 0x52, 0x43, 0x4c, 0x45, 0x5f, 0x55, 0x53, 0x45, 0x52, 0x20,
  0x3d, 0x20, 0x22, 0x5c, 0x78, 0x65, 0x66, 0x5c, 0x78, 0x38, 0x61, 0x5c,
  0x78, 0x62, 0x64, 0x22, 0x09, 0x2d, 0x2d, 0x20, 0x55, 0x2b, 0x66, 0x32,
  0x62, 0x64, 0x0d, 0x0a, 0x49, 0x43, 0x4f, 0x4e, 0x5f, 0x46, 0x41, 0x5f,
  0x43, 0x49, 0x52, 0x43, 0x4c, 0x45, 0x5f, 0x58, 0x4d, 0x41, 0x52, 0x4b,
  0x20, 0x3d, 0x20, 0x22, 0x5c, 0x78, 0x65, 0x66, 0x5c, 0x78, 0x38, 0x31,
  0x5c, 0x78, 0x39, 0x37, 0x22, 0x09, 0x2d, 0x2d, 0x20, 0x55, 0x2b, 0x66,
  0x30, 0x35, 0x37, 0x0d, 0x0a, 0x49, 0x43, 0x4f, 0x4e, 0x5f, 0x46, 0x41,
  0x5f, 0x43, 0x49, 0x54, 0x59, 0x20, 0x3d, 0x20, 0x22, 0x5c, 0x78, 0x65,
  0x66, 0x5c, 0x78, 0x39, 0x39, 0x5c, 0x78, 0x38, 0x66, 0x22, 0x09, 0x2d,
  0x2d, 0x20, 0x55, 0x2b, 0x66, 0x36, 0x34, 0x66, 0x0d, 0x0a, 0x49, 0x43,
  0x4f, 0x4e, 0x5f, 0x46, 0x41, 0x5f, 0x43, 0x4c, 0x41, 0x50, 0x50, 0x45,
  0x52, 0x42, 0x4f, 0x41, 0x52, 0x44, 0x20, 0x3d, 0x20, 0x22, 0x5c, 0x78,
  0x65, 0x65, 0x5c, 0x78, 0x38, 0x34, 0x5c, 0x78, 0x62, 0x31, 0x22, 0x09,
  0x2d, 0x2d, 0x20, 0x55, 0x2b, 0x65, 0x31, 0x33, 0x31, 0x0d, 0x0a, 0x49,
  0x43, 0x4f, 0x4e, 0x5f, 0x46, 0x41, 0x5f, 0x43, 0x4c, 0x49, 0x50, 0x42,
  0x4f, 0x41, 0x52, 0x44, 0x20, 0x3d, 0x20, 0x22, 0x5c, 0x78, 0x65, 0x66,
  0x5c, 0x78, 0x38, 0x63, 0x5c, 0x78, 0x61, 0x38, 0x22, 0x09, 0x2d, 0x2d,
  0x20, 0x55, 0x2b, 0x66, 0x33, 0x32, 0x38, 0x0d, 0x0a, 0x49, 0x43, 0x4f,
  0x4e, 0x5f, 0x46, 0x41, 0x5f, 0x43, 0x4c, 0x49, 0x50, 0x42, 0x4f, 0x41,
  0x52, 0x44, 0x5f, 0x43, 0x48, 0x45, 0x43, 0x4b, 0x20, 0x3d, 0x20, 0x22,
  0x5c, 0x78, 0x65, 0x66, 0x5c, 0x78, 0x39, 0x31, 0x5c, 0x78, 0x61, 0x63,
  0x22, 0x09, 0x2d, 0x2d, 0x20, 0x55, 0x2b, 0x66, 0x34, 0x36, 0x63, 0x0d,
  0x0a, 0x49, 0x43, 0x4f, 0x4e, 0x5f, 0x46, 0x41, 0x5f, 0x43, 0x4c, 0x49,
  0x50, 0x42, 0x4f, 0x41, 0x52, 0x44, 0x5f, 0x4c, 0x49, 0x53, 0x54, 0x20,
  0x3d, 0x20, 0x22, 0x5c, 0x78, 0x65, 0x66, 0x5c, 0x78, 0x39, 0x31, 0x5c,
  0x78, 0x61, 0x64, 0x22, 0x09, 0x2d, 0x2d, 0x20, 0x55, 0x2b, 0x66, 0x34,
  0x36, 0x64, 0x0d, 0x0a, 0x49, 0x43, 0x4f, 0x4e, 0x5f, 0x46, 0x41, 0x5f,
  0x43, 0x4c, 0x49, 0x50, 0x42, 0x4f, 0x41, 0x52, 0x44, 0x5f, 0x51, 0x55,
  0x45, 0x53, 0x54, 0x49, 0x4f, 0x4e, 0x20, 0x3d, 0x20, 0x22, 0x5c, 0x78,
  0x65, 0x65, 0x5c, 0x78, 0x39, 0x33, 0x5c, 0x78, 0x61, 0x33, 0x22, 0x09,
  0x2d, 0x2d, 0x20, 0x55, 0x2b, 0x65, 0x34, 0x65, 0x33, 0x0d, 0x0a, 0x49,
  0x43, 0x4f, 0x4e, 0x5f, 0x46, 0x41, 0x5f, 0x43, 0x4c, 0x49, 0x50, 0x42,
  0x4f, 0x41, 0x52, 0x44, 0x5f, 0x55, 0x53, 0x45, 0x52, 0x20, 0x3d, 0x20,
  0x22, 0x5c, 0x78, 0x65, 0x66, 0x5c, 0x78, 0x39, 0x66, 0x5c, 0x78, 0x62,
  0x33, 0x22, 0x09, 0x2d, 0x2d, 0x20, 0x55, 0x2b, 0x66, 0x37, 0x66, 0x33,
  0x0d, 0x0a, 0x49, 0x43, 0x4f, 0x4e, 0x5f, 0x46, 0x41, 0x5f, 0x43, 0x4c,
  0x4f, 0x43, 0x4b, 0x20, 0x3d, 0x20, 0x22, 0x5c, 0x78, 0x65, 0x66, 0x5c,
  0x78, 0x38, 0x30, 0x5c, 0x78, 0x39, 0x37, 0x22, 0x09, 0x2d, 0x2d, 0x20,
  0x55, 0x2b, 0x66, 0x30, 0x31, 0x37, 0x0d, 0x0a, 0x49, 0x43, 0x4f, 0x4e,
  0x5f, 0x46, 0x41, 0x5f, 0x43, 0x4c, 0x4f, 0x43, 0x4b, 0x5f, 0x52, 0x4f,
  0x54, 0x41, 0x54, 0x45, 0x5f, 0x4c, 0x45, 0x46, 0x54, 0x20, 0x3d, 0x20,
  0x22, 0x5c, 0x78, 0x65, 0x66, 0x5c, 0x78, 0x38, 0x37, 0x5c, 0x78, 0x39,
  0x61, 0x22, 0x09, 0x2d, 0x2d, 0x20, 0x55, 0x2b, 0x66, 0x31, 0x64, 0x61,
  0x0d, 0x0a, 0x49, 0x43, 0x4f, 0x4e, 0x5f, 0x46, 0x41, 0x5f, 0x43, 0x4c,
  0x4f, 0x4e, 0x45, 0x20, 0x3d, 0x20, 0x22, 0x5c, 0x78, 0x65, 0x66, 0x5c,
  0x78, 0x38, 0x39, 0x5c, 0x78, 0x38, 0x64, 0x22, 0x09, 0x2d, 0x2d, 0x20,
  0x55, 0x2b, 0x66, 0x32, 0x34, 0x64, 0x0d, 0x0a, 0x49, 0x43, 0x4f, 0x4e,
  0x5f, 0x46, 0x41, 0x5f, 0x43, 0x4c, 0x4f, 0x53, 0x45, 0x44, 0x5f, 0x43,
  0x41, 0x50, 0x54, 0x49, 0x4f, 0x4e, 0x49, 0x4e, 0x47, 0x20, 0x3d, 0x20,
  0x22, 0x5c, 0x78, 0x65, 0x66, 0x5c, 0x78, 0x38, 0x38, 0x5c, 0x78, 0x38,
  0x61, 0x22, 0x09, 0x2d, 0x2d, 0x20, 0x55, 0x2b, 0x66, 0x32, 0x30, 0x61,
  0x0d, 0x0a, 0x49, 0x43, 0x4f, 0x4e, 0x5f, 0x46, 0x41, 0x5f, 0x43, 0x4c,
  0x4f, 0x55, 0x44, 0x20, 0x3d, 0x20, 0x22, 0x5c, 0x78, 0x65, 0x66, 0x5c,
  0x78, 0x38, 0x33, 0x5c, 0x78, 0x38, 0x32, 0x22, 0x09, 0x2d, 0x2d, 0x20,
  0x55, 0x2b, 0x66, 0x30, 0x63, 0x32, 0x0d, 0x0a, 0x49, 0x43, 0x4f, 0x4e,
  0x5f, 0x46, 0x41, 0x5f, 0x43, 0x4c, 0x4f, 0x55, 0x44, 0x5f, 0x41, 0x52,
  0x52, 0x4f, 0x57, 0x5f, 0x44, 0x4f, 0x57, 0x4e, 0x20, 0x3d, 0x20, 0x22,
  0x5c, 0x78, 0x65, 0x66, 0x5c, 0x78, 0x38, 0x33, 0x5c, 0x78, 0x61, 0x64,
  0x22, 0x09, 0x2d, 0x2d, 0x20, 0x55, 0x2b, 0x66, 0x30, 0x65, 0x64, 0x0d,
  0x0a, 0x49, 0x43, 0x4f, 0x4e, 0x5f, 0x46, 0x41, 0x5f, 0x43, 0x4c, 0x4f,
  0x55, 0x44, 0x5f, 0x41, 0x52, 0x52, 0x4f, 0x57, 0x5f, 0x55, 0x50, 0x20,
  0x3d, 0x20, 0x22, 0x5c, 0x78, 0x65, 0x66, 0x5c, 0x78, 0x38, 0x33, 0x5c,
  0x78, 0x61, 0x65, 0x22, 0x09, 0x2d, 0x2d, 0x20, 0x55, 0x2b, 0x66, 0x30,
  0x65, 0x65, 0x0d, 0x0a, 0x49, 0x43, 0x4f, 0x4e, 0x5f, 0x46, 0x41, 0x5f,
  0x43, 0x4c, 0x4f, 0x55, 0x44, 0x5f, 0x42, 0x4f, 0x4c, 0x54, 0x20, 0x3d,
  0x20, 0x22, 0x5c, 0x78, 0x65, 0x66, 0x5c, 0x78, 0x39, 0x64, 0x5c, 0x78,
  0x61, 0x63, 0x22, 0x09, 0x2d, 0x2d, 0x20, 0x55, 0x2b, 0x66, 0x37, 0x36,
  0x63, 0x0d, 0x0a, 0x49, 0x43, 0x4f, 0x4e, 0x5f, 0x46, 0x41, 0x5f, 0x43,
  0x4c, 0x4f, 0x55, 0x44, 0x5f, 0x4d, 0x45, 0x41, 0x54, 0x42, 0x41, 0x4c,
  0x4c, 0x20, 0x3d, 0x20, 0x22, 0x5c, 0x78, 0x65, 0x66, 0x5c, 0x78, 0x39,
  0x63, 0x5c, 0x78, 0x62, 0x62, 0x22, 0x09, 0x2d, 0x2d, 0x20, 0x55, 0x2b,
  0x66, 0x37, 0x33, 0x62, 0x0d, 0x0a, 0x49, 0x43, 0x4f, 0x4e, 0x5f, 0x46,
  0x41, 0x5f, 0x43, 0x4c, 0x4f, 0x55, 0x44, 0x5f, 0x4d, 0x4f, 0x4f, 0x4e,
  0x20, 0x3d, 0x20, 0x22, 0x5c, 0x78, 0x65, 0x66, 0x5c, 0x78, 0x39, 0x62,
  0x5c, 0x78, 0x38, 0x33, 0x22, 0x09, 0x2d, 0x2d, 0x20, 0x55, 0x2b, 0x66,
  0x36, 0x63, 0x33, 0x0d, 0x0a, 0x49, 0x43, 0x4f, 0x4e, 0x5f, 0x46, 0x41,
  0x5f, 0x43, 0x4c, 0x4f, 0x55, 0x44, 0x5f, 0x4d, 0x4f, 0x4f, 0x4e, 0x5f,
  0x52, 0x41, 0x49, 0x4e, 0x20, 0x3d, 0x20, 0x22, 0x5c, 0x78, 0x65, 0x66,
  0x5c, 0x78, 0x39, 0x63, 0x5c, 0x78, 0x62, 0x63, 0x22, 0x09, 0x2d, 0x2d,
  0x20, 0x55, 0x2b, 0x66, 0x37, 0x33, 0x63, 0x0d, 0x0a, 0x49, 0x43, 0x4f,
  0x4e, 0x5f, 0x46, 0x41, 0x5f, 0x43, 0x4c, 0x4f, 0x55, 0x44, 0x5f, 0x52,
  0x41, 0x49, 0x4e, 0x20, 0x3d, 0x20, 0x22, 0x5c, 0x78, 0x65, 0x66, 0x5c,
  0x78, 0x39, 0x63, 0x5c, 0x78, 0x62, 0x64, 0x22, 0x09, 0x2d, 0x2d, 0x20,
  0x55, 0x2b, 0x66, 0x37, 0x33, 0x64, 0x0d, 0x0a, 0x49, 0x43, 0x4f, 0x4e,
  0x5f, 0x46, 0x41, 0x5f, 0x43, 0x4c, 0x4f, 0x55, 0x44, 0x5f, 0x53, 0x48,
  0x4f, 0x57, 0x45, 0x52, 0x53, 0x5f, 0x48, 0x45, 0x41, 0x56, 0x59, 0x20,
  0x3d, 0x20, 0x22, 0x5c, 0x78, 0x65, 0x66, 0x5c, 0x78, 0x39, 0x64, 0x5c,
  0x78, 0x38, 0x30, 0x22, 0x09, 0x2d, 0x2d, 0x20, 0x55, 0x2b, 0x66, 0x37,
  0x34, 0x30, 0x0d, 0x0a, 0x49, 0x43, 0x4f, 0x4e, 0x5f, 0x46, 0x41, 0x5f,
  0x43, 0x4c, 0x4f, 0x55, 0x44, 0x5f, 0x53, 0x48, 0x4f, 0x57, 0x45, 0x52,
  0x53, 0x5f, 0x57, 0x41, 0x54, 0x45, 0x52, 0x20, 0x3d, 0x20, 0x22, 0x5c,
  0x78, 0x65, 0x65, 0x5c, 0x78, 0x39, 0x33, 0x5c, 0x78, 0x61, 0x34, 0x22,
  0x09, 0x2d, 0x2d, 0x20, 0x55, 0x2b, 0x65, 0x34, 0x65, 0x34, 0x0d, 0x0a,
  0x49, 0x43, 0x4f, 0x4e, 0x5f, 0x46, 0x41, 0x5f, 0x43, 0x4c, 0x4f, 0x55,
  0x44, 0x5f, 0x53, 0x55, 0x4e, 0x20, 0x3d, 0x20, 0x22, 0x5c, 0x78, 0x65,
  0x66, 0x5c, 0x78, 0x39, 0x62, 0x5c, 0x78, 0x38, 0x34, 0x22, 0x09, 0x2d,
  0x2d, 0x20, 0x55, 0x2b, 0x66, 0x36, 0x63, 0x34, 0x0d, 0x0a, 0x49, 0x43,
  0x4f, 0x4e, 0x5f, 0x46, 0x41, 0x5f, 0x43, 0x4c, 0x4f, 0x55, 0x44, 0x5f,
  0x53, 0x55, 0x4e, 0x5f, 0x52, 0x41, 0x49, 0x4e, 0x20, 0x3d, 0x20, 0x22,
  0x5c, 0x78, 0x65, 0x66, 0x5c, 0x78, 0x39, 0x64, 0x5c, 0x78, 0x38, 0x33,
  0x22, 0x09, 0x2d, 0x2d, 0x20, 0x55, 0x2b, 0x66, 0x37, 0x34, 0x33, 0x0d,
  0x0a, 0x49, 0x43, 0x4f, 0x4e, 0x5f, 0x46, 0x41, 0x5f, 0x43, 0x4c, 0x4f,
  0x56, 0x45, 0x52, 0x20, 0x3d, 0x20, 0x22, 0x5c, 0x78, 0x65, 0x65, 0x5c,
  0x78, 0x38, 0x34, 0x5c, 0x78, 0x62, 0x39, 0x22, 0x09, 0x2d, 0x2d, 0x20,
  0x55, 0x2b, 0x65, 0x31, 0x33, 0x39, 0x0d, 0x0a, 0x49, 0x43, 0x4f, 0x4e,
  0x5f, 0x46, 0x41, 0x5f, 0x43, 0x4f, 0x44, 0x45, 0x20, 0x3d, 0x20, 0x22,
  0x5c, 0x78, 0x65, 0x66, 0x5c, 0x78, 0x38, 0x34, 0x5c, 0x78, 0x61, 0x31,
  0x22, 0x09, 0x2d, 0x2d, 0x20, 0x55, 0x2b, 0x66, 0x31, 0x32, 0x31, 0x0d,
  0x0a, 0x49, 0x43, 0x4f, 0x4e, 0x5f, 0x46, 0x41, 0x5f, 0x43, 0x4f, 0x44,
  0x45, 0x5f, 0x42, 0x52, 0x41, 0x4e, 0x43, 0x48, 0x20, 0x3d, 0x20, 0x22,
  0x5c, 0x78, 0x65, 0x66, 0x5c, 0x78, 0x38, 0x34, 0x5c, 0x78, 0x61, 0x36,
  0x22, 0x09, 0x2d, 0x2d, 0x20, 0x55, 0x2b, 0x66, 0x31, 0x32, 0x36, 0x0d,
  0x0a, 0x49, 0x43, 0x4f, 0x4e, 0x5f, 0x46, 0x41, 0x5f, 0x43, 0x4f, 0x44,
  0x45, 0x5f, 0x43, 0x4f, 0x4d, 0x4d, 0x49, 0x54, 0x20, 0x3d, 0x20, 0x22,
  0x5c, 0x78, 0x65, 0x66, 0x5c, 0x78, 0x38, 0x65, 0x5c, 0x78, 0x38, 0x36,
  0x22, 0x09, 0x2d, 0x2d, 0x20, 0x55, 0x2b, 0x66, 0x33, 0x38, 0x36, 0x0d,
  0x0a, 0x49, 0x43, 0x4f, 0x4e, 0x5f, 0x46, 0x41, 0x5f, 0x43, 0x4f, 0x44,
  0x45, 0x5f, 0x43, 0x4f, 0x4d, 0x50, 0x41, 0x52, 0x45, 0x20, 0x3d, 0x20,
  0x22, 0x5c, 0x78, 0x65, 0x65, 0x5c, 0x78, 0x38, 0x34, 0x5c, 0x78, 0x62,
  0x61, 0x22, 0x09, 0x2d, 0x2d, 0x20, 0x55, 0x2b, 0x65, 0x31, 0x33, 0x61,
  0x0d, 0x0a, 0x49, 0x43, 0x4f, 0x4e, 0x5f, 0x46, 0x41, 0x5f, 0x43, 0x4f,
  0x44, 0x45, 0x5f, 0x46, 0x4f, 0x52, 0x4b, 0x20, 0x3d, 0x20, 0x22, 0x5c,
  0x78, 0x65, 0x65, 0x5c, 0x78, 0x38, 0x34, 0x5c, 0x78, 0x62, 0x62, 0x22,
  0x09, 0x2d, 0x2d, 0x20, 0x55, 0x2b, 0x65, 0x31, 0x33, 0x62, 0x0d, 0x0a,
  0x49, 0x43, 0x4f, 0x4e, 0x5f, 0x46, 0x41, 0x5f, 0x43, 0x4f, 0x44, 0x45,
  0x5f, 0x4d, 0x45, 0x52, 0x47, 0x45, 0x20, 0x3d, 0x20, 0x22, 0x5c, 0x78,
  0x65, 0x66, 0x5c, 0x78, 0x38, 0x65, 0x5c, 0x78, 0x38, 0x37, 0x22, 0x09,
  0x2d, 0x2d, 0x20, 0x55, 0x2b, 0x66, 0x33, 0x38, 0x37, 0x0d, 0x0a, 0x49,
  0x43, 0x4f, 0x4e, 0x5f, 0x46, 0x41, 0x5f, 0x43, 0x4f, 0x44, 0x45, 0x5f,
  0x50, 0x55, 0x4c, 0x4c, 0x5f, 0x52, 0x45, 0x51, 0x55, 0x45, 0x53, 0x54,
  0x20, 0x3d, 0x20, 0x22, 0x5c, 0x78, 0x65, 0x65, 0x5c, 0x78, 0x38, 0x34,
  0x5c, 0x78, 0x62, 0x63, 0x22, 0x09, 0x2d, 0x2d, 0x20, 0x55, 0x2b, 0x65,
  0x31, 0x33, 0x63, 0x0d, 0x0a, 0x49, 0x43, 0x4f, 0x4e, 0x5f, 0x46, 0x41,
  0x5f, 0x43, 0x4f, 0x49, 0x4e, 0x53, 0x20, 0x3d, 0x20, 0x22, 0x5c, 0x78,
  0x65, 0x66, 0x5c, 0x78, 0x39, 0x34, 0x5c, 0x78, 0x39, 0x65, 0x22, 0x09,
  0x2d, 0x2d, 0x20, 0x55, 0x2b, 0x66, 0x35, 0x31, 0x65, 0x0d, 0x0a, 0x49,
  0x43, 0x4f, 0x4e, 0x5f, 0x46, 0x41, 0x5f, 0x43, 0x4f, 0x4c, 0x4f, 0x4e,
  0x5f, 0x53, 0x49, 0x47, 0x4e, 0x20, 0x3d, 0x20, 0x22, 0x5c, 0x78, 0x65,
  0x65, 0x5c, 0x78, 0x38, 0x35, 0x5c, 0x78, 0x38, 0x30, 0x22, 0x09, 0x2d,
  0x2d, 0x20, 0x55, 0x2b, 0x65, 0x31, 0x34, 0x30, 0x0d, 0x0a, 0x49, 0x43,
  0x4f, 0x4e, 0x5f, 0x46, 0x41, 0x5f, 0x43, 0x4f, 0x4d, 0x4d, 0x45, 0x4e,
  0x54, 0x20, 0x3d, 0x20, 0x22, 0x5c, 0x78, 0x65, 0x66, 0x5c, 0x78, 0x38,
  0x31, 0x5c, 0x78, 0x62, 0x35, 0x22, 0x09, 0x2d, 0x2d, 0x20, 0x55, 0x2b,
  0x66, 0x30, 0x37, 0x35, 0x0d, 0x0a, 0x49, 0x43, 0x4f, 0x4e, 0x5f, 0x46,
  0x41, 0x5f, 0x43, 0x4f, 0x4d, 0x4d, 0x45, 0x4e, 0x54, 0x5f, 0x44, 0x4f,
  0x4c, 0x4c, 0x41, 0x52, 0x20, 0x3d, 0x20, 0x22, 0x5c, 0x78, 0x65, 0x66,
  0x5c, 0x78, 0x39, 0x39, 0x5c, 0x78, 0x39, 0x31, 0x22, 0x09, 0x2d, 0x2d,
  0x20, 0x55, 0x2b, 0x66, 0x36, 0x35, 0x31, 0x0d, 0x0a, 0x49, 0x43, 0x4f,
  0x4e, 0x5f, 0x46, 0x41, 0x5f, 0x43, 0x4f, 0x4d, 0x4d, 0x45, 0x4e, 0x54,
  0x5f, 0x44, 0x4f, 0x54, 0x53, 0x20, 0x3d, 0x20, 0x22, 0x5c, 0x78, 0x65,
  0x66, 0x5c, 0x78, 0x39, 0x32, 0x5c, 0x78, 0x61, 0x64, 0x22, 0x09, 0x2d,
  0x2d, 0x20, 0x55, 0x2b, 0x66, 0x34, 0x61, 0x64, 0x0d, 0x0a, 0x49, 0x43,
  0x4f, 0x4e, 0x5f, 0x46, 0x41, 0x5f, 0x43, 0x4f, 0x4d, 0x4d, 0x45, 0x4e,
  0x54, 0x5f, 0x4d, 0x45, 0x44, 0x49, 0x43, 0x41, 0x4c, 0x20, 0x3d, 0x20,
  0x22, 0x5c, 0x78, 0x65, 0x66, 0x5c, 0x78, 0x39, 0x66, 0x5c, 0x78, 0x62,
  0x35, 0x22, 0x09, 0x2d, 0x2d, 0x20, 0x55, 0x2b, 0x66, 0x37, 0x66, 0x35,
  0x0d, 0x0a, 0x49, 0x43, 0x4f, 0x4e, 0x5f, 0x46, 0x41, 0x5f, 0x43, 0x4f,
  0x4d, 0x4d, 0x45, 0x4e, 0x54, 0x5f, 0x4e, 0x4f, 0x44, 0x45, 0x53, 0x20,
  0x3d, 0x20, 0x22, 0x5c, 0x78, 0x65, 0x65, 0x5c, 0x78, 0x39, 0x61, 0x5c,
  0x78, 0x39, 0x36, 0x22, 0x09, 0x2d, 0x2d, 0x20, 0x55, 0x2b, 0x65, 0x36,
  0x39, 0x36, 0x0d, 0x0a, 0x49, 0x43, 0x4f, 0x4e, 0x5f, 0x46, 0x41, 0x5f,
  0x43, 0x4f, 0x4d, 0x4d, 0x45, 0x4e, 0x54, 0x5f, 0x53, 0x4c, 0x41, 0x53,
  0x48, 0x20, 0x3d, 0x20, 0x22, 0x5c, 0x78, 0x65, 0x66, 0x5c, 0x78, 0x39,
  0x32, 0x5c, 0x78, 0x62, 0x33, 0x22, 0x09, 0x2d, 0x2d, 0x20, 0x55, 0x2b,
  0x66, 0x34, 0x62, 0x33, 0x0d, 0x0a, 0x49, 0x43, 0x4f, 0x4e, 0x5f, 0x46,
  0x41, 0x5f, 0x43, 0x4f, 0x4d, 0x4d, 0x45, 0x4e, 0x54, 0x5f, 0x53, 0x4d,
  0x53, 0x20, 0x3d, 0x20, 0x22, 0x5c, 0x78, 0x65, 0x66, 0x5c, 0x78, 0x39,
  0x66, 0x5c, 0x78, 0x38, 0x64, 0x22, 0x09, 0x2d, 0x2d, 0x20, 0x55, 0x2b,
  0x66, 0x37, 0x63, 0x64, 0x0d, 0x0a, 0x49, 0x43, 0x4f, 0x4e, 0x5f, 0x46,
  0x41, 0x5f, 0x43, 0x4f, 0x4d, 0x4d, 0x45, 0x4e, 0x54, 0x53, 0x20, 0x3d,
  0x20, 0x22, 0x5c, 0x78, 0x65, 0x66, 0x5c, 0x78, 0x38, 0x32, 0x5c, 0x78,
  0x38, 0x36, 0x22, 0x09, 0x2d, 0x2d, 0x20, 0x55, 0x2b, 0x66, 0x30, 0x38,
  0x36, 0x0d, 0x0a, 0x49, 0x43, 0x4f, 0x4e, 0x5f, 0x46, 0x41, 0x5f, 0x43,
  0x4f, 0x4d, 0x4d, 0x45, 0x4e, 0x54, 0x53, 0x5f, 0x44, 0x4f, 0x4c, 0x4c,
  0x41, 0x52, 0x20, 0x3d, 0x20, 0x22, 0x5c, 0x78, 0x65, 0x66, 0x5c, 0x78,
  0x39, 0x39, 0x5c, 0x78, 0x39, 0x33, 0x22, 0x09, 0x2d, 0x2d, 0x20, 0x55,
  0x2b, 0x66, 0x36, 0x35, 0x33, 0x0d, 0x0a, 0x49, 0x43, 0x4f, 0x4e, 0x5f,
  0x46, 0x41, 0x5f, 0x43, 0x4f, 0x4d, 0x50, 0x41, 0x43, 0x54, 0x5f, 0x44,
  0x49, 0x53, 0x43, 0x20, 0x3d, 0x20, 0x22, 0x5c, 0x78, 0x65, 0x66, 0x5c,
  0x78, 0x39, 0x34, 0x5c, 0x78, 0x39, 0x66, 0x22, 0x09, 0x2d, 0x2d, 0x20,
  0x55, 0x2b, 0x66, 0x35, 0x31, 0x66, 0x0d, 0x0a, 0x49, 0x43, 0x4f, 0x4e,
  0x5f, 0x46, 0x41, 0x5f, 0x43, 0x4f, 0x4d, 0x50, 0x41, 0x53, 0x53, 0x20,
  0x3d, 0x20, 0x22, 0x5c, 0x78, 0x65, 0x66, 0x5c, 0x78, 0x38, 0x35, 0x5c,
  0x78, 0x38, 0x65, 0x22, 0x09, 0x2d, 0x2d, 0x20, 0x55, 0x2b, 0x66, 0x31,
  0x34, 0x65, 0x0d, 0x0a, 0x49, 0x43, 0x4f, 0x4e, 0x5f, 0x46, 0x41, 0x5f,
  0x43, 0x4f, 0x4d, 0x50, 0x41, 0x53, 0x53, 0x5f, 0x44, 0x52, 0x41, 0x46,
  0x54, 0x49, 0x4e, 0x47, 0x20, 0x3d, 0x20, 0x22, 0x5c, 0x78, 0x65, 0x66,
  0x5c, 0x78, 0x39, 0x35, 0x5c, 0x78, 0x61, 0x38, 0x22, 0x09, 0x2d, 0x2d,
  0x20, 0x55, 0x2b, 0x66, 0x35, 0x36, 0x38, 0x0d, 0x0a, 0x49, 0x43, 0x4f,
  0x4e, 0x5f, 0x46, 0x41, 0x5f, 0x43, 0x4f, 0x4d, 0x50, 0x52, 0x45, 0x53,
  0x53, 0x20, 0x3d, 0x20, 0x22, 0x5c, 0x78, 0x65, 0x66, 0x5c, 0x78, 0x38,
  0x31, 0x5c, 0x78, 0x61, 0x36, 0x22, 0x09, 0x2d, 0x2d, 0x20, 0x55, 0x2b,
  0x66, 0x30, 0x36, 0x36, 0x0d, 0x0a, 0x49, 0x43, 0x4f, 0x4e, 0x5f, 0x46,
  0x41, 0x5f, 0x43, 0x4f, 0x4d, 0x50, 0x55, 0x54, 0x45, 0x52, 0x20, 0x3d,
  0x20, 0x22, 0x5c, 0x78, 0x65, 0x65, 0x5c, 0x78, 0x39, 0x33, 0x5c, 0x78,
  0x61, 0x35, 0x22, 0x09, 0x2d, 0x2d, 0x20, 0x55, 0x2b, 0x65, 0x34, 0x65,
  0x35, 0x0d, 0x0a, 0x49, 0x43, 0x4f, 0x4e, 0x5f, 0x46, 0x41, 0x5f, 0x43,
  0x4f, 0x4d, 0x50, 0x55, 0x54, 0x45, 0x52, 0x5f, 0x4d, 0x4f, 0x55, 0x53,
  0x45, 0x20, 0x3d, 0x20, 0x22, 0x5c, 0x78, 0x65, 0x66, 0x5c, 0x78, 0x61,
  0x33, 0x5c, 0x78, 0x38, 0x63, 0x22, 0x09, 0x2d, 0x2d, 0x20, 0x55, 0x2b,
  0x66, 0x38, 0x63, 0x63, 0x0d, 0x0a, 0x49, 0x43, 0x4f, 0x4e, 0x5f, 0x46,
  0x41, 0x5f, 0x43, 0x4f, 0x4f, 0x4b, 0x49, 0x45, 0x20, 0x3d, 0x20, 0x22,
  0x5c, 0x78, 0x65, 0x66, 0x5c, 0x78, 0x39, 0x35, 0x5c, 0x78, 0x61, 0x33,
  0x22, 0x09, 0x2d, 0x2d, 0x20, 0x55, 0x2b, 0x66, 0x35, 0x36, 0x33, 0x0d,
  0x0a, 0x49, 0x43, 0x4f, 0x4e, 0x5f, 0x46, 0x41, 0x5f, 0x43, 0x4f, 0x4f,
  0x4b, 0x49, 0x45, 0x5f, 0x42, 0x49, 0x54, 0x45, 0x20, 0x3d, 0x20, 0x22,
  0x5c, 0x78, 0x65, 0x66, 0x5c, 0x78, 0x39, 0x35, 0x5c, 0x78, 0x61, 0x34,
  0x22, 0x09, 0x2d, 0x2d, 0x20, 0x55, 0x2b, 0x66, 0x35, 0x36, 0x34, 0x0d,
  0x0a, 0x49, 0x43, 0x4f, 0x4e, 0x5f, 0x46, 0x41, 0x5f, 0x43, 0x4f, 0x50,
  0x59, 0x20, 0x3d, 0x20, 0x22, 0x5c, 0x78, 0x65, 0x66, 0x5c, 0x78, 0x38,
  0x33, 0x5c, 0x78, 0x38, 0x35, 0x22, 0x09, 0x2d, 0x2d, 0x20, 0x55, 0x2b,
  0x66, 0x30, 0x63, 0x35, 0x0d, 0x0a, 0x49, 0x43, 0x4f, 0x4e, 0x5f, 0x46,
  0x41, 0x5f, 0x43, 0x4f, 0x50, 0x59, 0x52, 0x49, 0x47, 0x48, 0x54, 0x20,
  0x3d, 0x20, 0x22, 0x5c, 0x78, 0x65, 0x66, 0x5c, 0x78, 0x38, 0x37, 0x5c,
  0x78, 0x62, 0x39, 0x22, 0x09, 0x2d, 0x2d, 0x20, 0x55, 0x2b, 0x66, 0x31,
  0x66, 0x39, 0x0d, 0x0a, 0x49, 0x43, 0x4f, 0x4e, 0x5f, 0x46, 0x41, 0x5f,
  0x43, 0x4f, 0x55, 0x43, 0x48, 0x20, 0x3d, 0x20, 0x22, 0x5c, 0x78, 0x65,
  0x66, 0x5c, 0x78, 0x39, 0x32, 0x5c, 0x78, 0x62, 0x38, 0x22, 0x09, 0x2d,
  0x2d, 0x20, 0x55, 0x2b, 0x66, 0x34, 0x62, 0x38, 0x0d, 0x0a, 0x49, 0x43,
  0x4f, 0x4e, 0x5f, 0x46, 0x41, 0x5f, 0x43, 0x4f, 0x57, 0x20, 0x3d, 0x20,
  0x22, 0x5c, 0x78, 0x65, 0x66, 0x5c, 0x78, 0x39, 0x62, 0x5c, 0x78, 0x38,
  0x38, 0x22, 0x09, 0x2d, 0x2d, 0x20, 0x55, 0x2b, 0x66, 0x36, 0x63, 0x38,
  0x0d, 0x0a, 0x49, 0x43, 0x4f, 0x4e, 0x5f, 0x46, 0x41, 0x5f, 0x43, 0x52,
  0x45, 0x44, 0x49, 0x54, 0x5f, 0x43, 0x41, 0x52, 0x44, 0x20, 0x3d, 0x20,
  0x22, 0x5c, 0x78, 0x65, 0x66, 0x5c, 0x78, 0x38, 0x32, 0x5c, 0x78, 0x39,
  0x64, 0x22, 0x09, 0x2d, 0x2d, 0x20, 0x55, 0x2b, 0x66, 0x30, 0x39, 0x64,
  0x0d, 0x0a, 0x49, 0x43, 0x4f, 0x4e, 0x5f, 0x46, 0x41, 0x5f, 0x43, 0x52,
  0x4f, 0x50, 0x20, 0x3d, 0x20, 0x22, 0x5c, 0x78, 0x65, 0x66, 0x5c, 0x78,
  0x38, 0x34, 0x5c, 0x78, 0x61, 0x35, 0x22, 0x09, 0x2d, 0x2d, 0x20, 0x55,
  0x2b, 0x66, 0x31, 0x32, 0x35, 0x0d, 0x0a, 0x49, 0x43, 0x4f, 0x4e, 0x5f,
  0x46, 0x41, 0x5f, 0x43, 0x52, 0x4f, 0x50, 0x5f, 0x53, 0x49, 0x4d, 0x50,
  0x4c, 0x45, 0x20, 0x3d, 0x20, 0x22, 0x5c, 0x78, 0x65, 0x66, 0x5c, 0x78,
  0x39, 0x35, 0x5c, 0x78, 0x61, 0x35, 0x22, 0x09, 0x2d, 0x2d, 0x20, 0x55,
  0x2b, 0x66, 0x35, 0x36, 0x35, 0x0d, 0x0a, 0x49, 0x43, 0x4f, 0x4e, 0x5f,
  0x46, 0x41, 0x5f, 0x43, 0x52, 0x4f, 0x53, 0x53, 0x20, 0x3d, 0x20, 0x22,
  0x5c, 0x78, 0x65, 0x66, 0x5c, 0x78, 0x39, 0x39, 0x5c, 0x78, 0x39, 0x34,
  0x22, 0x09, 0x2d, 0x2d, 0x20, 0x55, 0x2b, 0x66, 0x36, 0x35, 0x34, 0x0d,
  0x0a, 0x49, 0x43, 0x4f, 0x4e, 0x5f, 0x46, 0x41, 0x5f, 0x43, 0x52, 0x4f,
  0x53, 0x53, 0x48, 0x41, 0x49, 0x52, 0x53, 0x20, 0x3d, 0x20, 0x22, 0x5c,
  0x78, 0x65, 0x66, 0x5c, 0x78, 0x38, 0x31, 0x5c, 0x78, 0x39, 0x62, 0x22,
  0x09, 0x2d, 0x2d, 0x20, 0x55, 0x2b, 0x66, 0x30, 0x35, 0x62, 0x0d, 0x0a,
  0x49, 0x43, 0x4f, 0x4e, 0x5f, 0x46, 0x41, 0x5f, 0x43, 0x52, 0x4f, 0x57,
  0x20, 0x3d, 0x20, 0x22, 0x5c, 0x78, 0x65, 0x66, 0x5c, 0x78, 0x39, 0x34,
  0x5c, 0x78, 0x61, 0x30, 0x22, 0x09, 0x2d, 0x2d, 0x20, 0x55, 0x2b, 0x66,
  0x35, 0x32, 0x30, 0x0d, 0x0a, 0x49, 0x43, 0x4f, 0x4e, 0x5f, 0x46, 0x41,
  0x5f, 0x43, 0x52, 0x4f, 0x57, 0x4e, 0x20, 0x3d, 0x20, 0x22, 0x5c, 0x78,
  0x65, 0x66, 0x5c, 0x78, 0x39, 0x34, 0x5c, 0x78, 0x61, 0x31, 0x22, 0x09,
  0x2d, 0x2d, 0x20, 0x55, 0x2b, 0x66, 0x35, 0x32, 0x31, 0x0d, 0x0a, 0x49,
  0x43, 0x4f, 0x4e, 0x5f, 0x46, 0x41, 0x5f, 0x43, 0x52, 0x55, 0x54, 0x43,
  0x48, 0x20, 0x3d, 0x20, 0x22, 0x5c, 0x78, 0x65, 0x66, 0x5c, 0x78, 0x39,
  0x66, 0x5c, 0x78, 0x62, 0x37, 0x22, 0x09, 0x2d, 0x2d, 0x20, 0x55, 0x2b,
  0x66, 0x37, 0x66, 0x37, 0x0d, 0x0a, 0x49, 0x43, 0x4f, 0x4e, 0x5f, 0x46,
  0x41, 0x5f, 0x43, 0x52, 0x55, 0x5a, 0x45, 0x49, 0x52, 0x4f, 0x5f, 0x53,
  0x49, 0x47, 0x4e, 0x20, 0x3d, 0x20, 0x22, 0x5c, 0x78, 0x65, 0x65, 0x5c,
  0x78, 0x38, 0x35, 0x5c, 0x78, 0x39, 0x32, 0x22, 0x09, 0x2d, 0x2d, 0x20,
  0x55, 0x2b, 0x65, 0x31, 0x35, 0x32, 0x0d, 0x0a, 0x49, 0x43, 0x4f, 0x4e,
  0x5f, 0x46, 0x41, 0x5f, 0x43, 0x55, 0x42, 0x45, 0x20, 0x3d, 0x20, 0x22,
  0x5c, 0x78, 0x65, 0x66, 0x5c, 0x78, 0x38, 0x36, 0x5c, 0x78, 0x62, 0x32,
  0x22, 0x09, 0x2d, 0x2d, 0x20, 0x55, 0x2b, 0x66, 0x31, 0x62, 0x32, 0x0d,
  0x0a, 0x49, 0x43, 0x4f, 0x4e, 0x5f, 0x46, 0x41, 0x5f, 0x43, 0x55, 0x42,
  0x45, 0x53, 0x20, 0x3d, 0x20, 0x22, 0x5c, 0x78, 0x65, 0x66, 0x5c, 0x78,
  0x38, 0x36, 0x5c, 0x78, 0x62, 0x33, 0x22, 0x09, 0x2d, 0x2d, 0x20, 0x55,
  0x2b, 0x66, 0x31, 0x62, 0x33, 0x0d, 0x0a, 0x49, 0x43, 0x4f, 0x4e, 0x5f,
  0x46, 0x41, 0x5f, 0x43, 0x55, 0x42, 0x45, 0x53, 0x5f, 0x53, 0x54, 0x41,
  0x43, 0x4b, 0x45, 0x44, 0x20, 0x3d, 0x20, 0x22, 0x5c, 0x78, 0x65, 0x65,
  0x5c, 0x78, 0x39, 0x33, 0x5c, 0x78, 0x61, 0x36, 0x22, 0x09, 0x2d, 0x2d,
  0x20, 0x55, 0x2b, 0x65, 0x34, 0x65, 0x36, 0x0d, 0x0a, 0x49, 0x43, 0x4f,
  0x4e, 0x5f, 0x46, 0x41, 0x5f, 0x44, 0x20, 0x3d, 0x20, 0x22, 0x44, 0x22,
  0x09, 0x2d, 0x2d, 0x20, 0x55, 0x2b, 0x30, 0x30, 0x34, 0x34, 0x0d, 0x0a,
  0x49, 0x43, 0x4f, 0x4e, 0x5f, 0x46, 0x41, 0x5f, 0x44, 0x41, 0x54, 0x41,
  0x42, 0x41, 0x53, 0x45, 0x20, 0x3d, 0x20, 0x22, 0x5c, 0x78, 0x65, 0x66,
  0x5c, 0x78, 0x38, 0x37, 0x5c, 0x78, 0x38, 0x30, 0x22, 0x09, 0x2d, 0x2d,
  0x20, 0x55, 0x2b, 0x66, 0x31, 0x63, 0x30, 0x0d, 0x0a, 0x49, 0x43, 0x4f,
  0x4e, 0x5f, 0x46, 0x41, 0x5f, 0x44, 0x45, 0x4c, 0x45, 0x54, 0x45, 0x5f,
  0x4c, 0x45, 0x46, 0x54, 0x20, 0x3d, 0x20, 0x22, 0x5c, 0x78, 0x65, 0x66,
  0x5c, 0x78, 0x39, 0x35, 0x5c, 0x78, 0x39, 0x61, 0x22, 0x09, 0x2d, 0x2d,
  0x20, 0x55, 0x2b, 0x66, 0x35, 0x35, 0x61, 0x0d, 0x0a, 0x49, 0x43, 0x4f,
  0x4e, 0x5f, 0x46, 0x41, 0x5f, 0x44, 0x45, 0x4d, 0x4f, 0x43, 0x52, 0x41,
  0x54, 0x20, 0x3d, 0x20, 0x22, 0x5c, 0x78, 0x65, 0x66, 0x5c, 0x78, 0x39,
  0x64, 0x5c, 0x78, 0x38, 0x37, 0x22, 0x09, 0x2d, 0x2d, 0x20, 0x55, 0x2b,
  0x66, 0x37, 0x34, 0x37, 0x0d, 0x0a, 0x49, 0x43, 0x4f, 0x4e, 0x5f, 0x46,
  0x41, 0x5f, 0x44, 0x45, 0x53, 0x4b, 0x54, 0x4f, 0x50, 0x20, 0x3d, 0x20,
  0x22, 0x5c, 0x78, 0x65, 0x66, 0x5c, 0x78, 0x38, 0x65, 0x5c, 0x78, 0x39,
  0x30, 0x22, 0x09, 0x2d, 0x2d, 0x20, 0x55, 0x2b, 0x66, 0x33, 0x39, 0x30,
  0x0d, 0x0a, 0x49, 0x43, 0x4f, 0x4e, 0x5f, 0x46, 0x41, 0x5f, 0x44, 0x48,
  0x41, 0x52, 0x4d, 0x41, 0x43, 0x48, 0x41, 0x4b, 0x52, 0x41, 0x20, 0x3d,
  0x20, 0x22, 0x5c, 0x78, 0x65, 0x66, 0x5c, 0x78, 0x39, 0x39, 0x5c, 0x78,
  0x39, 0x35, 0x22, 0x09, 0x2d, 0x2d, 0x20, 0x55, 0x2b, 0x66, 0x36, 0x35,
  0x35, 0x0d, 0x0a, 0x49, 0x43, 0x4f, 0x4e, 0x5f, 0x46, 0x41, 0x5f, 0x44,
  0x49, 0x41, 0x47, 0x52, 0x41, 0x4d, 0x5f, 0x4e, 0x45, 0x58, 0x54, 0x20,
  0x3d, 0x20, 0x22, 0x5c, 0x78, 0x65, 0x65, 0x5c, 0x78, 0x39, 0x31, 0x5c,
  0x78, 0x62, 0x36, 0x22, 0x09, 0x2d, 0x2d, 0x20, 0x55, 0x2b, 0x65, 0x34,
  0x37, 0x36, 0x0d, 0x0a, 0x49, 0x43, 0x4f, 0x4e, 0x5f, 0x46, 0x41, 0x5f,
  0x44, 0x49, 0x41, 0x47, 0x52, 0x41, 0x4d, 0x5f, 0x50, 0x52, 0x45, 0x44,
  0x45, 0x43, 0x45, 0x53, 0x53, 0x4f, 0x52, 0x20, 0x3d, 0x20, 0x22, 0x5c,
  0x78, 0x65, 0x65, 0x5c, 0x78, 0x39, 0x31, 0x5c, 0x78, 0x62, 0x37, 0x22,
  0x09, 0x2d, 0x2d, 0x20, 0x55, 0x2b, 0x65, 0x34, 0x37, 0x37, 0x0d, 0x0a,
  0x49, 0x43, 0x4f, 0x4e, 0x5f, 0x46, 0x41, 0x5f, 0x44, 0x49, 0x41, 0x47,
  0x52, 0x41, 0x4d, 0x5f, 0x50, 0x52, 0x4f, 0x4a, 0x45, 0x43, 0x54, 0x20,
  0x3d, 0x20, 0x22, 0x5c, 0x78, 0x65, 0x66, 0x5c, 0x78, 0x39, 0x35, 0x5c,
  0x78, 0x38, 0x32, 0x22, 0x09, 0x2d, 0x2d, 0x20, 0x55, 0x2b, 0x66, 0x35,
  0x34, 0x32, 0x0d, 0x0a, 0x49, 0x43, 0x4f, 0x4e, 0x5f, 0x46, 0x41, 0x5f,
  0x44, 0x49, 0x41, 0x47, 0x52, 0x41, 0x4d, 0x5f, 0x53, 0x55, 0x43, 0x43,
  0x45, 0x53, 0x53, 0x4f, 0x52, 0x20, 0x3d, 0x20, 0x22, 0x5c, 0x78, 0x65,
  0x65, 0x5c, 0x78, 0x39, 0x31, 0x5c, 0x78, 0x62, 0x61, 0x22, 0x09, 0x2d,
  0x2d, 0x20, 0x55, 0x2b, 0x65, 0x34, 0x37, 0x61, 0x0d, 0x0a, 0x49, 0x43,
  0x4f, 0x4e, 0x5f, 0x46, 0x41, 0x5f, 0x44, 0x49, 0x41, 0x4d, 0x4f, 0x4e,
  0x44, 0x20, 0x3d, 0x20, 0x22, 0x5c, 0x78, 0x65, 0x66, 0x5c, 0x78, 0x38,
  0x38, 0x5c, 0x78, 0x39, 0x39, 0x22, 0x09, 0x2d, 0x2d, 0x20, 0x55, 0x2b,
  0x66, 0x32, 0x31, 0x39, 0x0d, 0x0a, 0x49, 0x43, 0x4f, 0x4e, 0x5f, 0x46,
  0x41, 0x5f, 0x44, 0x49, 0x41, 0x4d, 0x4f, 0x4e, 0x44, 0x5f, 0x54, 0x55,
  0x52, 0x4e, 0x5f, 0x52, 0x49, 0x47, 0x48, 0x54, 0x20, 0x3d, 0x20, 0x22,
  0x5c, 0x78, 0x65, 0x66, 0x5c, 0x78, 0x39, 0x37, 0x5c, 0x78, 0x61, 0x62,
  0x22, 0x09, 0x2d, 0x2d, 0x20, 0x55, 0x2b, 0x66, 0x35, 0x65, 0x62, 0x0d,
  0x0a, 0x49, 0x43, 0x4f, 0x4e, 0x5f, 0x46, 0x41, 0x5f, 0x44, 0x49, 0x43,
  0x45, 0x20, 0x3d, 0x20, 0x22, 0x5c, 0x78, 0x65, 0x66, 0x5c, 0x78, 0x39,
  0x34, 0x5c, 0x78, 0x61, 0x32, 0x22, 0x09, 0x2d, 0x2d, 0x20, 0x55, 0x2b,
  0x66, 0x35, 0x32, 0x32, 0x0d, 0x0a, 0x49, 0x43, 0x4f, 0x4e, 0x5f, 0x46,
  0x41, 0x5f, 0x44, 0x49, 0x43, 0x45, 0x5f, 0x44, 0x32, 0x30, 0x20, 0x3d,
  0x20, 0x22, 0x5c, 0x78, 0x65, 0x66, 0x5c, 0x78, 0x39, 0x62, 0x5c, 0x78,
  0x38, 0x66, 0x22, 0x09, 0x2d, 0x2d, 0x20, 0x55, 0x2b, 0x66, 0x36, 0x63,
  0x66, 0x0d, 0x0a, 0x49, 0x43, 0x4f, 0x4e, 0x5f, 0x46, 0x41, 0x5f, 0x44,
  0x49, 0x43, 0x45, 0x5f, 0x44, 0x36, 0x20, 0x3d, 0x20, 0x22, 0x5c, 0x78,
  0x65, 0x66, 0x5c, 0x78, 0x39, 0x62, 0x5c, 0x78, 0x39, 0x31, 0x22, 0x09,
  0x2d, 0x2d, 0x20, 0x55, 0x2b, 0x66, 0x36, 0x64, 0x31, 0x0d, 0x0a, 0x49,
  0x43, 0x4f, 0x4e, 0x5f, 0x46, 0x41, 0x5f, 0x44, 0x49, 0x43, 0x45, 0x5f,
  0x46, 0x49, 0x56, 0x45, 0x20, 0x3d, 0x20, 0x22, 0x5c, 0x78, 0x65, 0x66,
  0x5c, 0x78, 0x39, 0x34, 0x5c, 0x78, 0x61, 0x33, 0x22, 0x09, 0x2d, 0x2d,
  0x20, 0x55, 0x2b, 0x66, 0x35, 0x32, 0x33, 0x0d, 0x0a, 0x49, 0x43, 0x4f,
  0x4e, 0x5f, 0x46, 0x41, 0x5f, 0x44, 0x49, 0x43, 0x45, 0x5f, 0x46, 0x4f,
  0x55, 0x52, 0x20, 0x3d, 0x20, 0x22, 0x5c, 0x78, 0x65, 0x66, 0x5c, 0x78,
  0x39, 0x34, 0x5c, 0x78, 0x61, 0x34, 0x22, 0x09, 0x2d, 0x2d, 0x20, 0x55,
  0x2b, 0x66, 0x35, 0x32, 0x34, 0x0d, 0x0a, 0x49, 0x43, 0x4f, 0x4e, 0x5f,
  0x46, 0x41, 0x5f, 0x44, 0x49, 0x43, 0x45, 0x5f, 0x4f, 0x4e, 0x45, 0x20,
  0x3d, 0x20, 0x22, 0x5c, 0x78, 0x65, 0x66, 0x5c, 0x78, 0x39, 0x34, 0x5c,
  0x78, 0x61, 0x35, 0x22, 0x09, 0x2d, 0x2d, 0x20, 0x55, 0x2b, 0x66, 0x35,
  0x32, 0x35, 0x0d, 0x0a, 0x49, 0x43, 0x4f, 0x4e, 0x5f, 0x46, 0x41, 0x5f,
  0x44, 0x49, 0x43, 0x45, 0x5f, 0x53, 0x49, 0x58, 0x20, 0x3d, 0x20, 0x22,
  0x5c, 0x78, 0x65, 0x66, 0x5c, 0x78, 0x39, 0x34, 0x5c, 0x78, 0x61, 0x36,
  0x22, 0x09, 0x2d, 0x2d, 0x20, 0x55, 0x2b, 0x66, 0x35, 0x32, 0x36, 0x0d,
  0x0a, 0x49, 0x43, 0x4f, 0x4e, 0x5f, 0x46, 0x41, 0x5f, 0x44, 0x49, 0x43,
  0x45, 0x5f, 0x54, 0x48, 0x52, 0x45, 0x45, 0x20, 0x3d, 0x20, 0x22, 0x5c,
  0x78, 0x65, 0x66, 0x5c, 0x78, 0x39, 0x34, 0x5c, 0x78, 0x61, 0x37, 0x22,
  0x09, 0x2d, 0x2d, 0x20, 0x55, 0x2b, 0x66, 0x35, 0x32, 0x37, 0x0d, 0x0a,
  0x49, 0x43, 0x4f, 0x4e, 0x5f, 0x46, 0x41, 0x5f, 0x44, 0x49, 0x43, 0x45,
  0x5f, 0x54, 0x57, 0x4f, 0x20, 0x3d, 0x20, 0x22, 0x5c, 0x78, 0x65, 0x66,
  0x5c, 0x78, 0x39, 0x34, 0x5c, 0x78, 0x61, 0x38, 0x22, 0x09, 0x2d, 0x2d,
  0x20, 0x55, 0x2b, 0x66, 0x35, 0x32, 0x38, 0x0d, 0x0a, 0x49, 0x43, 0x4f,
  0x4e, 0x5f, 0x46, 0x41, 0x5f, 0x44, 0x49, 0x53, 0x45, 0x41, 0x53, 0x45,
  0x20, 0x3d, 0x20, 0x22, 0x5c, 0x78, 0x65, 0x66, 0x5c, 0x78, 0x39, 0x66,
  0x5c, 0x78, 0x62, 0x61, 0x22, 0x09, 0x2d, 0x2d, 0x20, 0x55, 0x2b, 0x66,
  0x37, 0x66, 0x61, 0x0d, 0x0a, 0x49, 0x43, 0x4f, 0x4e, 0x5f, 0x46, 0x41,
  0x5f, 0x44, 0x49, 0x53, 0x50, 0x4c, 0x41, 0x59, 0x20, 0x3d, 0x20, 0x22,
  0x5c, 0x78, 0x65, 0x65, 0x5c, 0x78, 0x38, 0x35, 0x5c, 0x78, 0x61, 0x33,
  0x22, 0x09, 0x2d, 0x2d, 0x20, 0x55, 0x2b, 0x65, 0x31, 0x36, 0x33, 0x0d,
  0x0a, 0x49, 0x43, 0x4f, 0x4e, 0x5f, 0x46, 0x41, 0x5f, 0x44, 0x49, 0x56,
  0x49, 0x44, 0x45, 0x20, 0x3d, 0x20, 0x22, 0x5c, 0x78, 0x65, 0x66, 0x5c,
  0x78, 0x39, 0x34, 0x5c, 0x78, 0x61, 0x39, 0x22, 0x09, 0x2d, 0x2d, 0x20,
  0x55, 0x2b, 0x66, 0x35, 0x32, 0x39, 0x0d, 0x0a, 0x49, 0x43, 0x4f, 0x4e,
  0x5f, 0x46, 0x41, 0x5f, 0x44, 0x4e, 0x41, 0x20, 0x3d, 0x20, 0x22, 0x5c,
  0x78, 0x65, 0x66, 0x5c, 0x78, 0x39, 0x31, 0x5c, 0x78, 0x62, 0x31, 0x22,
  0x09, 0x2d, 0x2d, 0x20, 0x55, 0x2b, 0x66, 0x34, 0x37, 0x31, 0x0d, 0x0a,
  0x49, 0x43, 0x4f, 0x4e, 0x5f, 0x46, 0x41, 0x5f, 0x44, 0x4f, 0x47, 0x20,
  0x3d, 0x20, 0x22, 0x5c, 0x78, 0x65, 0x66, 0x5c, 0x78, 0x39, 0x62, 0x5c,
  0x78, 0x39, 0x33, 0x22, 0x09, 0x2d, 0x2d, 0x20, 0x55, 0x2b, 0x66, 0x36,
  0x64, 0x33, 0x0d, 0x0a, 0x49, 0x43, 0x4f, 0x4e, 0x5f, 0x46, 0x41, 0x5f,
  0x44, 0x4f, 0x4c, 0x4c, 0x41, 0x52, 0x5f, 0x53, 0x49, 0x47, 0x4e, 0x20,
  0x3d, 0x20, 0x22, 0x24, 0x22, 0x09, 0x2d, 0x2d, 0x20, 0x55, 0x2b, 0x30,
  0x30, 0x32, 0x34, 0x0d, 0x0a, 0x49, 0x43, 0x4f, 0x4e, 0x5f, 0x46, 0x41,
  0x5f, 0x44, 0x4f, 0x4c, 0x4c, 0x59, 0x20, 0x3d, 0x20, 0x22, 0x5c, 0x78,
  0x65, 0x66, 0x5c, 0x78, 0x39, 0x31, 0x5c, 0x78, 0x62, 0x32, 0x22, 0x09,
  0x2d, 0x2d, 0x20, 0x55, 0x2b, 0x66, 0x34, 0x37, 0x32, 0x0d, 0x0a, 0x49,
  0x43, 0x4f, 0x4e, 0x5f, 0x46, 0x41, 0x5f, 0x44, 0x4f, 0x4e, 0x47, 0x5f,
  0x53, 0x49, 0x47, 0x4e, 0x20, 0x3d, 0x20, 0x22, 0x5c, 0x78, 0x65, 0x65,
  0x5c, 0x78, 0x38, 0x35, 0x5c, 0x78, 0x61, 0x39, 0x22, 0x09, 0x2d, 0x2d,
  0x20, 0x55, 0x2b, 0x65, 0x31, 0x36, 0x39, 0x0d, 0x0a, 0x49, 0x43, 0x4f,
  0x4e, 0x5f, 0x46, 0x41, 0x5f, 0x44, 0x4f, 0x4f, 0x52, 0x5f, 0x43, 0x4c,
  0x4f, 0x53, 0x45, 0x44, 0x20, 0x3d, 0x20, 0x22, 0x5c, 0x78, 0x65, 0x66,
  0x5c, 0x78, 0x39, 0x34, 0x5c, 0x78, 0x61, 0x61, 0x22, 0x09, 0x2d, 0x2d,
  0x20, 0x55, 0x2b, 0x66, 0x35, 0x32, 0x61, 0x0d, 0x0a, 0x49, 0x43, 0x4f,
  0x4e, 0x5f, 0x46, 0x41, 0x5f, 0x44, 0x4f, 0x4f, 0x52, 0x5f, 0x4f, 0x50,
  0x45, 0x4e, 0x20, 0x3d, 0x20, 0x22, 0x5c, 0x78, 0x65, 0x66, 0x5c, 0x78,
  0x39, 0x34, 0x5c, 0x78, 0x61, 0x62, 0x22, 0x09, 0x2d, 0x2d, 0x20, 0x55,
  0x2b, 0x66, 0x35, 0x32, 0x62, 0x0d, 0x0a, 0x49, 0x43, 0x4f, 0x4e, 0x5f,
  0x46, 0x41, 0x5f, 0x44, 0x4f, 0x56, 0x45, 0x20, 0x3d, 0x20, 0x22, 0x5c,
  0x78, 0x65, 0x66, 0x5c, 0x78, 0x39, 0x32, 0x5c, 0x78, 0x62, 0x61, 0x22,
  0x09, 0x2d, 0x2d, 0x20, 0x55, 0x2b, 0x66, 0x34, 0x62, 0x61, 0x0d, 0x0a,
  0x49, 0x43, 0x4f, 0x4e, 0x5f, 0x46, 0x41, 0x5f, 0x44, 0x4f, 0x57, 0x4e,
  0x5f, 0x4c, 0x45, 0x46, 0x54, 0x5f, 0x41, 0x4e, 0x44, 0x5f, 0x55, 0x50,
  0x5f, 0x52, 0x49, 0x47, 0x48, 0x54, 0x5f, 0x54, 0x4f, 0x5f, 0x43, 0x45,
  0x4e, 0x54, 0x45, 0x52, 0x20, 0x3d, 0x20, 0x22, 0x5c, 0x78, 0x65, 0x66,
  0x5c, 0x78, 0x39, 0x30, 0x5c, 0x78, 0x61, 0x32, 0x22, 0x09, 0x2d, 0x2d,
  0x20, 0x55, 0x2b, 0x66, 0x34, 0x32, 0x32, 0x0d, 0x0a, 0x49, 0x43, 0x4f,
  0x4e, 0x5f, 0x46, 0x41, 0x5f, 0x44, 0x4f, 0x57, 0x4e, 0x5f, 0x4c, 0x4f,
  0x4e, 0x47, 0x20, 0x3d, 0x20, 0x22, 0x5c, 0x78, 0x65, 0x66, 0x5c, 0x78,
  0x38, 0x63, 0x5c, 0x78, 0x38, 0x39, 0x22, 0x09, 0x2d, 0x2d, 0x20, 0x55,
  0x2b, 0x66, 0x33, 0x30, 0x39, 0x0d, 0x0a, 0x49, 0x43, 0x4f, 0x4e, 0x5f,
  0x46, 0x41, 0x5f, 0x44, 0x4f, 0x57, 0x4e, 0x4c, 0x4f, 0x41, 0x44, 0x20,
  0x3d, 0x20, 0x22, 0x5c, 0x78, 0x65, 0x66, 0x5c, 0x78, 0x38, 0x30, 0x5c,
  0x78, 0x39, 0x39, 0x22, 0x09, 0x2d, 0x2d, 0x20, 0x55, 0x2b, 0x66, 0x30,
  0x31, 0x39, 0x0d, 0x0a, 0x49, 0x43, 0x4f, 0x4e, 0x5f, 0x46, 0x41, 0x5f,
  0x44, 0x52, 0x41, 0x47, 0x4f, 0x4e, 0x20, 0x3d, 0x20, 0x22, 0x5c, 0x78,
  0x65, 0x66, 0x5c, 0x78, 0x39, 0x62, 0x5c, 0x78, 0x39, 0x35, 0x22, 0x09,
  0x2d, 0x2d, 0x20, 0x55, 0x2b, 0x66, 0x36, 0x64, 0x35, 0x0d, 0x0a, 0x49,
  0x43, 0x4f, 0x4e, 0x5f, 0x46, 0x41, 0x5f, 0x44, 0x52, 0x41, 0x57, 0x5f,
  0x50, 0x4f, 0x4c, 0x59, 0x47, 0x4f, 0x4e, 0x20, 0x3d, 0x20, 0x22, 0x5c,
  0x78, 0x65, 0x66, 0x5c, 0x78, 0x39, 0x37, 0x5c, 0x78, 0x61, 0x65, 0x22,
  0x09, 0x2d, 0x2d, 0x20, 0x55, 0x2b, 0x66, 0x35, 0x65, 0x65, 0x0d, 0x0a,
  0x49, 0x43, 0x4f, 0x4e, 0x5f, 0x46, 0x41, 0x5f, 0x44, 0x52, 0x4f, 0x50,
  0x4c, 0x45, 0x54, 0x20, 0x3d, 0x20, 0x22, 0x5c, 0x78, 0x65, 0x66, 0x5c,
  0x78, 0x38, 0x31, 0x5c, 0x78, 0x38, 0x33, 0x22, 0x09, 0x2d, 0x2d, 0x20,
  0x55, 0x2b, 0x66, 0x30, 0x34, 0x33, 0x0d, 0x0a, 0x49, 0x43, 0x4f, 0x4e,
  0x5f, 0x46, 0x41, 0x5f, 0x44, 0x52, 0x4f, 0x50, 0x4c, 0x45, 0x54, 0x5f,
  0x53, 0x4c, 0x41, 0x53, 0x48, 0x20, 0x3d, 0x20, 0x22, 0x5c, 0x78, 0x65,
  0x66, 0x5c, 0x78, 0x39, 0x37, 0x5c, 0x78, 0x38, 0x37, 0x22, 0x09, 0x2d,
  0x2d, 0x20, 0x55, 0x2b, 0x66, 0x35, 0x63, 0x37, 0x0d, 0x0a, 0x49, 0x43,
  0x4f, 0x4e, 0x5f, 0x46, 0x41, 0x5f, 0x44, 0x52, 0x55, 0x4d, 0x20, 0x3d,
  0x20, 0x22, 0x5c, 0x78, 0x65, 0x66, 0x5c, 0x78, 0x39, 0x35, 0x5c, 0x78,
  0x61, 0x39, 0x22, 0x09, 0x2d, 0x2d, 0x20, 0x55, 0x2b, 0x66, 0x35, 0x36,
  0x39, 0x0d, 0x0a, 0x49, 0x43, 0x4f, 0x4e, 0x5f, 0x46, 0x41, 0x5f, 0x44,
  0x52, 0x55, 0x4d, 0x5f, 0x53, 0x54, 0x45, 0x45, 0x4c, 0x50, 0x41, 0x4e,
  0x20, 0x3d, 0x20, 0x22, 0x5c, 0x78, 0x65, 0x66, 0x5c, 0x78, 0x39, 0x35,
  0x5c, 0x78, 0x61, 0x61, 0x22, 0x09, 0x2d, 0x2d, 0x20, 0x55, 0x2b, 0x66,
  0x35, 0x36, 0x61, 0x0d, 0x0a, 0x49, 0x43, 0x4f, 0x4e, 0x5f, 0x46, 0x41,
  0x5f, 0x44, 0x52, 0x55, 0x4d, 0x53, 0x54, 0x49, 0x43, 0x4b, 0x5f, 0x42,
  0x49, 0x54, 0x45, 0x20, 0x3d, 0x20, 0x22, 0x5c, 0x78, 0x65, 0x66, 0x5c,
  0x78, 0x39, 0x62, 0x5c, 0x78, 0x39, 0x37, 0x22, 0x09, 0x2d, 0x2d, 0x20,
  0x55, 0x2b, 0x66, 0x36, 0x64, 0x37, 0x0d, 0x0a, 0x49, 0x43, 0x4f, 0x4e,
  0x5f, 0x46, 0x41, 0x5f, 0x44, 0x55, 0x4d, 0x42, 0x42, 0x45, 0x4c, 0x4c,
  0x20, 0x3d, 0x20, 0x22, 0x5c, 0x78, 0x65, 0x66, 0x5c, 0x78, 0x39, 0x31,
  0x5c, 0x78, 0x38, 0x62, 0x22, 0x09, 0x2d, 0x2d, 0x20, 0x55, 0x2b, 0x66,
  0x34, 0x34, 0x62, 0x0d, 0x0a, 0x49, 0x43, 0x4f, 0x4e, 0x5f, 0x46, 0x41,
  0x5f, 0x44, 0x55, 0x4d, 0x50, 0x53, 0x54, 0x45, 0x52, 0x20, 0x3d, 0x20,
  0x22, 0x5c, 0x78, 0x65, 0x66, 0x5c, 0x78, 0x39, 0x65, 0x5c, 0x78, 0x39,
  0x33, 0x22, 0x09, 0x2d, 0x2d, 0x20, 0x55, 0x2b, 0x66, 0x37, 0x39, 0x33,
  0x0d, 0x0a, 0x49, 0x43, 0x4f, 0x4e, 0x5f, 0x46, 0x41, 0x5f, 0x44, 0x55,
  0x4d, 0x50, 0x53, 0x54, 0x45, 0x52, 0x5f, 0x46, 0x49, 0x52, 0x45, 0x20,
  0x3d, 0x20, 0x22, 0x5c, 0x78, 0x65, 0x66, 0x5c, 0x78, 0x39, 0x65, 0x5c,
  0x78, 0x39, 0x34, 0x22, 0x09, 0x2d, 0x2d, 0x20, 0x55, 0x2b, 0x66, 0x37,
  0x39, 0x34, 0x0d, 0x0a, 0x49, 0x43, 0x4f, 0x4e, 0x5f, 0x46, 0x41, 0x5f,
  0x44, 0x55, 0x4e, 0x47, 0x45, 0x4f, 0x4e, 0x20, 0x3d, 0x20, 0x22, 0x5c,
  0x78, 0x65, 0x66, 0x5c, 0x78, 0x39, 0x62, 0x5c, 0x78, 0x39, 0x39, 0x22,
  0x09, 0x2d, 0x2d, 0x20, 0x55, 0x2b, 0x66, 0x36, 0x64, 0x39, 0x0d, 0x0a,
  0x49, 0x43, 0x4f, 0x4e, 0x5f, 0x46, 0x41, 0x5f, 0x45, 0x20, 0x3d, 0x20,
  0x22, 0x45, 0x22, 0x09, 0x2d, 0x2d, 0x20, 0x55, 0x2b, 0x30, 0x30, 0x34,
  0x35, 0x0d, 0x0a, 0x49, 0x43, 0x4f, 0x4e, 0x5f, 0x46, 0x41, 0x5f, 0x45,
  0x41, 0x52, 0x5f, 0x44, 0x45, 0x41, 0x46, 0x20, 0x3d, 0x20, 0x22, 0x5c,
  0x78, 0x65, 0x66, 0x5c, 0x78, 0x38, 0x61, 0x5c, 0x78, 0x61, 0x34, 0x22,
  0x09, 0x2d, 0x2d, 0x20, 0x55, 0x2b, 0x66, 0x32, 0x61, 0x34, 0x0d, 0x0a,
  0x49, 0x43, 0x4f, 0x4e, 0x5f, 0x46, 0x41, 0x5f, 0x45, 0x41, 0x52, 0x5f,
  0x4c, 0x49, 0x53, 0x54, 0x45, 0x4e, 0x20, 0x3d, 0x20, 0x22, 0x5c, 0x78,
  0x65, 0x66, 0x5c, 0x78, 0x38, 0x61, 0x5c, 0x78, 0x61, 0x32, 0x22, 0x09,
  0x2d, 0x2d, 0x20, 0x55, 0x2b, 0x66, 0x32, 0x61, 0x32, 0x0d, 0x0a, 0x49,
  0x43, 0x4f, 0x4e, 0x5f, 0x46, 0x41, 0x5f, 0x45, 0x41, 0x52, 0x54, 0x48,
  0x5f, 0x41, 0x46, 0x52, 0x49, 0x43, 0x41, 0x20, 0x3d, 0x20, 0x22, 0x5c,
  0x78, 0x65, 0x66, 0x5c, 0x78, 0x39, 0x35, 0x5c, 0x78, 0x62, 0x63, 0x22,
  0x09, 0x2d, 0x2d, 0x20, 0x55, 0x2b, 0x66, 0x35, 0x37, 0x63, 0x0d, 0x0a,
  0x49, 0x43, 0x4f, 0x4e, 0x5f, 0x46, 0x41, 0x5f, 0x45, 0x41, 0x52, 0x54,
  0x48, 0x5f, 0x41, 0x4d, 0x45, 0x52, 0x49, 0x43, 0x41, 0x53, 0x20, 0x3d,
  0x20, 0x22, 0x5c, 0x78, 0x65, 0x66, 0x5c, 0x78, 0x39, 0x35, 0x5c, 0x78,
  0x62, 0x64, 0x22, 0x09, 0x2d, 0x2d, 0x20, 0x55, 0x2b, 0x66, 0x35, 0x37,
  0x64, 0x0d, 0x0a, 0x49, 0x43, 0x4f, 0x4e, 0x5f, 0x46, 0x41, 0x5f, 0x45,
  0x41, 0x52, 0x54, 0x48, 0x5f, 0x41, 0x53, 0x49, 0x41, 0x20, 0x3d, 0x20,
  0x22, 0x5c, 0x78, 0x65, 0x66, 0x5c, 0x78, 0x39, 0x35, 0x5c, 0x78, 0x62,
  0x65, 0x22, 0x09, 0x2d, 0x2d, 0x20, 0x55, 0x2b, 0x66, 0x35, 0x37, 0x65,
  0x0d, 0x0a, 0x49, 0x43, 0x4f, 0x4e, 0x5f, 0x46, 0x41, 0x5f, 0x45, 0x41,
  0x52, 0x54, 0x48, 0x5f, 0x45, 0x55, 0x52, 0x4f, 0x50, 0x45, 0x20, 0x3d,
  0x20, 0x22, 0x5c, 0x78, 0x65, 0x66, 0x5c, 0x78, 0x39, 0x65, 0x5c, 0x78,
  0x61, 0x32, 0x22, 0x09, 0x2d, 0x2d, 0x20, 0x55, 0x2b, 0x66, 0x37, 0x61,
  0x32, 0x0d, 0x0a, 0x49, 0x43, 0x4f, 0x4e, 0x5f, 0x46, 0x41, 0x5f, 0x45,
  0x41, 0x52, 0x54, 0x48, 0x5f, 0x4f, 0x43, 0x45, 0x41, 0x4e, 0x49, 0x41,
  0x20, 0x3d, 0x20, 0x22, 0x5c, 0x78, 0x65, 0x65, 0x5c, 0x78, 0x39, 0x31,
  0x5c, 0x78, 0x62, 0x62, 0x22, 0x09, 0x2d, 0x2d, 0x20, 0x55, 0x2b, 0x65,
  0x34, 0x37, 0x62, 0x0d, 0x0a, 0x49, 0x43, 0x4f, 0x4e, 0x5f, 0x46, 0x41,
  0x5f, 0x45, 0x47, 0x47, 0x20, 0x3d, 0x20, 0x22, 0x5c, 0x78, 0x65, 0x66,
  0x5c, 0x78, 0x39, 0x66, 0x5c, 0x78, 0x62, 0x62, 0x22, 0x09, 0x2d, 0x2d,
  0x20, 0x55, 0x2b, 0x66, 0x37, 0x66, 0x62, 0x0d, 0x0a, 0x49, 0x43, 0x4f,
  0x4e, 0x5f, 0x46, 0x41, 0x5f, 0x45, 0x4a, 0x45, 0x43, 0x54, 0x20, 0x3d,
  0x20, 0x22, 0x5c, 0x78, 0x65, 0x66, 0x5c, 0x78, 0x38, 0x31, 0x5c, 0x78,
  0x39, 0x32, 0x22, 0x09, 0x2d, 0x2d, 0x20, 0x55, 0x2b, 0x66, 0x30, 0x35,
  0x32, 0x0d, 0x0a, 0x49, 0x43, 0x4f, 0x4e, 0x5f, 0x46, 0x41, 0x5f, 0x45,
  0x4c, 0x45, 0x56, 0x41, 0x54, 0x4f, 0x52, 0x20, 0x3d, 0x20, 0x22, 0x5c,
  0x78, 0x65, 0x65, 0x5c, 0x78, 0x38, 0x35, 0x5c, 0x78, 0x61, 0x64, 0x22,
  0x09, 0x2d, 0x2d, 0x20, 0x55, 0x2b, 0x65, 0x31, 0x36, 0x64, 0x0d, 0x0a,
  0x49, 0x43, 0x4f, 0x4e, 0x5f, 0x46, 0x41, 0x5f, 0x45, 0x4c, 0x4c, 0x49,
  0x50, 0x53, 0x49, 0x53, 0x20, 0x3d, 0x20, 0x22, 0x5c, 0x78, 0x65, 0x66,
  0x5c, 0x78, 0x38, 0x35, 0x5c, 0x78, 0x38, 0x31, 0x22, 0x09, 0x2d, 0x2d,
  0x20, 0x55, 0x2b, 0x66, 0x31, 0x34, 0x31, 0x0d, 0x0a, 0x49, 0x43, 0x4f,
  0x4e, 0x5f, 0x46, 0x41, 0x5f, 0x45, 0x4c, 0x4c, 0x49, 0x50, 0x53, 0x49,
  0x53, 0x5f, 0x56, 0x45, 0x52, 0x54, 0x49, 0x43, 0x41, 0x4c, 0x20, 0x3d,
  0x20, 0x22, 0x5c, 0x78, 0x65, 0x66, 0x5c, 0x78, 0x38, 0x35, 0x5c, 0x78,
  0x38, 0x32, 0x22, 0x09, 0x2d, 0x2d, 0x20, 0x55, 0x2b, 0x66, 0x31, 0x34,
  0x32, 0x0d, 0x0a, 0x49, 0x43, 0x4f, 0x4e, 0x5f, 0x46, 0x41, 0x5f, 0x45,
  0x4e, 0x56, 0x45, 0x4c, 0x4f, 0x50, 0x45, 0x20, 0x3d, 0x20, 0x22, 0x5c,
  0x78, 0x65, 0x66, 0x5c, 0x78, 0x38, 0x33, 0x5c, 0x78, 0x61, 0x30, 0x22,
  0x09, 0x2d, 0x2d, 0x20, 0x55, 0x2b, 0x66, 0x30, 0x65, 0x30, 0x0d, 0x0a,
  0x49, 0x43, 0x4f, 0x4e, 0x5f, 0x46, 0x41, 0x5f, 0x45, 0x4e, 0x56, 0x45,
  0x4c, 0x4f, 0x50, 0x45, 0x5f, 0x43, 0x49, 0x52, 0x43, 0x4c, 0x45, 0x5f,
  0x43, 0x48, 0x45, 0x43, 0x4b, 0x20, 0x3d, 0x20, 0x22, 0x5c, 0x78, 0x65,
  0x65, 0x5c, 0x78, 0x39, 0x33, 0x5c, 0x78, 0x61, 0x38, 0x22, 0x09, 0x2d,
  0x2d, 0x20, 0x55, 0x2b, 0x65, 0x34, 0x65, 0x38, 0x0d, 0x0a, 0x49, 0x43,
  0x4f, 0x4e, 0x5f, 0x46, 0x41, 0x5f, 0x45, 0x4e, 0x56, 0x45, 0x4c, 0x4f,
  0x50, 0x45, 0x5f, 0x4f, 0x50, 0x45, 0x4e, 0x20, 0x3d, 0x20, 0x22, 0x5c,
  0x78, 0x65, 0x66, 0x5c, 0x78, 0x38, 0x61, 0x5c, 0x78, 0x62, 0x36, 0x22,
  0x09, 0x2d, 0x2d, 0x20, 0x55, 0x2b, 0x66, 0x32, 0x62, 0x36, 0x0d, 0x0a,
  0x49, 0x43, 0x4f, 0x4e, 0x5f, 0x46, 0x41, 0x5f, 0x45, 0x4e, 0x56, 0x45,
  0x4c, 0x4f, 0x50, 0x45, 0x5f, 0x4f, 0x50, 0x45, 0x4e, 0x5f, 0x54, 0x45,
  0x58, 0x54, 0x20, 0x3d, 0x20, 0x22, 0x5c, 0x78, 0x65, 0x66, 0x5c, 0x78,
  0x39, 0x39, 0x5c, 0x78, 0x39, 0x38, 0x22, 0x09, 0x2d, 0x2d, 0x20, 0x55,
  0x2b, 0x66, 0x36, 0x35, 0x38, 0x0d, 0x0a, 0x49, 0x43, 0x4f, 0x4e, 0x5f,
  0x46, 0x41, 0x5f, 0x45, 0x4e, 0x56, 0x45, 0x4c, 0x4f, 0x50, 0x45, 0x53,
  0x5f, 0x42, 0x55, 0x4c, 0x4b, 0x20, 0x3d, 0x20, 0x22, 0x5c, 0x78, 0x65,
  0x66, 0x5c, 0x78, 0x39, 0x39, 0x5c, 0x78, 0x62, 0x34, 0x22, 0x09, 0x2d,
  0x2d, 0x20, 0x55, 0x2b, 0x66, 0x36, 0x37, 0x34, 0x0d, 0x0a, 0x49, 0x43,
  0x4f, 0x4e, 0x5f, 0x46, 0x41, 0x5f, 0x45, 0x51, 0x55, 0x41, 0x4c, 0x53,
  0x20, 0x3d, 0x20, 0x22, 0x3d, 0x22, 0x09, 0x2d, 0x2d, 0x20, 0x55, 0x2b,
  0x30, 0x30, 0x33, 0x64, 0x0d, 0x0a, 0x49, 0x43, 0x4f, 0x4e, 0x5f, 0x46,
  0x41, 0x5f, 0x45, 0x52, 0x41, 0x53, 0x45, 0x52, 0x20, 0x3d, 0x20, 0x22,
  0x5c, 0x78, 0x65, 0x66, 0x5c, 0x78, 0x38, 0x34, 0x5c, 0x78, 0x61, 0x64,
  0x22, 0x09, 0x2d, 0x2d, 0x20, 0x55, 0x2b, 0x66, 0x31, 0x32, 0x64, 0x0d,
  0x0a, 0x49, 0x43, 0x4f, 0x4e, 0x5f, 0x46, 0x41, 0x5f, 0x45, 0x54, 0x48,
  0x45, 0x52, 0x4e, 0x45, 0x54, 0x20, 0x3d, 0x20, 0x22, 0x5c, 0x78, 0x65,
  0x66, 0x5c, 0x78, 0x39, 0x65, 0x5c, 0x78, 0x39, 0x36, 0x22, 0x09, 0x2d,
  0x2d, 0x20, 0x55, 0x2b, 0x66, 0x37, 0x39, 0x36, 0x0d, 0x0a, 0x49, 0x43,
  0x4f, 0x4e, 0x5f, 0x46, 0x41, 0x5f, 0x45, 0x55, 0x52, 0x4f, 0x5f, 0x53,
  0x49, 0x47, 0x4e, 0x20, 0x3d, 0x20, 0x22, 0x5c, 0x78, 0x65, 0x66, 0x5c,
  0x78, 0x38, 0x35, 0x5c, 0x78, 0x39, 0x33, 0x22, 0x09, 0x2d, 0x2d, 0x20,
  0x55, 0x2b, 0x66, 0x31, 0x35, 0x33, 0x0d, 0x0a, 0x49, 0x43, 0x4f, 0x4e,
  0x5f, 0x46, 0x41, 0x5f, 0x45, 0x58, 0x43, 0x4c, 0x41, 0x4d, 0x41, 0x54,
  0x49, 0x4f, 0x4e, 0x20, 0x3d, 0x20, 0x22, 0x21, 0x22, 0x09, 0x2d, 0x2d,
  0x20, 0x55, 0x2b, 0x30, 0x30, 0x32, 0x31, 0x0d, 0x0a, 0x49, 0x43, 0x4f,
  0x4e, 0x5f, 0x46, 0x41, 0x5f, 0x45, 0x58, 0x50, 0x41, 0x4e, 0x44, 0x20,
  0x3d, 0x20, 0x22, 0x5c, 0x78, 0x65, 0x66, 0x5c, 0x78, 0x38, 0x31, 0x5c,
  0x78, 0x61, 0x35, 0x22, 0x09, 0x2d, 0x2d, 0x20, 0x55, 0x2b, 0x66, 0x30,
  0x36, 0x35, 0x0d, 0x0a, 0x49, 0x43, 0x4f, 0x4e, 0x5f, 0x46, 0x41, 0x5f,
  0x45, 0x58, 0x50, 0x4c, 0x4f, 0x53, 0x49, 0x4f, 0x4e, 0x20, 0x3d, 0x20,
  0x22, 0x5c, 0x78, 0x65, 0x65, 0x5c, 0x78, 0x39, 0x33, 0x5c, 0x78, 0x61,
  0x39, 0x22, 0x09, 0x2d, 0x2d, 0x20, 0x55, 0x2b, 0x65, 0x34, 0x65, 0x39,
  0x0d, 0x0a, 0x49, 0x43, 0x4f, 0x4e, 0x5f, 0x46, 0x41, 0x5f, 0x45, 0x59,
  0x45, 0x20, 0x3d, 0x20, 0x22, 0x5c, 0x78, 0x65, 0x66, 0x5c, 0x78, 0x38,
  0x31, 0x5c, 0x78, 0x61, 0x65, 0x22, 0x09, 0x2d, 0x2d, 0x20, 0x55, 0x2b,
  0x66, 0x30, 0x36, 0x65, 0x0d, 0x0a, 0x49, 0x43, 0x4f, 0x4e, 0x5f, 0x46,
  0x41, 0x5f, 0x45, 0x59, 0x45, 0x5f, 0x44, 0x52, 0x4f, 0x50, 0x50, 0x45,
  0x52, 0x20, 0x3d, 0x20, 0x22, 0x5c, 0x78, 0x65, 0x66, 0x5c, 0x78, 0x38,
  0x37, 0x5c, 0x78, 0x62, 0x62, 0x22, 0x09, 0x2d, 0x2d, 0x20, 0x55, 0x2b,
  0x66, 0x31, 0x66, 0x62, 0x0d, 0x0a, 0x49, 0x43, 0x4f, 0x4e, 0x5f, 0x46,
  0x41, 0x5f, 0x45, 0x59, 0x45, 0x5f, 0x4c, 0x4f, 0x57, 0x5f, 0x56, 0x49,
  0x53, 0x49, 0x4f, 0x4e, 0x20, 0x3d, 0x20, 0x22, 0x5c, 0x78, 0x65, 0x66,
  0x5c, 0x78, 0x38, 0x61, 0x5c, 0x78, 0x61, 0x38, 0x22, 0x09, 0x2d, 0x2d,
  0x20, 0x55, 0x2b, 0x66, 0x32, 0x61, 0x38, 0x0d, 0x0a, 0x49, 0x43, 0x4f,
  0x4e, 0x5f, 0x46, 0x41, 0x5f, 0x45, 0x59, 0x45, 0x5f, 0x53, 0x4c, 0x41,
  0x53, 0x48, 0x20, 0x3d, 0x20, 0x22, 0x5c, 0x78, 0x65, 0x66, 0x5c, 0x78,
  0x38, 0x31, 0x5c, 0x78, 0x62, 0x30, 0x22, 0x09, 0x2d, 0x2d, 0x20, 0x55,
  0x2b, 0x66, 0x30, 0x37, 0x30, 0x0d, 0x0a, 0x49, 0x43, 0x4f, 0x4e, 0x5f,
  0x46, 0x41, 0x5f, 0x46, 0x20, 0x3d, 0x20, 0x22, 0x46, 0x22, 0x09, 0x2d,
  0x2d, 0x20, 0x55, 0x2b, 0x30, 0x30, 0x34, 0x36, 0x0d, 0x0a, 0x49, 0x43,
  0x4f, 0x4e, 0x5f, 0x46, 0x41, 0x5f, 0x46, 0x41, 0x43, 0x45, 0x5f, 0x41,
  0x4e, 0x47, 0x52, 0x59, 0x20, 0x3d, 0x20, 0x22, 0x5c, 0x78, 0x65, 0x66,
  0x5c, 0x78, 0x39, 0x35, 0x5c, 0x78, 0x39, 0x36, 0x22, 0x09, 0x2d, 0x2d,
  0x20, 0x55, 0x2b, 0x66, 0x35, 0x35, 0x36, 0x0d, 0x0a, 0x49, 0x43, 0x4f,
  0x4e, 0x5f, 0x46, 0x41, 0x5f, 0x46, 0x41, 0x43, 0x45, 0x5f, 0x44, 0x49,
  0x5a, 0x5a, 0x59, 0x20, 0x3d, 0x20, 0x22, 0x5c, 0x78, 0x65, 0x66, 0x5c,
  0x78, 0x39, 0x35, 0x5c, 0x78, 0x61, 0x37, 0x22, 0x09, 0x2d, 0x2d, 0x20,
  0x55, 0x2b, 0x66, 0x35, 0x36, 0x37, 0x0d, 0x0a, 0x49, 0x43, 0x4f, 0x4e,
  0x5f, 0x46, 0x41, 0x5f, 0x46, 0x41, 0x43, 0x45, 0x5f, 0x46, 0x4c, 0x55,
  0x53, 0x48, 0x45, 0x44, 0x20, 0x3d, 0x20, 0x22, 0x5c, 0x78, 0x65, 0x66,
  0x5c, 0x78, 0x39, 0x35, 0x5c, 0x78, 0x62, 0x39, 0x22, 0x09, 0x2d, 0x2d,
  0x20, 0x55, 0x2b, 0x66, 0x35, 0x37, 0x39, 0x0d, 0x0a, 0x49, 0x43, 0x4f,
  0x4e, 0x5f, 0x46, 0x41, 0x5f, 0x46, 0x41, 0x43, 0x45, 0x5f, 0x46, 0x52,
  0x4f, 0x57, 0x4e, 0x20, 0x3d, 0x20, 0x22, 0x5c, 0x78, 0x65, 0x66, 0x5c,
  0x78, 0x38, 0x34, 0x5c, 0x78, 0x39, 0x39, 0x22, 0x09, 0x2d, 0x2d, 0x20,
  0x55, 0x2b, 0x66, 0x31, 0x31, 0x39, 0x0d, 0x0a, 0x49, 0x43, 0x4f, 0x4e,
  0x5f, 0x46, 0x41, 0x5f, 0x46, 0x41, 0x43, 0x45, 0x5f, 0x46, 0x52, 0x4f,
  0x57, 0x4e, 0x5f, 0x4f, 0x50, 0x45, 0x4e, 0x20, 0x3d, 0x20, 0x22, 0x5c,
  0x78, 0x65, 0x66, 0x5c, 0x78, 0x39, 0x35, 0x5c, 0x78, 0x62, 0x61, 0x22,
  0x09, 0x2d, 0x2d, 0x20, 0x55, 0x2b, 0x66, 0x35, 0x37, 0x61, 0x0d, 0x0a,
  0x49, 0x43, 0x4f, 0x4e, 0x5f, 0x46, 0x41, 0x5f, 0x46, 0x41, 0x43, 0x45,
  0x5f, 0x47, 0x52, 0x49, 0x4d, 0x41, 0x43, 0x45, 0x20, 0x3d, 0x20, 0x22,
  0x5c, 0x78, 0x65, 0x66, 0x5c, 0x78, 0x39, 0x35, 0x5c, 0x78, 0x62, 0x66,
  0x22, 0x09, 0x2d, 0x2d, 0x20, 0x55, 0x2b, 0x66, 0x35, 0x37, 0x66, 0x0d,
  0x0a, 0x49, 0x43, 0x4f, 0x4e, 0x5f, 0x46, 0x41, 0x5f, 0x46, 0x41, 0x43,
  0x45, 0x5f, 0x47, 0x52, 0x49, 0x4e, 0x20, 0x3d, 0x20, 0x22, 0x5c, 0x78,
  0x65, 0x66, 0x5c, 0x78, 0x39, 0x36, 0x5c, 0x78, 0x38, 0x30, 0x22, 0x09,
  0x2d, 0x2d, 0x20, 0x55, 0x2b, 0x66, 0x35, 0x38, 0x30, 0x0d, 0x0a, 0x49,
  0x43, 0x4f, 0x4e, 0x5f, 0x46, 0x41, 0x5f, 0x46, 0x41, 0x43, 0x45, 0x5f,
  0x47, 0x52, 0x49, 0x4e, 0x5f, 0x42, 0x45, 0x41, 0x4d, 0x20, 0x3d, 0x20,
  0x22, 0x5c, 0x78, 0x65, 0x66, 0x5c, 0x78, 0x39, 0x36, 0x5c, 0x78, 0x38,
  0x32, 0x22, 0x09, 0x2d, 0x2d, 0x20, 0x55, 0x2b, 0x66, 0x35, 0x38, 0x32,
  0x0d, 0x0a, 0x49, 0x43, 0x4f, 0x4e, 0x5f, 0x46, 0x41, 0x5f, 0x46, 0x41,
  0x43, 0x45, 0x5f, 0x47, 0x52, 0x49, 0x4e, 0x5f, 0x42, 0x45, 0x41, 0x4d,
  0x5f, 0x53, 0x57, 0x45, 0x41, 0x54, 0x20, 0x3d, 0x20, 0x22, 0x5c, 0x78,
  0x65, 0x66, 0x5c, 0x78, 0x39, 0x36, 0x5c, 0x78, 0x38, 0x33, 0x22, 0x09,
  0x2d, 0x2d, 0x20, 0x55, 0x2b, 0x66, 0x35, 0x38, 0x33, 0x0d, 0x0a, 0x49,
  0x43, 0x4f, 0x4e, 0x5f, 0x46, 0x41, 0x5f, 0x46, 0x41, 0x43, 0x45, 0x5f,
  0x47, 0x52, 0x49, 0x4e, 0x5f, 0x48, 0x45, 0x41, 0x52, 0x54, 0x53, 0x20,
  0x3d, 0x20, 0x22, 0x5c, 0x78, 0x65, 0x66, 0x5c, 0x78, 0x39, 0x36, 0x5c,
  0x78, 0x38, 0x34, 0x22, 0x09, 0x2d, 0x2d, 0x20, 0x55, 0x2b, 0x66, 0x35,
  0x38, 0x34, 0x0d, 0x0a, 0x49, 0x43, 0x4f, 0x4e, 0x5f, 0x46, 0x41, 0x5f,
  0x46, 0x41, 0x43, 0x45, 0x5f, 0x47, 0x52, 0x49, 0x4e, 0x5f, 0x53, 0x51,
  0x55, 0x49, 0x4e, 0x54, 0x20, 0x3d, 0x20, 0x22, 0x5c, 0x78, 0x65, 0x66,
  0x5c, 0x78, 0x39, 0x36, 0x5c, 0x78, 0x38, 0x35, 0x22, 0x09, 0x2d, 0x2d,
  0x20, 0x55, 0x2b, 0x66, 0x35, 0x38, 0x35, 0x0d, 0x0a, 0x49, 0x43, 0x4f,
  0x4e, 0x5f, 0x46, 0x41, 0x5f, 0x46, 0x41, 0x43, 0x45, 0x5f, 0x47, 0x52,
  0x49, 0x4e, 0x5f, 0x53, 0x51, 0x55, 0x49, 0x4e, 0x54, 0x5f, 0x54, 0x45,
  0x41, 0x52, 0x53, 0x20, 0x3d, 0x20, 0x22, 0x5c, 0x78, 0x65, 0x66, 0x5c,
  0x78, 0x39, 0x36, 0x5c, 0x78, 0x38, 0x36, 0x22, 0x09, 0x2d, 0x2d, 0x20,
  0x55, 0x2b, 0x66, 0x35, 0x38, 0x36, 0x0d, 0x0a, 0x49, 0x43, 0x4f, 0x4e,
  0x5f, 0x46, 0x41, 0x5f, 0x46, 0x41, 0x43, 0x45, 0x5f, 0x47, 0x52, 0x49,
  0x4e, 0x5f, 0x53, 0x54, 0x41, 0x52, 0x53, 0x20, 0x3d, 0x20, 0x22, 0x5c,
  0x78, 0x65, 0x66, 0x5c, 0x78, 0x39, 0x36, 0x5c, 0x78, 0x38, 0x37, 0x22,
  0x09, 0x2d, 0x2d, 0x20, 0x55, 0x2b, 0x66, 0x35, 0x38, 0x37, 0x0d, 0x0a,
  0x49, 0x43, 0x4f, 0x4e, 0x5f, 0x46, 0x41, 0x5f, 0x46, 0x41, 0x43, 0x45,
  0x5f, 0x47, 0x52, 0x49, 0x4e, 0x5f, 0x54, 0x45, 0x41, 0x52, 0x53, 0x20,
  0x3d, 0x20, 0x22, 0x5c, 0x78, 0x65, 0x66, 0x5c, 0x78, 0x39, 0x36, 0x5c,
  0x78, 0x38, 0x38, 0x22, 0x09, 0x2d, 0x2d, 0x20, 0x55, 0x2b, 0x66, 0x35,
  0x38, 0x38, 0x0d, 0x0a, 0x49, 0x43, 0x4f, 0x4e, 0x5f, 0x46, 0x41, 0x5f,
  0x46, 0x41, 0x43, 0x45, 0x5f, 0x47, 0x52, 0x49, 0x4e, 0x5f, 0x54, 0x4f,
  0x4e, 0x47, 0x55, 0x45, 0x20, 0x3d, 0x20, 0x22, 0x5c, 0x78, 0x65, 0x66,
  0x5c, 0x78, 0x39, 0x36, 0x5c, 0x78, 0x38, 0x39, 0x22, 0x09, 0x2d, 0x2d,
  0x20, 0x55, 0x2b, 0x66, 0x35, 0x38, 0x39, 0x0d, 0x0a, 0x49, 0x43, 0x4f,
  0x4e, 0x5f, 0x46, 0x41, 0x5f, 0x46, 0x41, 0x43, 0x45, 0x5f, 0x47, 0x52,
  0x49, 0x4e, 0x5f, 0x54, 0x4f, 0x4e, 0x47, 0x55, 0x45, 0x5f, 0x53, 0x51,
  0x55, 0x49, 0x4e, 0x54, 0x20, 0x3d, 0x20, 0x22, 0x5c, 0x78, 0x65, 0x66,
  0x5c, 0x78, 0x39, 0x36, 0x5c, 0x78, 0x38, 0x61, 0x22, 0x09, 0x2d, 0x2d,
  0x20, 0x55, 0x2b, 0x66, 0x35, 0x38, 0x61, 0x0d, 0x0a, 0x49, 0x43, 0x4f,
  0x4e, 0x5f, 0x46, 0x41, 0x5f, 0x46, 0x41, 0x43, 0x45, 0x5f, 0x47, 0x52,
  0x49, 0x4e, 0x5f, 0x54, 0x4f, 0x4e, 0x47, 0x55, 0x45, 0x5f, 0x57, 0x49,
  0x4e, 0x4b, 0x20, 0x3d, 0x20, 0x22, 0x5c, 0x78, 0x65, 0x66, 0x5c, 0x78,
  0x39, 0x36, 0x5c, 0x78, 0x38, 0x62, 0x22, 0x09, 0x2d, 0x2d, 0x20, 0x55,
  0x2b, 0x66, 0x35, 0x38, 0x62, 0x0d, 0x0a, 0x49, 0x43, 0x4f, 0x4e, 0x5f,
  0x46, 0x41, 0x5f, 0x46, 0x41, 0x43, 0x45, 0x5f, 0x47, 0x52, 0x49, 0x4e,
  0x5f, 0x57, 0x49, 0x44, 0x45, 0x20, 0x3d, 0x20, 0x22, 0x5c, 0x78, 0x65,
  0x66, 0x5c, 0x78, 0x39, 0x36, 0x5c, 0x78, 0x38, 0x31, 0x22, 0x09, 0x2d,
  0x2d, 0x20, 0x55, 0x2b, 0x66, 0x35, 0x38, 0x31, 0x0d, 0x0a, 0x49, 0x43,
  0x4f, 0x4e, 0x5f, 0x46, 0x41, 0x5f, 0x46, 0x41, 0x43, 0x45, 0x5f, 0x47,
  0x52, 0x49, 0x4e, 0x5f, 0x57, 0x49, 0x4e, 0x4b, 0x20, 0x3d, 0x20, 0x22,
  0x5c, 0x78, 0x65, 0x66, 0x5c, 0x78, 0x39, 0x36, 0x5c, 0x78, 0x38, 0x63,
  0x22, 0x09, 0x2d, 0x2d, 0x20, 0x55, 0x2b, 0x66, 0x35, 0x38, 0x63, 0x0d,
  0x0a, 0x49, 0x43, 0x4f, 0x4e, 0x5f, 0x46, 0x41, 0x5f, 0x46, 0x41, 0x43,
  0x45, 0x5f, 0x4b, 0x49, 0x53, 0x53, 0x20, 0x3d, 0x20, 0x22, 0x5c, 0x78,
  0x65, 0x66, 0x5c, 0x78, 0x39, 0x36, 0x5c, 0x78, 0x39, 0x36, 0x22, 0x09,
  0x2d, 0x2d, 0x20, 0x55, 0x2b, 0x66, 0x35, 0x39, 0x36, 0x0d, 0x0a, 0x49,
  0x43, 0x4f, 0x4e, 0x5f, 0x46, 0x41, 0x5f, 0x46, 0x41, 0x43, 0x45, 0x5f,
  0x4b, 0x49, 0x53, 0x53, 0x5f, 0x42, 0x45, 0x41, 0x4d, 0x20, 0x3d, 0x20,
  0x22, 0x5c, 0x78, 0x65, 0x66, 0x5c, 0x78, 0x39, 0x36, 0x5c, 0x78, 0x39,
  0x37, 0x22, 0x09, 0x2d, 0x2d, 0x20, 0x55, 0x2b, 0x66, 0x35, 0x39, 0x37,
  0x0d, 0x0a, 0x49, 0x43, 0x4f, 0x4e, 0x5f, 0x46, 0x41, 0x5f, 0x46, 0x41,
  0x43, 0x45, 0x5f, 0x4b, 0x49, 0x53, 0x53, 0x5f, 0x57, 0x49, 0x4e, 0x4b,
  0x5f, 0x48, 0x45, 0x41, 0x52, 0x54, 0x20, 0x3d, 0x20, 0x22, 0x5c, 0x78,
  0x65, 0x66, 0x5c, 0x78, 0x39, 0x36, 0x5c, 0x78, 0x39, 0x38, 0x22, 0x09,
  0x2d, 0x2d, 0x20, 0x55, 0x2b, 0x66, 0x35, 0x39, 0x38, 0x0d, 0x0a, 0x49,
  0x43, 0x4f, 0x4e, 0x5f, 0x46, 0x41, 0x5f, 0x46, 0x41, 0x43, 0x45, 0x5f,
  0x4c, 0x41, 0x55, 0x47, 0x48, 0x20, 0x3d, 0x20, 0x22, 0x5c, 0x78, 0x65,
  0x66, 0x5c, 0x78, 0x39, 0x36, 0x5c, 0x78, 0x39, 0x39, 0x22, 0x09, 0x2d,
  0x2d, 0x20, 0x55, 0x2b, 0x66, 0x35, 0x39, 0x39, 0x0d, 0x0a, 0x49, 0x43,
  0x4f, 0x4e, 0x5f, 0x46, 0x41, 0x5f, 0x46, 0x41, 0x43, 0x45, 0x5f, 0x4c,
  0x41, 0x55, 0x47, 0x48, 0x5f, 0x42, 0x45, 0x41, 0x4d, 0x20, 0x3d, 0x20,
  0x22, 0x5c, 0x78, 0x65, 0x66, 0x5c, 0x78, 0x39, 0x36, 0x5c, 0x78, 0x39,
  0x61, 0x22, 0x09, 0x2d, 0x2d, 0x20, 0x55, 0x2b, 0x66, 0x35, 0x39, 0x61,
  0x0d, 0x0a, 0x49, 0x43, 0x4f, 0x4e, 0x5f, 0x46, 0x41, 0x5f, 0x46, 0x41,
  0x43, 0x45, 0x5f, 0x4c, 0x41, 0x55, 0x47, 0x48, 0x5f, 0x53, 0x51, 0x55,
  0x49, 0x4e, 0x54, 0x20, 0x3d, 0x20, 0x22, 0x5c, 0x78, 0x65, 0x66, 0x5c,
  0x78, 0x39, 0x36, 0x5c, 0x78, 0x39, 0x62, 0x22, 0x09, 0x2d, 0x2d, 0x20,
  0x55, 0x2b, 0x66, 0x35, 0x39, 0x62, 0x0d, 0x0a, 0x49, 0x43, 0x4f, 0x4e,
  0x5f, 0x46, 0x41, 0x5f, 0x46, 0x41, 0x43, 0x45, 0x5f, 0x4c, 0x41, 0x55,
  0x47, 0x48, 0x5f, 0x57, 0x49, 0x4e, 0x4b, 0x20, 0x3d, 0x20, 0x22, 0x5c,
  0x78, 0x65, 0x66, 0x5c, 0x78, 0x39, 0x36, 0x5c, 0x78, 0x39, 0x63, 0x22,
  0x09, 0x2d, 0x2d, 0x20, 0x55, 0x2b, 0x66, 0x35, 0x39, 0x63, 0x0d, 0x0a,
  0x49, 0x43, 0x4f, 0x4e, 0x5f, 0x46, 0x41, 0x5f, 0x46, 0x41, 0x43, 0x45,
  0x5f, 0x4d, 0x45, 0x48, 0x20, 0x3d, 0x20, 0x22, 0x5c, 0x78, 0x65, 0x66,
  0x5c, 0x78, 0x38, 0x34, 0x5c, 0x78, 0x39, 0x61, 0x22, 0x09, 0x2d, 0x2d,
  0x20, 0x55, 0x2b, 0x66, 0x31, 0x31, 0x61, 0x0d, 0x0a, 0x49, 0x43, 0x4f,
  0x4e, 0x5f, 0x46, 0x41, 0x5f, 0x46, 0x41, 0x43, 0x45, 0x5f, 0x4d, 0x45,
  0x48, 0x5f, 0x42, 0x4c, 0x41, 0x4e, 0x4b, 0x20, 0x3d, 0x20, 0x22, 0x5c,
  0x78, 0x65, 0x66, 0x5c, 0x78, 0x39, 0x36, 0x5c, 0x78, 0x61, 0x34, 0x22,
  0x09, 0x2d, 0x2d, 0x20, 0x55, 0x2b, 0x66, 0x35, 0x61, 0x34, 0x0d, 0x0a,
  0x49, 0x43, 0x4f, 0x4e, 0x5f, 0x46, 0x41, 0x5f, 0x46, 0x41, 0x43, 0x45,
  0x5f, 0x52, 0x4f, 0x4c, 0x4c, 0x49, 0x4e, 0x47, 0x5f, 0x45, 0x59, 0x45,
  0x53, 0x20, 0x3d, 0x20, 0x22, 0x5c, 0x78, 0x65, 0x66, 0x5c, 0x78, 0x39,
  0x36, 0x5c, 0x78, 0x61, 0x35, 0x22, 0x09, 0x2d, 0x2d, 0x20, 0x55, 0x2b,
  0x66, 0x35, 0x61, 0x35, 0x0d, 0x0a, 0x49, 0x43, 0x4f, 0x4e, 0x5f, 0x46,
  0x41, 0x5f, 0x46, 0x41, 0x43, 0x45, 0x5f, 0x53, 0x41, 0x44, 0x5f, 0x43,
  0x52, 0x59, 0x20, 0x3d, 0x20, 0x22, 0x5c, 0x78, 0x65, 0x66, 0x5c, 0x78,
  0x39, 0x36, 0x5c, 0x78, 0x62, 0x33, 0x22, 0x09, 0x2d, 0x2d, 0x20, 0x55,
  0x2b, 0x66, 0x35, 0x62, 0x33, 0x0d, 0x0a, 0x49, 0x43, 0x4f, 0x4e, 0x5f,
  0x46, 0x41, 0x5f, 0x46, 0x41, 0x43, 0x45, 0x5f, 0x53, 0x41, 0x44, 0x5f,
  0x54, 0x45, 0x41, 0x52, 0x20, 0x3d, 0x20, 0x22, 0x5c, 0x78, 0x65, 0x66,
  0x5c, 0x78, 0x39, 0x36, 0x5c, 0x78, 0x62, 0x34, 0x22, 0x09, 0x2d, 0x2d,
  0x20, 0x55, 0x2b, 0x66, 0x35, 0x62, 0x34, 0x0d, 0x0a, 0x49, 0x43, 0x4f,
  0x4e, 0x5f, 0x46, 0x41, 0x5f, 0x46, 0x41, 0x43, 0x45, 0x5f, 0x53, 0x4d,
  0x49, 0x4c, 0x45, 0x20, 0x3d, 0x20, 0x22, 0x5c, 0x78, 0x65, 0x66, 0x5c,
  0x78, 0x38, 0x34, 0x5c, 0x78, 0x39, 0x38, 0x22, 0x09, 0x2d, 0x2d, 0x20,
  0x55, 0x2b, 0x66, 0x31, 0x31, 0x38, 0x0d, 0x0a, 0x49, 0x43, 0x4f, 0x4e,
  0x5f, 0x46, 0x41, 0x5f, 0x46, 0x41, 0x43, 0x45, 0x5f, 0x53, 0x4d, 0x49,
  0x4c, 0x45, 0x5f, 0x42, 0x45, 0x41, 0x4d, 0x20, 0x3d, 0x20, 0x22, 0x5c,
  0x78, 0x65, 0x66, 0x5c, 0x78, 0x39, 0x36, 0x5c, 0x78, 0x62, 0x38, 0x22,
  0x09, 0x2d, 0x2d, 0x20, 0x55, 0x2b, 0x66, 0x35, 0x62, 0x38, 0x0d, 0x0a,
  0x49, 0x43, 0x4f, 0x4e, 0x5f, 0x46, 0x41, 0x5f, 0x46, 0x41, 0x43, 0x45,
  0x5f, 0x53, 0x4d, 0x49, 0x4c, 0x45, 0x5f, 0x57, 0x49, 0x4e, 0x4b, 0x20,
  0x3d, 0x20, 0x22, 0x5c, 0x78, 0x65, 0x66, 0x5c, 0x78, 0x39, 0x33, 0x5c,
  0x78, 0x39, 0x61, 0x22, 0x09, 0x2d, 0x2d, 0x20, 0x55, 0x2b, 0x66, 0x34,
  0x64, 0x61, 0x0d, 0x0a, 0x49, 0x43, 0x4f, 0x4e, 0x5f, 0x46, 0x41, 0x5f,
  0x46, 0x41, 0x43, 0x45, 0x5f, 0x53, 0x55, 0x52, 0x50, 0x52, 0x49, 0x53,
  0x45, 0x20, 0x3d, 0x20, 0x22, 0x5c, 0x78, 0x65, 0x66, 0x5c, 0x78, 0x39,
  0x37, 0x5c, 0x78, 0x38, 0x32, 0x22, 0x09, 0x2d, 0x2d, 0x20, 0x55, 0x2b,
  0x66, 0x35, 0x63, 0x32, 0x0d, 0x0a, 0x49, 0x43, 0x4f, 0x4e, 0x5f, 0x46,
  0x41, 0x5f, 0x46, 0x41, 0x43, 0x45, 0x5f, 0x54, 0x49, 0x52, 0x45, 0x44,
  0x20, 0x3d, 0x20, 0x22, 0x5c, 0x78, 0x65, 0x66, 0x5c, 0x78, 0x39, 0x37,
  0x5c, 0x78, 0x38, 0x38, 0x22, 0x09, 0x2d, 0x2d, 0x20, 0x55, 0x2b, 0x66,
  0x35, 0x63, 0x38, 0x0d, 0x0a, 0x49, 0x43, 0x4f, 0x4e, 0x5f, 0x46, 0x41,
  0x5f, 0x46, 0x41, 0x4e, 0x20, 0x3d, 0x20, 0x22, 0x5c, 0x78, 0x65, 0x66,
  0x5c, 0x78, 0x61, 0x31, 0x5c, 0x78, 0x61, 0x33, 0x22, 0x09, 0x2d, 0x2d,
  0x20, 0x55, 0x2b, 0x66, 0x38, 0x36, 0x33, 0x0d, 0x0a, 0x49, 0x43, 0x4f,
  0x4e, 0x5f, 0x46, 0x41, 0x5f, 0x46, 0x41, 0x55, 0x43, 0x45, 0x54, 0x20,
  0x3d, 0x20, 0x22, 0x5c, 0x78, 0x65, 0x65, 0x5c, 0x78, 0x38, 0x30, 0x5c,
  0x78, 0x38, 0x35, 0x22, 0x09, 0x2d, 0x2d, 0x20, 0x55, 0x2b, 0x65, 0x30,
  0x30, 0x35, 0x0d, 0x0a, 0x49, 0x43, 0x4f, 0x4e, 0x5f, 0x46, 0x41, 0x5f,
  0x46, 0x41, 0x55, 0x43, 0x45, 0x54, 0x5f, 0x44, 0x52, 0x49, 0x50, 0x20,
  0x3d, 0x20, 0x22, 0x5c, 0x78, 0x65, 0x65, 0x5c, 0x78, 0x38, 0x30, 0x5c,
  0x78, 0x38, 0x36, 0x22, 0x09, 0x2d, 0x2d, 0x20, 0x55, 0x2b, 0x65, 0x30,
  0x30, 0x36, 0x0d, 0x0a, 0x49, 0x43, 0x4f, 0x4e, 0x5f, 0x46, 0x41, 0x5f,
  0x46, 0x41, 0x58, 0x20, 0x3d, 0x20, 0x22, 0x5c, 0x78, 0x65, 0x66, 0x5c,
  0x78, 0x38, 0x36, 0x5c, 0x78, 0x61, 0x63, 0x22, 0x09, 0x2d, 0x2d, 0x20,
  0x55, 0x2b, 0x66, 0x31, 0x61, 0x63, 0x0d, 0x0a, 0x49, 0x43, 0x4f, 0x4e,
  0x5f, 0x46, 0x41, 0x5f, 0x46, 0x45, 0x41, 0x54, 0x48, 0x45, 0x52, 0x20,
  0x3d, 0x20, 0x22, 0x5c, 0x78, 0x65, 0x66, 0x5c, 0x78, 0x39, 0x34, 0x5c,
  0x78, 0x61, 0x64, 0x22, 0x09, 0x2d, 0x2d, 0x20, 0x55, 0x2b, 0x66, 0x35,
  0x32, 0x64, 0x0d, 0x0a, 0x49, 0x43, 0x4f, 0x4e, 0x5f, 0x46, 0x41, 0x5f,
  0x46, 0x45, 0x41, 0x54, 0x48, 0x45, 0x52, 0x5f, 0x50, 0x4f, 0x49, 0x4e,
  0x54, 0x45, 0x44, 0x20, 0x3d, 0x20, 0x22, 0x5c, 0x78, 0x65, 0x66, 0x5c,
  0x78, 0x39, 0x35, 0x5c, 0x78, 0x61, 0x62, 0x22, 0x09, 0x2d, 0x2d, 0x20,
  0x55, 0x2b, 0x66, 0x35, 0x36, 0x62, 0x0d, 0x0a, 0x49, 0x43, 0x4f, 0x4e,
  0x5f, 0x46, 0x41, 0x5f, 0x46, 0x45, 0x52, 0x52, 0x59, 0x20, 0x3d, 0x20,
  0x22, 0x5c, 0x78, 0x65, 0x65, 0x5c, 0x78, 0x39, 0x33, 0x5c, 0x78, 0x61,
  0x61, 0x22, 0x09, 0x2d, 0x2d, 0x20, 0x55, 0x2b, 0x65, 0x34, 0x65, 0x61,
  0x0d, 0x0a, 0x49, 0x43, 0x4f, 0x4e, 0x5f, 0x46, 0x41, 0x5f, 0x46, 0x49,
  0x4c, 0x45, 0x20, 0x3d, 0x20, 0x22, 0x5c, 0x78, 0x65, 0x66, 0x5c, 0x78,
  0x38, 0x35, 0x5c, 0x78, 0x39, 0x62, 0x22, 0x09, 0x2d, 0x2d, 0x20, 0x55,
  0x2b, 0x66, 0x31, 0x35, 0x62, 0x0d, 0x0a, 0x49, 0x43, 0x4f, 0x4e, 0x5f,
  0x46, 0x41, 0x5f, 0x46, 0x49, 0x4c, 0x45, 0x5f, 0x41, 0x52, 0x52, 0x4f,
  0x57, 0x5f, 0x44, 0x4f, 0x57, 0x4e, 0x20, 0x3d, 0x20, 0x22, 0x5c, 0x78,
  0x65, 0x66, 0x5c, 0x78, 0x39, 0x35, 0x5c, 0x78, 0x61, 0x64, 0x22, 0x09,
  0x2d, 0x2d, 0x20, 0x55, 0x2b, 0x66, 0x35, 0x36, 0x64, 0x0d, 0x0a, 0x49,
  0x43, 0x4f, 0x4e, 0x5f, 0x46, 0x41, 0x5f, 0x46, 0x49, 0x4c, 0x45, 0x5f,
  0x41, 0x52, 0x52, 0x4f, 0x57, 0x5f, 0x55, 0x50, 0x20, 0x3d, 0x20, 0x22,
  0x5c, 0x78, 0x65, 0x66, 0x5c, 0x78, 0x39, 0x35, 0x5c, 0x78, 0x62, 0x34,
  0x22, 0x09, 0x2d, 0x2d, 0x20, 0x55, 0x2b, 0x66, 0x35, 0x37, 0x34, 0x0d,
  0x0a, 0x49, 0x43, 0x4f, 0x4e, 0x5f, 0x46, 0x41, 0x5f, 0x46, 0x49, 0x4c,
  0x45, 0x5f, 0x41, 0x55, 0x44, 0x49, 0x4f, 0x20, 0x3d, 0x20, 0x22, 0x5c,
  0x78, 0x65, 0x66, 0x5c, 0x78, 0x38, 0x37, 0x5c, 0x78, 0x38, 0x37, 0x22,
  0x09, 0x2d, 0x2d, 0x20, 0x55, 0x2b, 0x66, 0x31, 0x63, 0x37, 0x0d, 0x0a,
  0x49, 0x43, 0x4f, 0x4e, 0x5f, 0x46, 0x41, 0x5f, 0x46, 0x49, 0x4c, 0x45,
  0x5f, 0x43, 0x49, 0x52, 0x43, 0x4c, 0x45, 0x5f, 0x43, 0x48, 0x45, 0x43,
  0x4b, 0x20, 0x3d, 0x20, 0x22, 0x5c, 0x78, 0x65, 0x65, 0x5c, 0x78, 0x39,
  0x36, 0x5c, 0x78, 0x61, 0x30, 0x22, 0x09, 0x2d, 0x2d, 0x20, 0x55, 0x2b,
  0x65, 0x35, 0x61, 0x30, 0x0d, 0x0a, 0x49, 0x43, 0x4f, 0x4e, 0x5f, 0x46,
  0x41, 0x5f, 0x46, 0x49, 0x4c, 0x45, 0x5f, 0x43, 0x49, 0x52, 0x43, 0x4c,
  0x45, 0x5f, 0x45, 0x58, 0x43, 0x4c, 0x41, 0x4d, 0x41, 0x54, 0x49, 0x4f,
  0x4e, 0x20, 0x3d, 0x20, 0x22, 0x5c, 0x78, 0x65, 0x65, 0x5c, 0x78, 0x39,
  0x33, 0x5c, 0x78, 0x61, 0x62, 0x22, 0x09, 0x2d, 0x2d, 0x20, 0x55, 0x2b,
  0x65, 0x34, 0x65, 0x62, 0x0d, 0x0a, 0x49, 0x43, 0x4f, 0x4e, 0x5f, 0x46,
  0x41, 0x5f, 0x46, 0x49, 0x4c, 0x45, 0x5f, 0x43, 0x49, 0x52, 0x43, 0x4c,
  0x45, 0x5f, 0x4d, 0x49, 0x4e, 0x55, 0x53, 0x20, 0x3d, 0x20, 0x22, 0x5c,
  0x78, 0x65, 0x65, 0x5c, 0x78, 0x39, 0x33, 0x5c, 0x78, 0x61, 0x64, 0x22,
  0x09, 0x2d, 0x2d, 0x20, 0x55, 0x2b, 0x65, 0x34, 0x65, 0x64, 0x0d, 0x0a,
  0x49, 0x43, 0x4f, 0x4e, 0x5f, 0x46, 0x41, 0x5f, 0x46, 0x49, 0x4c, 0x45,
  0x5f, 0x43, 0x49, 0x52, 0x43, 0x4c, 0x45, 0x5f, 0x50, 0x4c, 0x55, 0x53,
  0x20, 0x3d, 0x20, 0x22, 0x5c, 0x78, 0x65, 0x65, 0x5c, 0x78, 0x39, 0x32,
  0x5c, 0x78, 0x39, 0x34, 0x22, 0x09, 0x2d, 0x2d, 0x20, 0x55, 0x2b, 0x65,
  0x34, 0x39, 0x34, 0x0d, 0x0a, 0x49, 0x43, 0x4f, 0x4e, 0x5f, 0x46, 0x41,
  0x5f, 0x46, 0x49, 0x4c, 0x45, 0x5f, 0x43, 0x49, 0x52, 0x43, 0x4c, 0x45,
  0x5f, 0x51, 0x55, 0x45, 0x53, 0x54, 0x49, 0x4f, 0x4e, 0x20, 0x3d, 0x20,
  0x22, 0x5c, 0x78, 0x65, 0x65, 0x5c, 0x78, 0x39, 0x33, 0x5c, 0x78, 0x61,
  0x66, 0x22, 0x09, 0x2d, 0x2d, 0x20, 0x55, 0x2b, 0x65, 0x34, 0x65, 0x66,
  0x0d, 0x0a, 0x49, 0x43, 0x4f, 0x4e, 0x5f, 0x46, 0x41, 0x5f, 0x46, 0x49,
  0x4c, 0x45, 0x5f, 0x43, 0x49, 0x52, 0x43, 0x4c, 0x45, 0x5f, 0x58, 0x4d,
  0x41, 0x52, 0x4b, 0x20, 0x3d, 0x20, 0x22, 0x5c, 0x78, 0x65, 0x65, 0x5c,
  0x78, 0x39, 0x36, 0x5c, 0x78, 0x61, 0x31, 0x22, 0x09, 0x2d, 0x2d, 0x20,
  0x55, 0x2b, 0x65, 0x35, 0x61, 0x31, 0x0d, 0x0a, 0x49, 0x43, 0x4f, 0x4e,
  0x5f, 0x46, 0x41, 0x5f, 0x46, 0x49, 0x4c, 0x45, 0x5f, 0x43, 0x4f, 0x44,
  0x45, 0x20, 0x3d, 0x20, 0x22, 0x5c, 0x78, 0x65, 0x66, 0x5c, 0x78, 0x38,
  0x37, 0x5c, 0x78, 0x38, 0x39, 0x22, 0x09, 0x2d, 0x2d, 0x20, 0x55, 0x2b,
  0x66, 0x31, 0x63, 0x39, 0x0d, 0x0a, 0x49, 0x43, 0x4f, 0x4e, 0x5f, 0x46,
  0x41, 0x5f, 0x46, 0x49, 0x4c, 0x45, 0x5f, 0x43, 0x4f, 0x4e, 0x54, 0x52,
  0x41, 0x43, 0x54, 0x20, 0x3d, 0x20, 0x22, 0x5c, 0x78, 0x65, 0x66, 0x5c,
  0x78, 0x39, 0x35, 0x5c, 0x78, 0x61, 0x63, 0x22, 0x09, 0x2d, 0x2d, 0x20,
  0x55, 0x2b, 0x66, 0x35, 0x36, 0x63, 0x0d, 0x0a, 0x49, 0x43, 0x4f, 0x4e,
  0x5f, 0x46, 0x41, 0x5f, 0x46, 0x49, 0x4c, 0x45, 0x5f, 0x43, 0x53, 0x56,
  0x20, 0x3d, 0x20, 0x22, 0x5c, 0x78, 0x65, 0x66, 0x5c, 0x78, 0x39, 0x62,
  0x5c, 0x78, 0x39, 0x64, 0x22, 0x09, 0x2d, 0x2d, 0x20, 0x55, 0x2b, 0x66,
  0x36, 0x64, 0x64, 0x0d, 0x0a, 0x49, 0x43, 0x4f, 0x4e, 0x5f, 0x46, 0x41,
  0x5f, 0x46, 0x49, 0x4c, 0x45, 0x5f, 0x45, 0x58, 0x43, 0x45, 0x4c, 0x20,
  0x3d, 0x20, 0x22, 0x5c, 0x78, 0x65, 0x66, 0x5c, 0x78, 0x38, 0x37, 0x5c,
  0x78, 0x38, 0x33, 0x22, 0x09, 0x2d, 0x2d, 0x20, 0x55, 0x2b, 0x66, 0x31,
  0x63, 0x33, 0x0d, 0x0a, 0x49, 0x43, 0x4f, 0x4e, 0x5f, 0x46, 0x41, 0x5f,
  0x46, 0x49, 0x4c, 0x45, 0x5f, 0x45, 0x58, 0x50, 0x4f, 0x52, 0x54, 0x20,
  0x3d, 0x20, 0x22, 0x5c, 0x78, 0x65, 0x66, 0x5c, 0x78, 0x39, 0x35, 0x5c,
  0x78, 0x61, 0x65, 0x22, 0x09, 0x2d, 0x2d, 0x20, 0x55, 0x2b, 0x66, 0x35,
  0x36, 0x65, 0x0d, 0x0a, 0x49, 0x43, 0x4f, 0x4e, 0x5f, 0x46, 0x41, 0x5f,
  0x46, 0x49, 0x4c, 0x45, 0x5f, 0x46, 0x52, 0x41, 0x47, 0x4d, 0x45, 0x4e,
  0x54, 0x20, 0x3d, 0x20, 0x22, 0x5c, 0x78, 0x65, 0x65, 0x5c, 0x78, 0x39,
  0x61, 0x5c, 0x78, 0x39, 0x37, 0x22, 0x09, 0x2d, 0x2d, 0x20, 0x55, 0x2b,
  0x65, 0x36, 0x39, 0x37, 0x0d, 0x0a, 0x49, 0x43, 0x4f, 0x4e, 0x5f, 0x46,
  0x41, 0x5f, 0x46, 0x49, 0x4c, 0x45, 0x5f, 0x48, 0x41, 0x4c, 0x46, 0x5f,
  0x44, 0x41, 0x53, 0x48, 0x45, 0x44, 0x20, 0x3d, 0x20, 0x22, 0x5c, 0x78,
  0x65, 0x65, 0x5c, 0x78, 0x39, 0x61, 0x5c, 0x78, 0x39, 0x38, 0x22, 0x09,
  0x2d, 0x2d, 0x20, 0x55, 0x2b, 0x65, 0x36, 0x39, 0x38, 0x0d, 0x0a, 0x49,
  0x43, 0x4f, 0x4e, 0x5f, 0x46, 0x41, 0x5f, 0x46, 0x49, 0x4c, 0x45, 0x5f,
  0x49, 0x4d, 0x41, 0x47, 0x45, 0x20, 0x3d, 0x20, 0x22, 0x5c, 0x78, 0x65,
  0x66, 0x5c, 0x78, 0x38, 0x37, 0x5c, 0x78, 0x38, 0x35, 0x22, 0x09, 0x2d,
  0x2d, 0x20, 0x55, 0x2b, 0x66, 0x31, 0x63, 0x35, 0x0d, 0x0a, 0x49, 0x43,
  0x4f, 0x4e, 0x5f, 0x46, 0x41, 0x5f, 0x46, 0x49, 0x4c, 0x45, 0x5f, 0x49,
  0x4d, 0x50, 0x4f, 0x52, 0x54, 0x20, 0x3d, 0x20, 0x22, 0x5c, 0x78, 0x65,
  0x66, 0x5c, 0x78, 0x39, 0x35, 0x5c, 0x78, 0x61, 0x66, 0x22, 0x09, 0x2d,
  0x2d, 0x20, 0x55, 0x2b, 0x66, 0x35, 0x36, 0x66, 0x0d, 0x0a, 0x49, 0x43,
  0x4f, 0x4e, 0x5f, 0x46, 0x41, 0x5f, 0x46, 0x49, 0x4c, 0x45, 0x5f, 0x49,
  0x4e, 0x56, 0x4f, 0x49, 0x43, 0x45, 0x20, 0x3d, 0x20, 0x22, 0x5c, 0x78,
  0x65, 0x66, 0x5c, 0x78, 0x39, 0x35, 0x5c, 0x78, 0x62, 0x30, 0x22, 0x09,
  0x2d, 0x2d, 0x20, 0x55, 0x2b, 0x66, 0x35, 0x37, 0x30, 0x0d, 0x0a, 0x49,
  0x43, 0x4f, 0x4e, 0x5f, 0x46, 0x41, 0x5f, 0x46, 0x49, 0x4c, 0x45, 0x5f,
  0x49, 0x4e, 0x56, 0x4f, 0x49, 0x43, 0x45, 0x5f, 0x44, 0x4f, 0x4c, 0x4c,
  0x41, 0x52, 0x20, 0x3d, 0x20, 0x22, 0x5c, 0x78, 0x65, 0x66, 0x5c, 0x78,
  0x39, 0x35, 0x5c, 0x78, 0x62, 0x31, 0x22, 0x09, 0x2d, 0x2d, 0x20, 0x55,
  0x2b, 0x66, 0x35, 0x37, 0x31, 0x0d, 0x0a, 0x49, 0x43, 0x4f, 0x4e, 0x5f,
  0x46, 0x41, 0x5f, 0x46, 0x49, 0x4c, 0x45, 0x5f, 0x4c, 0x49, 0x4e, 0x45,
  0x53, 0x20, 0x3d, 0x20, 0x22, 0x5c, 0x78, 0x65, 0x66, 0x5c, 0x78, 0x38,
  0x35, 0x5c, 0x78, 0x39, 0x63, 0x22, 0x09, 0x2d, 0x2d, 0x20, 0x55, 0x2b,
  0x66, 0x31, 0x35, 0x63, 0x0d, 0x0a, 0x49, 0x43, 0x4f, 0x4e, 0x5f, 0x46,
  0x41, 0x5f, 0x46, 0x49, 0x4c, 0x45, 0x5f, 0x4d, 0x45, 0x44, 0x49, 0x43,
  0x41, 0x4c, 0x20, 0x3d, 0x20, 0x22, 0x5c, 0x78, 0x65, 0x66, 0x5c, 0x78,
  0x39, 0x31, 0x5c, 0x78, 0x62, 0x37, 0x22, 0x09, 0x2d, 0x2d, 0x20, 0x55,
  0x2b, 0x66, 0x34, 0x37, 0x37, 0x0d, 0x0a, 0x49, 0x43, 0x4f, 0x4e, 0x5f,
  0x46, 0x41, 0x5f, 0x46, 0x49, 0x4c, 0x45, 0x5f, 0x50, 0x44, 0x46, 0x20,
  0x3d, 0x20, 0x22, 0x5c, 0x78, 0x65, 0x66, 0x5c, 0x78, 0x38, 0x37, 0x5c,
  0x78, 0x38, 0x31, 0x22, 0x09, 0x2d, 0x2d, 0x20, 0x55, 0x2b, 0x66, 0x31,
  0x63, 0x31, 0x0d, 0x0a, 0x49, 0x43, 0x4f, 0x4e, 0x5f, 0x46, 0x41, 0x5f,
  0x46, 0x49, 0x4c, 0x45, 0x5f, 0x50, 0x45, 0x4e, 0x20, 0x3d, 0x20, 0x22,
  0x5c, 0x78, 0x65, 0x66, 0x5c, 0x78, 0x38, 0x63, 0x5c, 0x78, 0x39, 0x63,
  0x22, 0x09, 0x2d, 0x2d, 0x20, 0x55, 0x2b, 0x66, 0x33, 0x31, 0x63, 0x0d,
  0x0a, 0x49, 0x43, 0x4f, 0x4e, 0x5f, 0x46, 0x41, 0x5f, 0x46, 0x49, 0x4c,
  0x45, 0x5f, 0x50, 0x4f, 0x57, 0x45, 0x52, 0x50, 0x4f, 0x49, 0x4e, 0x54,
  0x20, 0x3d, 0x20, 0x22, 0x5c, 0x78, 0x65, 0x66, 0x5c, 0x78, 0x38, 0x37,
  0x5c, 0x78, 0x38, 0x34, 0x22, 0x09, 0x2d, 0x2d, 0x20, 0x55, 0x2b, 0x66,
  0x31, 0x63, 0x34, 0x0d, 0x0a, 0x49, 0x43, 0x4f, 0x4e, 0x5f, 0x46, 0x41,
  0x5f, 0x46, 0x49, 0x4c, 0x45, 0x5f, 0x50, 0x52, 0x45, 0x53, 0x43, 0x52,
  0x49, 0x50, 0x54, 0x49, 0x4f, 0x4e, 0x20, 0x3d, 0x20, 0x22, 0x5c, 0x78,
  0x65, 0x66, 0x5c, 0x78, 0x39, 0x35, 0x5c, 0x78, 0x62, 0x32, 0x22, 0x09,
  0x2d, 0x2d, 0x20, 0x55, 0x2b, 0x66, 0x35, 0x37, 0x32, 0x0d, 0x0a, 0x49,
  0x43, 0x4f, 0x4e, 0x5f, 0x46, 0x41, 0x5f, 0x46, 0x49, 0x4c, 0x45, 0x5f,
  0x53, 0x48, 0x49, 0x45, 0x4c, 0x44, 0x20, 0x3d, 0x20, 0x22, 0x5c, 0x78,
  0x65, 0x65, 0x5c, 0x78, 0x39, 0x33, 0x5c, 0x78, 0x62, 0x30, 0x22, 0x09,
  0x2d, 0x2d, 0x20, 0x55, 0x2b, 0x65, 0x34, 0x66, 0x30, 0x0d, 0x0a, 0x49,
  0x43, 0x4f, 0x4e, 0x5f, 0x46, 0x41, 0x5f, 0x46, 0x49, 0x4c, 0x45, 0x5f,
  0x53, 0x49, 0x47, 0x4e, 0x41, 0x54, 0x55, 0x52, 0x45, 0x20, 0x3d, 0x20,
  0x22, 0x5c, 0x78, 0x65, 0x66, 0x5c, 0x78, 0x39, 0x35, 0x5c, 0x78, 0x62,
  0x33, 0x22, 0x09, 0x2d, 0x2d, 0x20, 0x55, 0x2b, 0x66, 0x35, 0x37, 0x33,
  0x0d, 0x0a, 0x49, 0x43, 0x4f, 0x4e, 0x5f, 0x46, 0x41, 0x5f, 0x46, 0x49,
  0x4c, 0x45, 0x5f, 0x56, 0x49, 0x44, 0x45, 0x4f, 0x20, 0x3d, 0x20, 0x22,
  0x5c, 0x78, 0x65, 0x66, 0x5c, 0x78, 0x38, 0x37, 0x5c, 0x78, 0x38, 0x38,
  0x22, 0x09, 0x2d, 0x2d, 0x20, 0x55, 0x2b, 0x66, 0x31, 0x63, 0x38, 0x0d,
  0x0a, 0x49, 0x43, 0x4f, 0x4e, 0x5f, 0x46, 0x41, 0x5f, 0x46, 0x49, 0x4c,
  0x45, 0x5f, 0x57, 0x41, 0x56, 0x45, 0x46, 0x4f, 0x52, 0x4d, 0x20, 0x3d,
  0x20, 0x22, 0x5c, 0x78, 0x65, 0x66, 0x5c, 0x78, 0x39, 0x31, 0x5c, 0x78,
  0x62, 0x38, 0x22, 0x09, 0x2d, 0x2d, 0x20, 0x55, 0x2b, 0x66, 0x34, 0x37,
  0x38, 0x0d, 0x0a, 0x49, 0x43, 0x4f, 0x4e, 0x5f, 0x46, 0x41, 0x5f, 0x46,
  0x49, 0x4c, 0x45, 0x5f, 0x57, 0x4f, 0x52, 0x44, 0x20, 0x3d, 0x20, 0x22,
  0x5c, 0x78, 0x65, 0x66, 0x5c, 0x78, 0x38, 0x37, 0x5c, 0x78, 0x38, 0x32,
  0x22, 0x09, 0x2d, 0x2d, 0x20, 0x55, 0x2b, 0x66, 0x31, 0x63, 0x32, 0x0d,
  0x0a, 0x49, 0x43, 0x4f, 0x4e, 0x5f, 0x46, 0x41, 0x5f, 0x46, 0x49, 0x4c,
  0x45, 0x5f, 0x5a, 0x49, 0x50, 0x50, 0x45, 0x52, 0x20, 0x3d, 0x20, 0x22,
  0x5c, 0x78, 0x65, 0x66, 0x5c, 0x78, 0x38, 0x37, 0x5c, 0x78, 0x38, 0x36,
  0x22, 0x09, 0x2d, 0x2d, 0x20, 0x55, 0x2b, 0x66, 0x31, 0x63, 0x36, 0x0d,
  0x0a, 0x49, 0x43, 0x4f, 0x4e, 0x5f, 0x46, 0x41, 0x5f, 0x46, 0x49, 0x4c,
  0x4c, 0x20, 0x3d, 0x20, 0x22, 0x5c, 0x78, 0x65, 0x66, 0x5c, 0x78, 0x39,
  0x35, 0x5c, 0x78, 0x62, 0x35, 0x22, 0x09, 0x2d, 0x2d, 0x20, 0x55, 0x2b,
  0x66, 0x35, 0x37, 0x35, 0x0d, 0x0a, 0x49, 0x43, 0x4f, 0x4e, 0x5f, 0x46,
  0x41, 0x5f, 0x46, 0x49, 0x4c, 0x4c, 0x5f, 0x44, 0x52, 0x49, 0x50, 0x20,
  0x3d, 0x20, 0x22, 0x5c, 0x78, 0x65, 0x66, 0x5c, 0x78, 0x39, 0x35, 0x5c,
  0x78, 0x62, 0x36, 0x22, 0x09, 0x2d, 0x2d, 0x20, 0x55, 0x2b, 0x66, 0x35,
  0x37, 0x36, 0x0d, 0x0a, 0x49, 0x43, 0x4f, 0x4e, 0x5f, 0x46, 0x41, 0x5f,
  0x46, 0x49, 0x4c, 0x4d, 0x20, 0x3d, 0x20, 0x22, 0x5c, 0x78, 0x65, 0x66,
  0x5c, 0x78, 0x38, 0x30, 0x5c, 0x78, 0x38, 0x38, 0x22, 0x09, 0x2d, 0x2d,
  0x20, 0x55, 0x2b, 0x66, 0x30, 0x30, 0x38, 0x0d, 0x0a, 0x49, 0x43, 0x4f,
  0x4e, 0x5f, 0x46, 0x41, 0x5f, 0x46, 0x49, 0x4c, 0x54, 0x45, 0x52, 0x20,
  0x3d, 0x20, 0x22, 0x5c, 0x78, 0x65, 0x66, 0x5c, 0x78, 0x38, 0x32, 0x5c,
  0x78, 0x62, 0x30, 0x22, 0x09, 0x2d, 0x2d, 0x20, 0x55, 0x2b, 0x66, 0x30,
  0x62, 0x30, 0x0d, 0x0a, 0x49, 0x43, 0x4f, 0x4e, 0x5f, 0x46, 0x41, 0x5f,
  0x46, 0x49, 0x4c, 0x54, 0x45, 0x52, 0x5f, 0x43, 0x49, 0x52, 0x43, 0x4c,
  0x45, 0x5f, 0x44, 0x4f, 0x4c, 0x4c, 0x41, 0x52, 0x20, 0x3d, 0x20, 0x22,
  0x5c, 0x78, 0x65, 0x66, 0x5c, 0x78, 0x39, 0x39, 0x5c, 0x78, 0x61, 0x32,
  0x22, 0x09, 0x2d, 0x2d, 0x20, 0x55, 0x2b, 0x66, 0x36, 0x36, 0x32, 0x0d,
  0x0a, 0x49, 0x43, 0x4f, 0x4e, 0x5f, 0x46, 0x41, 0x5f, 0x46, 0x49, 0x4c,
  0x54, 0x45, 0x52, 0x5f, 0x43, 0x49, 0x52, 0x43, 0x4c, 0x45, 0x5f, 0x58,
  0x4d, 0x41, 0x52, 0x4b, 0x20, 0x3d, 0x20, 0x22, 0x5c, 0x78, 0x65, 0x65,
  0x5c, 0x78, 0x38, 0x35, 0x5c, 0x78, 0x62, 0x62, 0x22, 0x09, 0x2d, 0x2d,
  0x20, 0x55, 0x2b, 0x65, 0x31, 0x37, 0x62, 0x0d, 0x0a, 0x49, 0x43, 0x4f,
  0x4e, 0x5f, 0x46, 0x41, 0x5f, 0x46, 0x49, 0x4e, 0x47, 0x45, 0x52, 0x50,
  0x52, 0x49, 0x4e, 0x54, 0x20, 0x3d, 0x20, 0x22, 0x5c, 0x78, 0x65, 0x66,
  0x5c, 0x78, 0x39, 0x35, 0x5c, 0x78, 0x62, 0x37, 0x22, 0x09, 0x2d, 0x2d,
  0x20, 0x55, 0x2b, 0x66, 0x35, 0x37, 0x37, 0x0d, 0x0a, 0x49, 0x43, 0x4f,
  0x4e, 0x5f, 0x46, 0x41, 0x5f, 0x46, 0x49, 0x52, 0x45, 0x20, 0x3d, 0x20,
  0x22, 0x5c, 0x78, 0x65, 0x66, 0x5c, 0x78, 0x38, 0x31, 0x5c, 0x78, 0x61,
  0x64, 0x22, 0x09, 0x2d, 0x2d, 0x20, 0x55, 0x2b, 0x66, 0x30, 0x36, 0x64,
  0x0d, 0x0a, 0x49, 0x43, 0x4f, 0x4e, 0x5f, 0x46, 0x41, 0x5f, 0x46, 0x49,
  0x52, 0x45, 0x5f, 0x42, 0x55, 0x52, 0x4e, 0x45, 0x52, 0x20, 0x3d, 0x20,
  0x22, 0x5c, 0x78, 0x65, 0x65, 0x5c, 0x78, 0x39, 0x33, 0x5c, 0x78, 0x62,
  0x31, 0x22, 0x09, 0x2d, 0x2d, 0x20, 0x55, 0x2b, 0x65, 0x34, 0x66, 0x31,
  0x0d, 0x0a, 0x49, 0x43, 0x4f, 0x4e, 0x5f, 0x46, 0x41, 0x5f, 0x46, 0x49,
  0x52, 0x45, 0x5f, 0x45, 0x58, 0x54, 0x49, 0x4e, 0x47, 0x55, 0x49, 0x53,
  0x48, 0x45, 0x52, 0x20, 0x3d, 0x20, 0x22, 0x5c, 0x78, 0x65, 0x66, 0x5c,
  0x78, 0x38, 0x34, 0x5c, 0x78, 0x62, 0x34, 0x22, 0x09, 0x2d, 0x2d, 0x20,
  0x55, 0x2b, 0x66, 0x31, 0x33, 0x34, 0x0d, 0x0a, 0x49, 0x43, 0x4f, 0x4e,
  0x5f, 0x46, 0x41, 0x5f, 0x46, 0x49, 0x52, 0x45, 0x5f, 0x46, 0x4c, 0x41,
  0x4d, 0x45, 0x5f, 0x43, 0x55, 0x52, 0x56, 0x45, 0x44, 0x20, 0x3d, 0x20,
  0x22, 0x5c, 0x78, 0x65, 0x66, 0x5c, 0x78, 0x39, 0x66, 0x5c, 0x78, 0x61,
  0x34, 0x22, 0x09, 0x2d, 0x2d, 0x20, 0x55, 0x2b, 0x66, 0x37, 0x65, 0x34,
  0x0d, 0x0a, 0x49, 0x43, 0x4f, 0x4e, 0x5f, 0x46, 0x41, 0x5f, 0x46, 0x49,
  0x52, 0x45, 0x5f, 0x46, 0x4c, 0x41, 0x4d, 0x45, 0x5f, 0x53, 0x49, 0x4d,
  0x50, 0x4c, 0x45, 0x20, 0x3d, 0x20, 0x22, 0x5c, 0x78, 0x65, 0x66, 0x5c,
  0x78, 0x39, 0x31, 0x5c, 0x78, 0x61, 0x61, 0x22, 0x09, 0x2d, 0x2d, 0x20,
  0x55, 0x2b, 0x66, 0x34, 0x36, 0x61, 0x0d, 0x0a, 0x49, 0x43, 0x4f, 0x4e,
  0x5f, 0x46, 0x41, 0x5f, 0x46, 0x49, 0x53, 0x48, 0x20, 0x3d, 0x20, 0x22,
  0x5c, 0x78, 0x65, 0x66, 0x5c, 0x78, 0x39, 0x35, 0x5c, 0x78, 0x62, 0x38,
  0x22, 0x09, 0x2d, 0x2d, 0x20, 0x55, 0x2b, 0x66, 0x35, 0x37, 0x38, 0x0d,
  0x0a, 0x49, 0x43, 0x4f, 0x4e, 0x5f, 0x46, 0x41, 0x5f, 0x46, 0x49, 0x53,
  0x48, 0x5f, 0x46, 0x49, 0x4e, 0x53, 0x20, 0x3d, 0x20, 0x22, 0x5c, 0x78,
  0x65, 0x65, 0x5c, 0x78, 0x39, 0x33, 0x5c, 0x78, 0x62, 0x32, 0x22, 0x09,
  0x2d, 0x2d, 0x20, 0x55, 0x2b, 0x65, 0x34, 0x66, 0x32, 0x0d, 0x0a, 0x49,
  0x43, 0x4f, 0x4e, 0x5f, 0x46, 0x41, 0x5f, 0x46, 0x4c, 0x41, 0x47, 0x20,
  0x3d, 0x20, 0x22, 0x5c, 0x78, 0x65, 0x66, 0x5c, 0x78, 0x38, 0x30, 0x5c,
  0x78, 0x61, 0x34, 0x22, 0x09, 0x2d, 0x2d, 0x20, 0x55, 0x2b, 0x66, 0x30,
  0x32, 0x34, 0x0d, 0x0a, 0x49, 0x43, 0x4f, 0x4e, 0x5f, 0x46, 0x41, 0x5f,
  0x46, 0x4c, 0x41, 0x47, 0x5f, 0x43, 0x48, 0x45, 0x43, 0x4b, 0x45, 0x52,
  0x45, 0x44, 0x20, 0x3d, 0x20, 0x22, 0x5c, 0x78, 0x65, 0x66, 0x5c, 0x78,
  0x38, 0x34, 0x5c, 0x78, 0x39, 0x65, 0x22, 0x09, 0x2d, 0x2d, 0x20, 0x55,
  0x2b, 0x66, 0x31, 0x31, 0x65, 0x0d, 0x0a, 0x49, 0x43, 0x4f, 0x4e, 0x5f,
  0x46, 0x41, 0x5f, 0x46, 0x4c, 0x41, 0x47, 0x5f, 0x55, 0x53, 0x41, 0x20,
  0x3d, 0x20, 0x22, 0x5c, 0x78, 0x65, 0x66, 0x5c, 0x78, 0x39, 0x64, 0x5c,
  0x78, 0x38, 0x64, 0x22, 0x09, 0x2d, 0x2d, 0x20, 0x55, 0x2b, 0x66, 0x37,
  0x34, 0x64, 0x0d, 0x0a, 0x49, 0x43, 0x4f, 0x4e, 0x5f, 0x46, 0x41, 0x5f,
  0x46, 0x4c, 0x41, 0x53, 0x4b, 0x20, 0x3d, 0x20, 0x22, 0x5c, 0x78, 0x65,
  0x66, 0x5c, 0x78, 0x38, 0x33, 0x5c, 0x78, 0x38, 0x33, 0x22, 0x09, 0x2d,
  0x2d, 0x20, 0x55, 0x2b, 0x66, 0x30, 0x63, 0x33, 0x0d, 0x0a, 0x49, 0x43,
  0x4f, 0x4e, 0x5f, 0x46, 0x41, 0x5f, 0x46, 0x4c, 0x41, 0x53, 0x4b, 0x5f,
  0x56, 0x49, 0x41, 0x4c, 0x20, 0x3d, 0x20, 0x22, 0x5c, 0x78, 0x65, 0x65,
  0x5c, 0x78, 0x39, 0x33, 0x5c, 0x78, 0x62, 0x33, 0x22, 0x09, 0x2d, 0x2d,
  0x20, 0x55, 0x2b, 0x65, 0x34, 0x66, 0x33, 0x0d, 0x0a, 0x49, 0x43, 0x4f,
  0x4e, 0x5f, 0x46, 0x41, 0x5f, 0x46, 0x4c, 0x4f, 0x50, 0x50, 0x59, 0x5f,
  0x44, 0x49, 0x53, 0x4b, 0x20, 0x3d, 0x20, 0x22, 0x5c, 0x78, 0x65, 0x66,
  0x5c, 0x78, 0x38, 0x33, 0x5c, 0x78, 0x38, 0x37, 0x22, 0x09, 0x2d, 0x2d,
  0x20, 0x55, 0x2b, 0x66, 0x30, 0x63, 0x37, 0x0d, 0x0a, 0x49, 0x43, 0x4f,
  0x4e, 0x5f, 0x46, 0x41, 0x5f, 0x46, 0x4c, 0x4f, 0x52, 0x49, 0x4e, 0x5f,
  0x53, 0x49, 0x47, 0x4e, 0x20, 0x3d, 0x20, 0x22, 0x5c, 0x78, 0x65, 0x65,
  0x5c, 0x78, 0x38, 0x36, 0x5c, 0x78, 0x38, 0x34, 0x22, 0x09, 0x2d, 0x2d,
  0x20, 0x55, 0x2b, 0x65, 0x31, 0x38, 0x34, 0x0d, 0x0a, 0x49, 0x43, 0x4f,
  0x4e, 0x5f, 0x46, 0x41, 0x5f, 0x46, 0x4f, 0x4c, 0x44, 0x45, 0x52, 0x20,
  0x3d, 0x20, 0x22, 0x5c, 0x78, 0x65, 0x66, 0x5c, 0x78, 0x38, 0x31, 0x5c,
  0x78, 0x62, 0x62, 0x22, 0x09, 0x2d, 0x2d, 0x20, 0x55, 0x2b, 0x66, 0x30,
  0x37, 0x62, 0x0d, 0x0a, 0x49, 0x43, 0x4f, 0x4e, 0x5f, 0x46, 0x41, 0x5f,
  0x46, 0x4f, 0x4c, 0x44, 0x45, 0x52, 0x5f, 0x43, 0x4c, 0x4f, 0x53, 0x45,
  0x44, 0x20, 0x3d, 0x20, 0x22, 0x5c, 0x78, 0x65, 0x65, 0x5c, 0x78, 0x38,
  0x36, 0x5c, 0x78, 0x38, 0x35, 0x22, 0x09, 0x2d, 0x2d, 0x20, 0x55, 0x2b,
  0x65, 0x31, 0x38, 0x35, 0x0d, 0x0a, 0x49, 0x43, 0x4f, 0x4e, 0x5f, 0x46,
  0x41, 0x5f, 0x46, 0x4f, 0x4c, 0x44, 0x45, 0x52, 0x5f, 0x4d, 0x49, 0x4e,
  0x55, 0x53, 0x20, 0x3d, 0x20, 0x22, 0x5c, 0x78, 0x65, 0x66, 0x5c, 0x78,
  0x39, 0x39, 0x5c, 0x78, 0x39, 0x64, 0x22, 0x09, 0x2d, 0x2d, 0x20, 0x55,
  0x2b, 0x66, 0x36, 0x35, 0x64, 0x0d, 0x0a, 0x49, 0x43, 0x4f, 0x4e, 0x5f,
  0x46, 0x41, 0x5f, 0x46, 0x4f, 0x4c, 0x44, 0x45, 0x52, 0x5f, 0x4f, 0x50,
  0x45, 0x4e, 0x20, 0x3d, 0x20, 0x22, 0x5c, 0x78, 0x65, 0x66, 0x5c, 0x78,
  0x38, 0x31, 0x5c, 0x78, 0x62, 0x63, 0x22, 0x09, 0x2d, 0x2d, 0x20, 0x55,
  0x2b, 0x66, 0x30, 0x37, 0x63, 0x0d, 0x0a, 0x49, 0x43, 0x4f, 0x4e, 0x5f,
  0x46, 0x41, 0x5f, 0x46, 0x4f, 0x4c, 0x44, 0x45, 0x52, 0x5f, 0x50, 0x4c,
  0x55, 0x53, 0x20, 0x3d, 0x20, 0x22, 0x5c, 0x78, 0x65, 0x66, 0x5c, 0x78,
  0x39, 0x39, 0x5c, 0x78, 0x39, 0x65, 0x22, 0x09, 0x2d, 0x2d, 0x20, 0x55,
  0x2b, 0x66, 0x36, 0x35, 0x65, 0x0d, 0x0a, 0x49, 0x43, 0x4f, 0x4e, 0x5f,
  0x46, 0x41, 0x5f, 0x46, 0x4f, 0x4c, 0x44, 0x45, 0x52, 0x5f, 0x54, 0x52,
  0x45, 0x45, 0x20, 0x3d, 0x20, 0x22, 0x5c, 0x78, 0x65, 0x66, 0x5c, 0x78,
  0x61, 0x30, 0x5c, 0x78, 0x38, 0x32, 0x22, 0x09, 0x2d, 0x2d, 0x20, 0x55,
  0x2b, 0x66, 0x38, 0x30, 0x32, 0x0d, 0x0a, 0x49, 0x43, 0x4f, 0x4e, 0x5f,
  0x46, 0x41, 0x5f, 0x46, 0x4f, 0x4e, 0x54, 0x20, 0x3d, 0x20, 0x22, 0x5c,
  0x78, 0x65, 0x66, 0x5c, 0x78, 0x38, 0x30, 0x5c, 0x78, 0x62, 0x31, 0x22,
  0x09, 0x2d, 0x2d, 0x20, 0x55, 0x2b, 0x66, 0x30, 0x33, 0x31, 0x0d, 0x0a,
  0x49, 0x43, 0x4f, 0x4e, 0x5f, 0x46, 0x41, 0x5f, 0x46, 0x4f, 0x4e, 0x54,
  0x5f, 0x41, 0x57, 0x45, 0x53, 0x4f, 0x4d, 0x45, 0x20, 0x3d, 0x20, 0x22,
  0x5c, 0x78, 0x65, 0x66, 0x5c, 0x78, 0x38, 0x61, 0x5c, 0x78, 0x62, 0x34,
  0x22, 0x09, 0x2d, 0x2d, 0x20, 0x55, 0x2b, 0x66, 0x32, 0x62, 0x34, 0x0d,
  0x0a, 0x49, 0x43, 0x4f, 0x4e, 0x5f, 0x46, 0x41, 0x5f, 0x46, 0x4f, 0x4f,
  0x54, 0x42, 0x41, 0x4c, 0x4c, 0x20, 0x3d, 0x20, 0x22, 0x5c, 0x78, 0x65,
  0x66, 0x5c, 0x78, 0x39, 0x31, 0x5c, 0x78, 0x38, 0x65, 0x22, 0x09, 0x2d,
  0x2d, 0x20, 0x55, 0x2b, 0x66, 0x34, 0x34, 0x65, 0x0d, 0x0a, 0x49, 0x43,
  0x4f, 0x4e, 0x5f, 0x46, 0x41, 0x5f, 0x46, 0x4f, 0x52, 0x57, 0x41, 0x52,
  0x44, 0x20, 0x3d, 0x20, 0x22, 0x5c, 0x78, 0x65, 0x66, 0x5c, 0x78, 0x38,
  0x31, 0x5c, 0x78, 0x38, 0x65, 0x22, 0x09, 0x2d, 0x2d, 0x20, 0x55, 0x2b,
  0x66, 0x30, 0x34, 0x65, 0x0d, 0x0a, 0x49, 0x43, 0x4f, 0x4e, 0x5f, 0x46,
  0x41, 0x5f, 0x46, 0x4f, 0x52, 0x57, 0x41, 0x52, 0x44, 0x5f, 0x46, 0x41,
  0x53, 0x54, 0x20, 0x3d, 0x20, 0x22, 0x5c, 0x78, 0x65, 0x66, 0x5c, 0x78,
  0x38, 0x31, 0x5c, 0x78, 0x39, 0x30, 0x22, 0x09, 0x2d, 0x2d, 0x20, 0x55,
  0x2b, 0x66, 0x30, 0x35, 0x30, 0x0d, 0x0a, 0x49, 0x43, 0x4f, 0x4e, 0x5f,
  0x46, 0x41, 0x5f, 0x46, 0x4f, 0x52, 0x57, 0x41, 0x52, 0x44, 0x5f, 0x53,
  0x54, 0x45, 0x50, 0x20, 0x3d, 0x20, 0x22, 0x5c, 0x78, 0x65, 0x66, 0x5c,
  0x78, 0x38, 0x31, 0x5c, 0x78, 0x39, 0x31, 0x22, 0x09, 0x2d, 0x2d, 0x20,
  0x55, 0x2b, 0x66, 0x30, 0x35, 0x31, 0x0d, 0x0a, 0x49, 0x43, 0x4f, 0x4e,
  0x5f, 0x46, 0x41, 0x5f, 0x46, 0x52, 0x41, 0x4e, 0x43, 0x5f, 0x53, 0x49,
  0x47, 0x4e, 0x20, 0x3d, 0x20, 0x22, 0x5c, 0x78, 0x65, 0x65, 0x5c, 0x78,
  0x38, 0x36, 0x5c, 0x78, 0x38, 0x66, 0x22, 0x09, 0x2d, 0x2d, 0x20, 0x55,
  0x2b, 0x65, 0x31, 0x38, 0x66, 0x0d, 0x0a, 0x49, 0x43, 0x4f, 0x4e, 0x5f,
  0x46, 0x41, 0x5f, 0x46, 0x52, 0x4f, 0x47, 0x20, 0x3d, 0x20, 0x22, 0x5c,
  0x78, 0x65, 0x66, 0x5c, 0x78, 0x39, 0x34, 0x5c, 0x78, 0x61, 0x65, 0x22,
  0x09, 0x2d, 0x2d, 0x20, 0x55, 0x2b, 0x66, 0x35, 0x32, 0x65, 0x0d, 0x0a,
  0x49, 0x43, 0x4f, 0x4e, 0x5f, 0x46, 0x41, 0x5f, 0x46, 0x55, 0x54, 0x42,
  0x4f, 0x4c, 0x20, 0x3d, 0x20, 0x22, 0x5c, 0x78, 0x65, 0x66, 0x5c, 0x78,
  0x38, 0x37, 0x5c, 0x78, 0x61, 0x33, 0x22, 0x09, 0x2d, 0x2d, 0x20, 0x55,
  0x2b, 0x66, 0x31, 0x65, 0x33, 0x0d, 0x0a, 0x49, 0x43, 0x4f, 0x4e, 0x5f,
  0x46, 0x41, 0x5f, 0x47, 0x20, 0x3d, 0x20, 0x22, 0x47, 0x22, 0x09, 0x2d,
  0x2d, 0x20, 0x55, 0x2b, 0x30, 0x30, 0x34, 0x37, 0x0d, 0x0a, 0x49, 0x43,
  0x4f, 0x4e, 0x5f, 0x46, 0x41, 0x5f, 0x47, 0x41, 0x4d, 0x45, 0x50, 0x41,
  0x44, 0x20, 0x3d, 0x20, 0x22, 0x5c, 0x78, 0x65, 0x66, 0x5c, 0x78, 0x38,
  0x34, 0x5c, 0x78, 0x39, 0x62, 0x22, 0x09, 0x2d, 0x2d, 0x20, 0x55, 0x2b,
  0x66, 0x31, 0x31, 0x62, 0x0d, 0x0a, 0x49, 0x43, 0x4f, 0x4e, 0x5f, 0x46,
  0x41, 0x5f, 0x47, 0x41, 0x53, 0x5f, 0x50, 0x55, 0x4d, 0x50, 0x20, 0x3d,
  0x20, 0x22, 0x5c, 0x78, 0x65, 0x66, 0x5c, 0x78, 0x39, 0x34, 0x5c, 0x78,
  0x61, 0x66, 0x22, 0x09, 0x2d, 0x2d, 0x20, 0x55, 0x2b, 0x66, 0x35, 0x32,
  0x66, 0x0d, 0x0a, 0x49, 0x43, 0x4f, 0x4e, 0x5f, 0x46, 0x41, 0x5f, 0x47,
  0x41, 0x55, 0x47, 0x45, 0x20, 0x3d, 0x20, 0x22, 0x5c, 0x78, 0x65, 0x66,
  0x5c, 0x78, 0x39, 0x38, 0x5c, 0x78, 0x61, 0x34, 0x22, 0x09, 0x2d, 0x2d,
  0x20, 0x55, 0x2b, 0x66, 0x36, 0x32, 0x34, 0x0d, 0x0a, 0x49, 0x43, 0x4f,
  0x4e, 0x5f, 0x46, 0x41, 0x5f, 0x47, 0x41, 0x55, 0x47, 0x45, 0x5f, 0x48,
  0x49, 0x47, 0x48, 0x20, 0x3d, 0x20, 0x22, 0x5c, 0x78, 0x65, 0x66, 0x5c,
  0x78, 0x39, 0x38, 0x5c, 0x78, 0x61, 0x35, 0x22, 0x09, 0x2d, 0x2d, 0x20,
  0x55, 0x2b, 0x66, 0x36, 0x32, 0x35, 0x0d, 0x0a, 0x49, 0x43, 0x4f, 0x4e,
  0x5f, 0x46, 0x41, 0x5f, 0x47, 0x41, 0x55, 0x47, 0x45, 0x5f, 0x53, 0x49,
  0x4d, 0x50, 0x4c, 0x45, 0x20, 0x3d, 0x20, 0x22, 0x5c, 0x78, 0x65, 0x66,
  0x5c, 0x78, 0x39, 0x38, 0x5c, 0x78, 0x61, 0x39, 0x22, 0x09, 0x2d, 0x2d,
  0x20, 0x55, 0x2b, 0x66, 0x36, 0x32, 0x39, 0x0d, 0x0a, 0x49, 0x43, 0x4f,
  0x4e, 0x5f, 0x46, 0x41, 0x5f, 0x47, 0x41, 0x55, 0x47, 0x45, 0x5f, 0x53,
  0x49, 0x4d, 0x50, 0x4c, 0x45, 0x5f, 0x48, 0x49, 0x47, 0x48, 0x20, 0x3d,
  0x20, 0x22, 0x5c, 0x78, 0x65, 0x66, 0x5c, 0x78, 0x39, 0x38, 0x5c, 0x78,
  0x61, 0x61, 0x22, 0x09, 0x2d, 0x2d, 0x20, 0x55, 0x2b, 0x66, 0x36, 0x32,
  0x61, 0x0d, 0x0a, 0x49, 0x43, 0x4f, 0x4e, 0x5f, 0x46, 0x41, 0x5f, 0x47,
  0x41, 0x56, 0x45, 0x4c, 0x20, 0x3d, 0x20, 0x22, 0x5c, 0x78, 0x65, 0x66,
  0x5c, 0x78, 0x38, 0x33, 0x5c, 0x78, 0x61, 0x33, 0x22, 0x09, 0x2d, 0x2d,
  0x20, 0x55, 0x2b, 0x66, 0x30, 0x65, 0x33, 0x0d, 0x0a, 0x49, 0x43, 0x4f,
  0x4e, 0x5f, 0x46, 0x41, 0x5f, 0x47, 0x45, 0x41, 0x52, 0x20, 0x3d, 0x20,
  0x22, 0x5c, 0x78, 0x65, 0x66, 0x5c, 0x78, 0x38, 0x30, 0x5c, 0x78, 0x39,
  0x33, 0x22, 0x09, 0x2d, 0x2d, 0x20, 0x55, 0x2b, 0x66, 0x30, 0x31, 0x33,
  0x0d, 0x0a, 0x49, 0x43, 0x4f, 0x4e, 0x5f, 0x46, 0x41, 0x5f, 0x47, 0x45,
  0x41, 0x52, 0x53, 0x20, 0x3d, 0x20, 0x22, 0x5c, 0x78, 0x65, 0x66, 0x5c,
  0x78, 0x38, 0x32, 0x5c, 0x78, 0x38, 0x35, 0x22, 0x09, 0x2d, 0x2d, 0x20,
  0x55, 0x2b, 0x66, 0x30, 0x38, 0x35, 0x0d, 0x0a, 0x49, 0x43, 0x4f, 0x4e,
  0x5f, 0x46, 0x41, 0x5f, 0x47, 0x45, 0x4d, 0x20, 0x3d, 0x20, 0x22, 0x5c,
  0x78, 0x65, 0x66, 0x5c, 0x78, 0x38, 0x65, 0x5c, 0x78, 0x61, 0x35, 0x22,
  0x09, 0x2d, 0x2d, 0x20, 0x55, 0x2b, 0x66, 0x33, 0x61, 0x35, 0x0d, 0x0a,
  0x49, 0x43, 0x4f, 0x4e, 0x5f, 0x46, 0x41, 0x5f, 0x47, 0x45, 0x4e, 0x44,
  0x45, 0x52, 0x4c, 0x45, 0x53, 0x53, 0x20, 0x3d, 0x20, 0x22, 0x5c, 0x78,
  0x65, 0x66, 0x5c, 0x78, 0x38, 0x38, 0x5c, 0x78, 0x61, 0x64, 0x22, 0x09,
  0x2d, 0x2d, 0x20, 0x55, 0x2b, 0x66, 0x32, 0x32, 0x64, 0x0d, 0x0a, 0x49,
  0x43, 0x4f, 0x4e, 0x5f, 0x46, 0x41, 0x5f, 0x47, 0x48, 0x4f, 0x53, 0x54,
  0x20, 0x3d, 0x20, 0x22, 0x5c, 0x78, 0x65, 0x66, 0x5c, 0x78, 0x39, 0x62,
  0x5c, 0x78, 0x61, 0x32, 0x22, 0x09, 0x2d, 0x2d, 0x20, 0x55, 0x2b, 0x66,
  0x36, 0x65, 0x32, 0x0d, 0x0a, 0x49, 0x43, 0x4f, 0x4e, 0x5f, 0x46, 0x41,
  0x5f, 0x47, 0x49, 0x46, 0x54, 0x20, 0x3d, 0x20, 0x22, 0x5c, 0x78, 0x65,
  0x66, 0x5c, 0x78, 0x38, 0x31, 0x5c, 0x78, 0x61, 0x62, 0x22, 0x09, 0x2d,
  0x2d, 0x20, 0x55, 0x2b, 0x66, 0x30, 0x36, 0x62, 0x0d, 0x0a, 0x49, 0x43,
  0x4f, 0x4e, 0x5f, 0x46, 0x41, 0x5f, 0x47, 0x49, 0x46, 0x54, 0x53, 0x20,
  0x3d, 0x20, 0x22, 0x5c, 0x78, 0x65, 0x66, 0x5c, 0x78, 0x39, 0x65, 0x5c,
  0x78, 0x39, 0x63, 0x22, 0x09, 0x2d, 0x2d, 0x20, 0x55, 0x2b, 0x66, 0x37,
  0x39, 0x63, 0x0d, 0x0a, 0x49, 0x43, 0x4f, 0x4e, 0x5f, 0x46, 0x41, 0x5f,
  0x47, 0x4c, 0x41, 0x53, 0x53, 0x5f, 0x57, 0x41, 0x54, 0x45, 0x52, 0x20,
  0x3d, 0x20, 0x22, 0x5c, 0x78, 0x65, 0x65, 0x5c, 0x78, 0x39, 0x33, 0x5c,
  0x78, 0x62, 0x34, 0x22, 0x09, 0x2d, 0x2d, 0x20, 0x55, 0x2b, 0x65, 0x34,
  0x66, 0x34, 0x0d, 0x0a, 0x49, 0x43, 0x4f, 0x4e, 0x5f, 0x46, 0x41, 0x5f,
  0x47, 0x4c, 0x41, 0x53, 0x53, 0x5f, 0x57, 0x41, 0x54, 0x45, 0x52, 0x5f,
  0x44, 0x52, 0x4f, 0x50, 0x4c, 0x45, 0x54, 0x20, 0x3d, 0x20, 0x22, 0x5c,
  0x78, 0x65, 0x65, 0x5c, 0x78, 0x39, 0x33, 0x5c, 0x78, 0x62, 0x35, 0x22,
  0x09, 0x2d, 0x2d, 0x20, 0x55, 0x2b, 0x65, 0x34, 0x66, 0x35, 0x0d, 0x0a,
  0x49, 0x43, 0x4f, 0x4e, 0x5f, 0x46, 0x41, 0x5f, 0x47, 0x4c, 0x41, 0x53,
  0x53, 0x45, 0x53, 0x20, 0x3d, 0x20, 0x22, 0x5c, 0x78, 0x65, 0x66, 0x5c,
  0x78, 0x39, 0x34, 0x5c, 0x78, 0x62, 0x30, 0x22, 0x09, 0x2d, 0x2d, 0x20,
  0x55, 0x2b, 0x66, 0x35, 0x33, 0x30, 0x0d, 0x0a, 0x49, 0x43, 0x4f, 0x4e,
  0x5f, 0x46, 0x41, 0x5f, 0x47, 0x4c, 0x4f, 0x42, 0x45, 0x20, 0x3d, 0x20,
  0x22, 0x5c, 0x78, 0x65, 0x66, 0x5c, 0x78, 0x38, 0x32, 0x5c, 0x78, 0x61,
  0x63, 0x22, 0x09, 0x2d, 0x2d, 0x20, 0x55, 0x2b, 0x66, 0x30, 0x61, 0x63,
  0x0d, 0x0a, 0x49, 0x43, 0x4f, 0x4e, 0x5f, 0x46, 0x41, 0x5f, 0x47, 0x4f,
  0x4c, 0x46, 0x5f, 0x42, 0x41, 0x4c, 0x4c, 0x5f, 0x54, 0x45, 0x45, 0x20,
  0x3d, 0x20, 0x22, 0x5c, 0x78, 0x65, 0x66, 0x5c, 0x78, 0x39, 0x31, 0x5c,
  0x78, 0x39, 0x30, 0x22, 0x09, 0x2d, 0x2d, 0x20, 0x55, 0x2b, 0x66, 0x34,
  0x35, 0x30, 0x0d, 0x0a, 0x49, 0x43, 0x4f, 0x4e, 0x5f, 0x46, 0x41, 0x5f,
  0x47, 0x4f, 0x50, 0x55, 0x52, 0x41, 0x4d, 0x20, 0x3d, 0x20, 0x22, 0x5c,
  0x78, 0x65, 0x66, 0x5c, 0x78, 0x39, 0x39, 0x5c, 0x78, 0x61, 0x34, 0x22,
  0x09, 0x2d, 0x2d, 0x20, 0x55, 0x2b, 0x66, 0x36, 0x36, 0x34, 0x0d, 0x0a,
  0x49, 0x43, 0x4f, 0x4e, 0x5f, 0x46, 0x41, 0x5f, 0x47, 0x52, 0x41, 0x44,
  0x55, 0x41, 0x54, 0x49, 0x4f, 0x4e, 0x5f, 0x43, 0x41, 0x50, 0x20, 0x3d,
  0x20, 0x22, 0x5c, 0x78, 0x65, 0x66, 0x5c, 0x78, 0x38, 0x36, 0x5c, 0x78,
  0x39, 0x64, 0x22, 0x09, 0x2d, 0x2d, 0x20, 0x55, 0x2b, 0x66, 0x31, 0x39,
  0x64, 0x0d, 0x0a, 0x49, 0x43, 0x4f, 0x4e, 0x5f, 0x46, 0x41, 0x5f, 0x47,
  0x52, 0x45, 0x41, 0x54, 0x45, 0x52, 0x5f, 0x54, 0x48, 0x41, 0x4e, 0x20,
  0x3d, 0x20, 0x22, 0x3e, 0x22, 0x09, 0x2d, 0x2d, 0x20, 0x55, 0x2b, 0x30,
  0x30, 0x33, 0x65, 0x0d, 0x0a, 0x49, 0x43, 0x4f, 0x4e, 0x5f, 0x46, 0x41,
  0x5f, 0x47, 0x52, 0x45, 0x41, 0x54, 0x45, 0x52, 0x5f, 0x54, 0x48, 0x41,
  0x4e, 0x5f, 0x45, 0x51, 0x55, 0x41, 0x4c, 0x20, 0x3d, 0x20, 0x22, 0x5c,
  0x78, 0x65, 0x66, 0x5c, 0x78, 0x39, 0x34, 0x5c, 0x78, 0x62, 0x32, 0x22,
  0x09, 0x2d, 0x2d, 0x20, 0x55, 0x2b, 0x66, 0x35, 0x33, 0x32, 0x0d, 0x0a,
  0x49, 0x43, 0x4f, 0x4e, 0x5f, 0x46, 0x41, 0x5f, 0x47, 0x52, 0x49, 0x50,
  0x20, 0x3d, 0x20, 0x22, 0x5c, 0x78, 0x65, 0x66, 0x5c, 0x78, 0x39, 0x36,
  0x5c, 0x78, 0x38, 0x64, 0x22, 0x09, 0x2d, 0x2d, 0x20, 0x55, 0x2b, 0x66,
  0x35, 0x38, 0x64, 0x0d, 0x0a, 0x49, 0x43, 0x4f, 0x4e, 0x5f, 0x46, 0x41,
  0x5f, 0x47, 0x52, 0x49, 0x50, 0x5f, 0x4c, 0x49, 0x4e, 0x45, 0x53, 0x20,
  0x3d, 0x20, 0x22, 0x5c, 0x78, 0x65, 0x66, 0x5c, 0x78, 0x39, 0x65, 0x5c,
  0x78, 0x61, 0x34, 0x22, 0x09, 0x2d, 0x2d, 0x20, 0x55, 0x2b, 0x66, 0x37,
  0x61, 0x34, 0x0d, 0x0a, 0x49, 0x43, 0x4f, 0x4e, 0x5f, 0x46, 0x41, 0x5f,
  0x47, 0x52, 0x49, 0x50, 0x5f, 0x4c, 0x49, 0x4e, 0x45, 0x53, 0x5f, 0x56,
  0x45, 0x52, 0x54, 0x49, 0x43, 0x41, 0x4c, 0x20, 0x3d, 0x20, 0x22, 0x5c,
  0x78, 0x65, 0x66, 0x5c, 0x78, 0x39, 0x65, 0x5c, 0x78, 0x61, 0x35, 0x22,
  0x09, 0x2d, 0x2d, 0x20, 0x55, 0x2b, 0x66, 0x37, 0x61, 0x35, 0x0d, 0x0a,
  0x49, 0x43, 0x4f, 0x4e, 0x5f, 0x46, 0x41, 0x5f, 0x47, 0x52, 0x49, 0x50,
  0x5f, 0x56, 0x45, 0x52, 0x54, 0x49, 0x43, 0x41, 0x4c, 0x20, 0x3d, 0x20,
  0x22, 0x5c, 0x78, 0x65, 0x66, 0x5c, 0x78, 0x39, 0x36, 0x5c, 0x78, 0x38,
  0x65, 0x22, 0x09, 0x2d, 0x2d, 0x20, 0x55, 0x2b, 0x66, 0x35, 0x38, 0x65,
  0x0d, 0x0a, 0x49, 0x43, 0x4f, 0x4e, 0x5f, 0x46, 0x41, 0x5f, 0x47, 0x52,
  0x4f, 0x55, 0x50, 0x5f, 0x41, 0x52, 0x52, 0x4f, 0x57, 0x53, 0x5f, 0x52,
  0x4f, 0x54, 0x41, 0x54, 0x45, 0x20, 0x3d, 0x20, 0x22, 0x5c, 0x78, 0x65,
  0x65, 0x5c, 0x78, 0x39, 0x33, 0x5c, 0x78, 0x62, 0x36, 0x22, 0x09, 0x2d,
  0x2d, 0x20, 0x55, 0x2b, 0x65, 0x34, 0x66, 0x36, 0x0d, 0x0a, 0x49, 0x43,
  0x4f, 0x4e, 0x5f, 0x46, 0x41, 0x5f, 0x47, 0x55, 0x41, 0x52, 0x41, 0x4e,
  0x49, 0x5f, 0x53, 0x49, 0x47, 0x4e, 0x20, 0x3d, 0x20, 0x22, 0x5c, 0x78,
  0x65, 0x65, 0x5c, 0x78, 0x38, 0x36, 0x5c, 0x78, 0x39, 0x61, 0x22, 0x09,
  0x2d, 0x2d, 0x20, 0x55, 0x2b, 0x65, 0x31, 0x39, 0x61, 0x0d, 0x0a, 0x49,
  0x43, 0x4f, 0x4e, 0x5f, 0x46, 0x41, 0x5f, 0x47, 0x55, 0x49, 0x54, 0x41,
  0x52, 0x20, 0x3d, 0x20, 0x22, 0x5c, 0x78, 0x65, 0x66, 0x5c, 0x78, 0x39,
  0x65, 0x5c, 0x78, 0x61, 0x36, 0x22, 0x09, 0x2d, 0x2d, 0x20, 0x55, 0x2b,
  0x66, 0x37, 0x61, 0x36, 0x0d, 0x0a, 0x49, 0x43, 0x4f, 0x4e, 0x5f, 0x46,
  0x41, 0x5f, 0x47, 0x55, 0x4e, 0x20, 0x3d, 0x20, 0x22, 0x5c, 0x78, 0x65,
  0x65, 0x5c, 0x78, 0x38, 0x36, 0x5c, 0x78, 0x39, 0x62, 0x22, 0x09, 0x2d,
  0x2d, 0x20, 0x55, 0x2b, 0x65, 0x31, 0x39, 0x62, 0x0d, 0x0a, 0x49, 0x43,
  0x4f, 0x4e, 0x5f, 0x46, 0x41, 0x5f, 0x48, 0x20, 0x3d, 0x20, 0x22, 0x48,
  0x22, 0x09, 0x2d, 0x2d, 0x20, 0x55, 0x2b, 0x30, 0x30, 0x34, 0x38, 0x0d,
  0x0a, 0x49, 0x43, 0x4f, 0x4e, 0x5f, 0x46, 0x41, 0x5f, 0x48, 0x41, 0x4d,
  0x4d, 0x45, 0x52, 0x20, 0x3d, 0x20, 0x22, 0x5c, 0x78, 0x65, 0x66, 0x5c,
  0x78, 0x39, 0x62, 0x5c, 0x78, 0x61, 0x33, 0x22, 0x09, 0x2d, 0x2d, 0x20,
  0x55, 0x2b, 0x66, 0x36, 0x65, 0x33, 0x0d, 0x0a, 0x49, 0x43, 0x4f, 0x4e,
  0x5f, 0x46, 0x41, 0x5f, 0x48, 0x41, 0x4d, 0x53, 0x41, 0x20, 0x3d, 0x20,
  0x22, 0x5c, 0x78, 0x65, 0x66, 0x5c, 0x78, 0x39, 0x39, 0x5c, 0x78, 0x61,
  0x35, 0x22, 0x09, 0x2d, 0x2d, 0x20, 0x55, 0x2b, 0x66, 0x36, 0x36, 0x35,
  0x0d, 0x0a, 0x49, 0x43, 0x4f, 0x4e, 0x5f, 0x46, 0x41, 0x5f, 0x48, 0x41,
  0x4e, 0x44, 0x20, 0x3d, 0x20, 0x22, 0x5c, 0x78, 0x65, 0x66, 0x5c, 0x78,
  0x38, 0x39, 0x5c, 0x78, 0x39, 0x36, 0x22, 0x09, 0x2d, 0x2d, 0x20, 0x55,
  0x2b, 0x66, 0x32, 0x35, 0x36, 0x0d, 0x0a, 0x49, 0x43, 0x4f, 0x4e, 0x5f,
  0x46, 0x41, 0x5f, 0x48, 0x41, 0x4e, 0x44, 0x5f, 0x42, 0x41, 0x43, 0x4b,
  0x5f, 0x46, 0x49, 0x53, 0x54, 0x20, 0x3d, 0x20, 0x22, 0x5c, 0x78, 0x65,
  0x66, 0x5c, 0x78, 0x38, 0x39, 0x5c, 0x78, 0x39, 0x35, 0x22, 0x09, 0x2d,
  0x2d, 0x20, 0x55, 0x2b, 0x66, 0x32, 0x35, 0x35, 0x0d, 0x0a, 0x49, 0x43,
  0x4f, 0x4e, 0x5f, 0x46, 0x41, 0x5f, 0x48, 0x41, 0x4e, 0x44, 0x5f, 0x44,
  0x4f, 0x54, 0x53, 0x20, 0x3d, 0x20, 0x22, 0x5c, 0x78, 0x65, 0x66, 0x5c,
  0x78, 0x39, 0x31, 0x5c, 0x78, 0x61, 0x31, 0x22, 0x09, 0x2d, 0x2d, 0x20,
  0x55, 0x2b, 0x66, 0x34, 0x36, 0x31, 0x0d, 0x0a, 0x49, 0x43, 0x4f, 0x4e,
  0x5f, 0x46, 0x41, 0x5f, 0x48, 0x41, 0x4e, 0x44, 0x5f, 0x46, 0x49, 0x53,
  0x54, 0x20, 0x3d, 0x20, 0x22, 0x5c, 0x78, 0x65, 0x66, 0x5c, 0x78, 0x39,
  0x62, 0x5c, 0x78, 0x39, 0x65, 0x22, 0x09, 0x2d, 0x2d, 0x20, 0x55, 0x2b,
  0x66, 0x36, 0x64, 0x65, 0x0d, 0x0a, 0x49, 0x43, 0x4f, 0x4e, 0x5f, 0x46,
  0x41, 0x5f, 0x48, 0x41, 0x4e, 0x44, 0x5f, 0x48, 0x4f, 0x4c, 0x44, 0x49,
  0x4e, 0x47, 0x20, 0x3d, 0x20, 0x22, 0x5c, 0x78, 0x65, 0x66, 0x5c, 0x78,
  0x39, 0x32, 0x5c, 0x78, 0x62, 0x64, 0x22, 0x09, 0x2d, 0x2d, 0x20, 0x55,
  0x2b, 0x66, 0x34, 0x62, 0x64, 0x0d, 0x0a, 0x49, 0x43, 0x4f, 0x4e, 0x5f,
  0x46, 0x41, 0x5f, 0x48, 0x41, 0x4e, 0x44, 0x5f, 0x48, 0x4f, 0x4c, 0x44,
  0x49, 0x4e, 0x47, 0x5f, 0x44, 0x4f, 0x4c, 0x4c, 0x41, 0x52, 0x20, 0x3d,
  0x20, 0x22, 0x5c, 0x78, 0x65, 0x66, 0x5c, 0x78, 0x39, 0x33, 0x5c, 0x78,
  0x38, 0x30, 0x22, 0x09, 0x2d, 0x2d, 0x20, 0x55, 0x2b, 0x66, 0x34, 0x63,
  0x30, 0x0d, 0x0a, 0x49, 0x43, 0x4f, 0x4e, 0x5f, 0x46, 0x41, 0x5f, 0x48,
  0x41, 0x4e, 0x44, 0x5f, 0x48, 0x4f, 0x4c, 0x44, 0x49, 0x4e, 0x47, 0x5f,
  0x44, 0x52, 0x4f, 0x50, 0x4c, 0x45, 0x54, 0x20, 0x3d, 0x20, 0x22, 0x5c,
  0x78, 0x65, 0x66, 0x5c, 0x78, 0x39, 0x33, 0x5c, 0x78, 0x38, 0x31, 0x22,
  0x09, 0x2d, 0x2d, 0x20, 0x55, 0x2b, 0x66, 0x34, 0x63, 0x31, 0x0d, 0x0a,
  0x49, 0x43, 0x4f, 0x4e, 0x5f, 0x46, 0x41, 0x5f, 0x48, 0x41, 0x4e, 0x44,
  0x5f, 0x48, 0x4f, 0x4c, 0x44, 0x49, 0x4e, 0x47, 0x5f, 0x48, 0x41, 0x4e,
  0x44, 0x20, 0x3d, 0x20, 0x22, 0x5c, 0x78, 0x65, 0x65, 0x5c, 0x78, 0x39,
  0x33, 0x5c, 0x78, 0x62, 0x37, 0x22, 0x09, 0x2d, 0x2d, 0x20, 0x55, 0x2b,
  0x65, 0x34, 0x66, 0x37, 0x0d, 0x0a, 0x49, 0x43, 0x4f, 0x4e, 0x5f, 0x46,
  0x41, 0x5f, 0x48, 0x41, 0x4e, 0x44, 0x5f, 0x48, 0x4f, 0x4c, 0x44, 0x49,
  0x4e, 0x47, 0x5f, 0x48, 0x45, 0x41, 0x52, 0x54, 0x20, 0x3d, 0x20, 0x22,
  0x5c, 0x78, 0x65, 0x66, 0x5c, 0x78, 0x39, 0x32, 0x5c, 0x78, 0x62, 0x65,
  0x22, 0x09, 0x2d, 0x2d, 0x20, 0x55, 0x2b, 0x66, 0x34, 0x62, 0x65, 0x0d,
  0x0a, 0x49, 0x43, 0x4f, 0x4e, 0x5f, 0x46, 0x41, 0x5f, 0x48, 0x41, 0x4e,
  0x44, 0x5f, 0x48, 0x4f, 0x4c, 0x44, 0x49, 0x4e, 0x47, 0x5f, 0x4d, 0x45,
  0x44, 0x49, 0x43, 0x41, 0x4c, 0x20, 0x3d, 0x20, 0x22, 0x5c, 0x78, 0x65,
  0x65, 0x5c, 0x78, 0x38, 0x31, 0x5c, 0x78, 0x39, 0x63, 0x22, 0x09, 0x2d,
  0x2d, 0x20, 0x55, 0x2b, 0x65, 0x30, 0x35, 0x63, 0x0d, 0x0a, 0x49, 0x43,
  0x4f, 0x4e, 0x5f, 0x46, 0x41, 0x5f, 0x48, 0x41, 0x4e, 0x44, 0x5f, 0x4c,
  0x49, 0x5a, 0x41, 0x52, 0x44, 0x20, 0x3d, 0x20, 0x22, 0x5c, 0x78, 0x65,
  0x66, 0x5c, 0x78, 0x38, 0x39, 0x5c, 0x78, 0x39, 0x38, 0x22, 0x09, 0x2d,
  0x2d, 0x20, 0x55, 0x2b, 0x66, 0x32, 0x35, 0x38, 0x0d, 0x0a, 0x49, 0x43,
  0x4f, 0x4e, 0x5f, 0x46, 0x41, 0x5f, 0x48, 0x41, 0x4e, 0x44, 0x5f, 0x4d,
  0x49, 0x44, 0x44, 0x4c, 0x45, 0x5f, 0x46, 0x49, 0x4e, 0x47, 0x45, 0x52,
  0x20, 0x3d, 0x20, 0x22, 0x5c, 0x78, 0x65, 0x66, 0x5c, 0x78, 0x61, 0x30,
  0x5c, 0x78, 0x38, 0x36, 0x22, 0x09, 0x2d, 0x2d, 0x20, 0x55, 0x2b, 0x66,
  0x38, 0x30, 0x36, 0x0d, 0x0a, 0x49, 0x43, 0x4f, 0x4e, 0x5f, 0x46, 0x41,
  0x5f, 0x48, 0x41, 0x4e, 0x44, 0x5f, 0x50, 0x45, 0x41, 0x43, 0x45, 0x20,
  0x3d, 0x20, 0x22, 0x5c, 0x78, 0x65, 0x66, 0x5c, 0x78, 0x38, 0x39, 0x5c,
  0x78, 0x39, 0x62, 0x22, 0x09, 0x2d, 0x2d, 0x20, 0x55, 0x2b, 0x66, 0x32,
  0x35, 0x62, 0x0d, 0x0a, 0x49, 0x43, 0x4f, 0x4e, 0x5f, 0x46, 0x41, 0x5f,
  0x48, 0x41, 0x4e, 0x44, 0x5f, 0x50, 0x4f, 0x49, 0x4e, 0x54, 0x5f, 0x44,
  0x4f, 0x57, 0x4e, 0x20, 0x3d, 0x20, 0x22, 0x5c, 0x78, 0x65, 0x66, 0x5c,
  0x78, 0x38, 0x32, 0x5c, 0x78, 0x61, 0x37, 0x22, 0x09, 0x2d, 0x2d, 0x20,
  0x55, 0x2b, 0x66, 0x30, 0x61, 0x37, 0x0d, 0x0a, 0x49, 0x43, 0x4f, 0x4e,
  0x5f, 0x46, 0x41, 0x5f, 0x48, 0x41, 0x4e, 0x44, 0x5f, 0x50, 0x4f, 0x49,
  0x4e, 0x54, 0x5f, 0x4c, 0x45, 0x46, 0x54, 0x20, 0x3d, 0x20, 0x22, 0x5c,
  0x78, 0x65, 0x66, 0x5c, 0x78, 0x38, 0x32, 0x5c, 0x78, 0x61, 0x35, 0x22,
  0x09, 0x2d, 0x2d, 0x20, 0x55, 0x2b, 0x66, 0x30, 0x61, 0x35, 0x0d, 0x0a,
  0x49, 0x43, 0x4f, 0x4e, 0x5f, 0x46, 0x41, 0x5f, 0x48, 0x41, 0x4e, 0x44,
  0x5f, 0x50, 0x4f, 0x49, 0x4e, 0x54, 0x5f, 0x52, 0x49, 0x47, 0x48, 0x54,
  0x20, 0x3d, 0x20, 0x22, 0x5c, 0x78, 0x65, 0x66, 0x5c, 0x78, 0x38, 0x32,
  0x5c, 0x78, 0x61, 0x34, 0x22, 0x09, 0x2d, 0x2d, 0x20, 0x55, 0x2b, 0x66,
  0x30, 0x61, 0x34, 0x0d, 0x0a, 0x49, 0x43, 0x4f, 0x4e, 0x5f, 0x46, 0x41,
  0x5f, 0x48, 0x41, 0x4e, 0x44, 0x5f, 0x50, 0x4f, 0x49, 0x4e, 0x54, 0x5f,
  0x55, 0x50, 0x20, 0x3d, 0x20, 0x22, 0x5c, 0x78, 0x65, 0x66, 0x5c, 0x78,
  0x38, 0x32, 0x5c, 0x78, 0x61, 0x36, 0x22, 0x09, 0x2d, 0x2d, 0x20, 0x55,
  0x2b, 0x66, 0x30, 0x61, 0x36, 0x0d, 0x0a, 0x49, 0x43, 0x4f, 0x4e, 0x5f,
  0x46, 0x41, 0x5f, 0x48, 0x41, 0x4e, 0x44, 0x5f, 0x50, 0x4f, 0x49, 0x4e,
  0x54, 0x45, 0x52, 0x20, 0x3d, 0x20, 0x22, 0x5c, 0x78, 0x65, 0x66, 0x5c,
  0x78, 0x38, 0x39, 0x5c, 0x78, 0x39, 0x61, 0x22, 0x09, 0x2d, 0x2d, 0x20,
  0x55, 0x2b, 0x66, 0x32, 0x35, 0x61, 0x0d, 0x0a, 0x49, 0x43, 0x4f, 0x4e,
  0x5f, 0x46, 0x41, 0x5f, 0x48, 0x41, 0x4e, 0x44, 0x5f, 0x53, 0x43, 0x49,
  0x53, 0x53, 0x4f, 0x52, 0x53, 0x20, 0x3d, 0x20, 0x22, 0x5c, 0x78, 0x65,
  0x66, 0x5c, 0x78, 0x38, 0x39, 0x5c, 0x78, 0x39, 0x37, 0x22, 0x09, 0x2d,
  0x2d, 0x20, 0x55, 0x2b, 0x66, 0x32, 0x35, 0x37, 0x0d, 0x0a, 0x49, 0x43,
  0x4f, 0x4e, 0x5f, 0x46, 0x41, 0x5f, 0x48, 0x41, 0x4e, 0x44, 0x5f, 0x53,
  0x50, 0x41, 0x52, 0x4b, 0x4c, 0x45, 0x53, 0x20, 0x3d, 0x20, 0x22, 0x5c,
  0x78, 0x65, 0x65, 0x5c, 0x78, 0x38, 0x31, 0x5c, 0x78, 0x39, 0x64, 0x22,
  0x09, 0x2d, 0x2d, 0x20, 0x55, 0x2b, 0x65, 0x30, 0x35, 0x64, 0x0d, 0x0a,
  0x49, 0x43, 0x4f, 0x4e, 0x5f, 0x46, 0x41, 0x5f, 0x48, 0x41, 0x4e, 0x44,
  0x5f, 0x53, 0x50, 0x4f, 0x43, 0x4b, 0x20, 0x3d, 0x20, 0x22, 0x5c, 0x78,
  0x65, 0x66, 0x5c, 0x78, 0x38, 0x39, 0x5c, 0x78, 0x39, 0x39, 0x22, 0x09,
  0x2d, 0x2d, 0x20, 0x55, 0x2b, 0x66, 0x32, 0x35, 0x39, 0x0d, 0x0a, 0x49,
  0x43, 0x4f, 0x4e, 0x5f, 0x46, 0x41, 0x5f, 0x48, 0x41, 0x4e, 0x44, 0x43,
  0x55, 0x46, 0x46, 0x53, 0x20, 0x3d, 0x20, 0x22, 0x5c, 0x78, 0x65, 0x65,
  0x5c, 0x78, 0x39, 0x33, 0x5c, 0x78, 0x62, 0x38, 0x22, 0x09, 0x2d, 0x2d,
  0x20, 0x55, 0x2b, 0x65, 0x34, 0x66, 0x38, 0x0d, 0x0a, 0x49, 0x43, 0x4f,
  0x4e, 0x5f, 0x46, 0x41, 0x5f, 0x48, 0x41, 0x4e, 0x44, 0x53, 0x20, 0x3d,
  0x20, 0x22, 0x5c, 0x78, 0x65, 0x66, 0x5c, 0x78, 0x38, 0x61, 0x5c, 0x78,
  0x61, 0x37, 0x22, 0x09, 0x2d, 0x2d, 0x20, 0x55, 0x2b, 0x66, 0x32, 0x61,
  0x37, 0x0d, 0x0a, 0x49, 0x43, 0x4f, 0x4e, 0x5f, 0x46, 0x41, 0x5f, 0x48,
  0x41, 0x4e, 0x44, 0x53, 0x5f, 0x41, 0x53, 0x4c, 0x5f, 0x49, 0x4e, 0x54,
  0x45, 0x52, 0x50, 0x52, 0x45, 0x54, 0x49, 0x4e, 0x47, 0x20, 0x3d, 0x20,
  0x22, 0x5c, 0x78, 0x65, 0x66, 0x5c, 0x78, 0x38, 0x61, 0x5c, 0x78, 0x61,
  0x33, 0x22, 0x09, 0x2d, 0x2d, 0x20, 0x55, 0x2b, 0x66, 0x32, 0x61, 0x33,
  0x0d, 0x0a, 0x49, 0x43, 0x4f, 0x4e, 0x5f, 0x46, 0x41, 0x5f, 0x48, 0x41,
  0x4e, 0x44, 0x53, 0x5f, 0x42, 0x4f, 0x55, 0x4e, 0x44, 0x20, 0x3d, 0x20,
  0x22, 0x5c, 0x78, 0x65, 0x65, 0x5c, 0x78, 0x39, 0x33, 0x5c, 0x78, 0x62,
  0x39, 0x22, 0x09, 0x2d, 0x2d, 0x20, 0x55, 0x2b, 0x65, 0x34, 0x66, 0x39,
  0x0d, 0x0a, 0x49, 0x43, 0x4f, 0x4e, 0x5f, 0x46, 0x41, 0x5f, 0x48, 0x41,
  0x4e, 0x44, 0x53, 0x5f, 0x42, 0x55, 0x42, 0x42, 0x4c, 0x45, 0x53, 0x20,
  0x3d, 0x20, 0x22, 0x5c, 0x78, 0x65, 0x65, 0x5c, 0x78, 0x38, 0x31, 0x5c,
  0x78, 0x39, 0x65, 0x22, 0x09, 0x2d, 0x2d, 0x20, 0x55, 0x2b, 0x65, 0x30,
  0x35, 0x65, 0x0d, 0x0a, 0x49, 0x43, 0x4f, 0x4e, 0x5f, 0x46, 0x41, 0x5f,
  0x48, 0x41, 0x4e, 0x44, 0x53, 0x5f, 0x43, 0x4c, 0x41, 0x50, 0x50, 0x49,
  0x4e, 0x47, 0x20, 0x3d, 0x20, 0x22, 0x5c, 0x78, 0x65, 0x65, 0x5c, 0x78,
  0x38, 0x36, 0x5c, 0x78, 0x61, 0x38, 0x22, 0x09, 0x2d, 0x2d, 0x20, 0x55,
  0x2b, 0x65, 0x31, 0x61, 0x38, 0x0d, 0x0a, 0x49, 0x43, 0x4f, 0x4e, 0x5f,
  0x46, 0x41, 0x5f, 0x48, 0x41, 0x4e, 0x44, 0x53, 0x5f, 0x48, 0x4f, 0x4c,
  0x44, 0x49, 0x4e, 0x47, 0x20, 0x3d, 0x20, 0x22, 0x5c, 0x78, 0x65, 0x66,
  0x5c, 0x78, 0x39, 0x33, 0x5c, 0x78, 0x38, 0x32, 0x22, 0x09, 0x2d, 0x2d,
  0x20, 0x55, 0x2b, 0x66, 0x34, 0x63, 0x32, 0x0d, 0x0a, 0x49, 0x43, 0x4f,
  0x4e, 0x5f, 0x46, 0x41, 0x5f, 0x48, 0x41, 0x4e, 0x44, 0x53, 0x5f, 0x48,
  0x4f, 0x4c, 0x44, 0x49, 0x4e, 0x47, 0x5f, 0x43, 0x48, 0x49, 0x4c, 0x44,
  0x20, 0x3d, 0x20, 0x22, 0x5c, 0x78, 0x65, 0x65, 0x5c, 0x78, 0x39, 0x33,
  0x5c, 0x78, 0x62, 0x61, 0x22, 0x09, 0x2d, 0x2d, 0x20, 0x55, 0x2b, 0x65,
  0x34, 0x66, 0x61, 0x0d, 0x0a, 0x49, 0x43, 0x4f, 0x4e, 0x5f, 0x46, 0x41,
  0x5f, 0x48, 0x41, 0x4e, 0x44, 0x53, 0x5f, 0x48, 0x4f, 0x4c, 0x44, 0x49,
  0x4e, 0x47, 0x5f, 0x43, 0x49, 0x52, 0x43, 0x4c, 0x45, 0x20, 0x3d, 0x20,
  0x22, 0x5c, 0x78, 0x65, 0x65, 0x5c, 0x78, 0x39, 0x33, 0x5c, 0x78, 0x62,
  0x62, 0x22, 0x09, 0x2d, 0x2d, 0x20, 0x55, 0x2b, 0x65, 0x34, 0x66, 0x62,
  0x0d, 0x0a, 0x49, 0x43, 0x4f, 0x4e, 0x5f, 0x46, 0x41, 0x5f, 0x48, 0x41,
  0x4e, 0x44, 0x53, 0x5f, 0x50, 0x52, 0x41, 0x59, 0x49, 0x4e, 0x47, 0x20,
  0x3d, 0x20, 0x22, 0x5c, 0x78, 0x65, 0x66, 0x5c, 0x78, 0x39, 0x61, 0x5c,
  0x78, 0x38, 0x34, 0x22, 0x09, 0x2d, 0x2d, 0x20, 0x55, 0x2b, 0x66, 0x36,
  0x38, 0x34, 0x0d, 0x0a, 0x49, 0x43, 0x4f, 0x4e, 0x5f, 0x46, 0x41, 0x5f,
  0x48, 0x41, 0x4e, 0x44, 0x53, 0x48, 0x41, 0x4b, 0x45, 0x20, 0x3d, 0x20,
  0x22, 0x5c, 0x78, 0x65, 0x66, 0x5c, 0x78, 0x38, 0x61, 0x5c, 0x78, 0x62,
  0x35, 0x22, 0x09, 0x2d, 0x2d, 0x20, 0x55, 0x2b, 0x66, 0x32, 0x62, 0x35,
  0x0d, 0x0a, 0x49, 0x43, 0x4f, 0x4e, 0x5f, 0x46, 0x41, 0x5f, 0x48, 0x41,
  0x4e, 0x44, 0x53, 0x48, 0x41, 0x4b, 0x45, 0x5f, 0x41, 0x4e, 0x47, 0x4c,
  0x45, 0x20, 0x3d, 0x20, 0x22, 0x5c, 0x78, 0x65, 0x66, 0x5c, 0x78, 0x39,
  0x33, 0x5c, 0x78, 0x38, 0x34, 0x22, 0x09, 0x2d, 0x2d, 0x20, 0x55, 0x2b,
  0x66, 0x34, 0x63, 0x34, 0x0d, 0x0a, 0x49, 0x43, 0x4f, 0x4e, 0x5f, 0x46,
  0x41, 0x5f, 0x48, 0x41, 0x4e, 0x44, 0x53, 0x48, 0x41, 0x4b, 0x45, 0x5f,
  0x53, 0x4c, 0x41, 0x53, 0x48, 0x20, 0x3d, 0x20, 0x22, 0x5c, 0x78, 0x65,
  0x65, 0x5c, 0x78, 0x38, 0x31, 0x5c, 0x78, 0x61, 0x30, 0x22, 0x09, 0x2d,
  0x2d, 0x20, 0x55, 0x2b, 0x65, 0x30, 0x36, 0x30, 0x0d, 0x0a, 0x49, 0x43,
  0x4f, 0x4e, 0x5f, 0x46, 0x41, 0x5f, 0x48, 0x41, 0x4e, 0x55, 0x4b, 0x49,
  0x41, 0x48, 0x20, 0x3d, 0x20, 0x22, 0x5c, 0x78, 0x65, 0x66, 0x5c, 0x78,
  0x39, 0x62, 0x5c, 0x78, 0x61, 0x36, 0x22, 0x09, 0x2d, 0x2d, 0x20, 0x55,
  0x2b, 0x66, 0x36, 0x65, 0x36, 0x0d, 0x0a, 0x49, 0x43, 0x4f, 0x4e, 0x5f,
  0x46, 0x41, 0x5f, 0x48, 0x41, 0x52, 0x44, 0x5f, 0x44, 0x52, 0x49, 0x56,
  0x45, 0x20, 0x3d, 0x20, 0x22, 0x5c, 0x78, 0x65, 0x66, 0x5c, 0x78, 0x38,
  0x32, 0x5c, 0x78, 0x61, 0x30, 0x22, 0x09, 0x2d, 0x2d, 0x20, 0x55, 0x2b,
  0x66, 0x30, 0x61, 0x30, 0x0d, 0x0a, 0x49, 0x43, 0x4f, 0x4e, 0x5f, 0x46,
  0x41, 0x5f, 0x48, 0x41, 0x53, 0x48, 0x54, 0x41, 0x47, 0x20, 0x3d, 0x20,
  0x22, 0x23, 0x22, 0x09, 0x2d, 0x2d, 0x20, 0x55, 0x2b, 0x30, 0x30, 0x32,
  0x33, 0x0d, 0x0a, 0x49, 0x43, 0x4f, 0x4e, 0x5f, 0x46, 0x41, 0x5f, 0x48,
  0x41, 0x54, 0x5f, 0x43, 0x4f, 0x57, 0x42, 0x4f, 0x59, 0x20, 0x3d, 0x20,
  0x22, 0x5c, 0x78, 0x65, 0x66, 0x5c, 0x78, 0x61, 0x33, 0x5c, 0x78, 0x38,
  0x30, 0x22, 0x09, 0x2d, 0x2d, 0x20, 0x55, 0x2b, 0x66, 0x38, 0x63, 0x30,
  0x0d, 0x0a, 0x49, 0x43, 0x4f, 0x4e, 0x5f, 0x46, 0x41, 0x5f, 0x48, 0x41,
  0x54, 0x5f, 0x43, 0x4f, 0x57, 0x42, 0x4f, 0x59, 0x5f, 0x53, 0x49, 0x44,
  0x45, 0x20, 0x3d, 0x20, 0x22, 0x5c, 0x78, 0x65, 0x66, 0x5c, 0x78, 0x61,
  0x33, 0x5c, 0x78, 0x38, 0x31, 0x22, 0x09, 0x2d, 0x2d, 0x20, 0x55, 0x2b,
  0x66, 0x38, 0x63, 0x31, 0x0d, 0x0a, 0x49, 0x43, 0x4f, 0x4e, 0x5f, 0x46,
  0x41, 0x5f, 0x48, 0x41, 0x54, 0x5f, 0x57, 0x49, 0x5a, 0x41, 0x52, 0x44,
  0x20, 0x3d, 0x20, 0x22, 0x5c, 0x78, 0x65, 0x66, 0x5c, 0x78, 0x39, 0x62,
  0x5c, 0x78, 0x61, 0x38, 0x22, 0x09, 0x2d, 0x2d, 0x20, 0x55, 0x2b, 0x66,
  0x36, 0x65, 0x38, 0x0d, 0x0a, 0x49, 0x43, 0x4f, 0x4e, 0x5f, 0x46, 0x41,
  0x5f, 0x48, 0x45, 0x41, 0x44, 0x5f, 0x53, 0x49, 0x44, 0x45, 0x5f, 0x43,
  0x4f, 0x55, 0x47, 0x48, 0x20, 0x3d, 0x20, 0x22, 0x5c, 0x78, 0x65, 0x65,
  0x5c, 0x78, 0x38, 0x31, 0x5c, 0x78, 0x61, 0x31, 0x22, 0x09, 0x2d, 0x2d,
  0x20, 0x55, 0x2b, 0x65, 0x30, 0x36, 0x31, 0x0d, 0x0a, 0x49, 0x43, 0x4f,
  0x4e, 0x5f, 0x46, 0x41, 0x5f, 0x48, 0x45, 0x41, 0x44, 0x5f, 0x53, 0x49,
  0x44, 0x45, 0x5f, 0x43, 0x4f, 0x55, 0x47, 0x48, 0x5f, 0x53, 0x4c, 0x41,
  0x53, 0x48, 0x20, 0x3d, 0x20, 0x22, 0x5c, 0x78, 0x65, 0x65, 0x5c, 0x78,
  0x38, 0x31, 0x5c, 0x78, 0x61, 0x32, 0x22, 0x09, 0x2d, 0x2d, 0x20, 0x55,
  0x2b, 0x65, 0x30, 0x36, 0x32, 0x0d, 0x0a, 0x49, 0x43, 0x4f, 0x4e, 0x5f,
  0x46, 0x41, 0x5f, 0x48, 0x45, 0x41, 0x44, 0x5f, 0x53, 0x49, 0x44, 0x45,
  0x5f, 0x4d, 0x41, 0x53, 0x4b, 0x20, 0x3d, 0x20, 0x22, 0x5c, 0x78, 0x65,
  0x65, 0x5c, 0x78, 0x38, 0x31, 0x5c, 0x78, 0x61, 0x33, 0x22, 0x09, 0x2d,
  0x2d, 0x20, 0x55, 0x2b, 0x65, 0x30, 0x36, 0x33, 0x0d, 0x0a, 0x49, 0x43,
  0x4f, 0x4e, 0x5f, 0x46, 0x41, 0x5f, 0x48, 0x45, 0x41, 0x44, 0x5f, 0x53,
  0x49, 0x44, 0x45, 0x5f, 0x56, 0x49, 0x52, 0x55, 0x53, 0x20, 0x3d, 0x20,
  0x22, 0x5c, 0x78, 0x65, 0x65, 0x5c, 0x78, 0x38, 0x31, 0x5c, 0x78, 0x61,
  0x34, 0x22, 0x09, 0x2d, 0x2d, 0x20, 0x55, 0x2b, 0x65, 0x30, 0x36, 0x34,
  0x0d, 0x0a, 0x49, 0x43, 0x4f, 0x4e, 0x5f, 0x46, 0x41, 0x5f, 0x48, 0x45,
  0x41, 0x44, 0x49, 0x4e, 0x47, 0x20, 0x3d, 0x20, 0x22, 0x5c, 0x78, 0x65,
  0x66, 0x5c, 0x78, 0x38, 0x37, 0x5c, 0x78, 0x39, 0x63, 0x22, 0x09, 0x2d,
  0x2d, 0x20, 0x55, 0x2b, 0x66, 0x31, 0x64, 0x63, 0x0d, 0x0a, 0x49, 0x43,
  0x4f, 0x4e, 0x5f, 0x46, 0x41, 0x5f, 0x48, 0x45, 0x41, 0x44, 0x50, 0x48,
  0x4f, 0x4e, 0x45, 0x53, 0x20, 0x3d, 0x20, 0x22, 0x5c, 0x78, 0x65, 0x66,
  0x5c, 0x78, 0x38, 0x30, 0x5c, 0x78, 0x61, 0x35, 0x22, 0x09, 0x2d, 0x2d,
  0x20, 0x55, 0x2b, 0x66, 0x30, 0x32, 0x35, 0x0d, 0x0a, 0x49, 0x43, 0x4f,
  0x4e, 0x5f, 0x46, 0x41, 0x5f, 0x48, 0x45, 0x41, 0x44, 0x53, 0x45, 0x54,
  0x20, 0x3d, 0x20, 0x22, 0x5c, 0x78, 0x65, 0x66, 0x5c, 0x78, 0x39, 0x36,
  0x5c, 0x78, 0x39, 0x30, 0x22, 0x09, 0x2d, 0x2d, 0x20, 0x55, 0x2b, 0x66,
  0x35, 0x39, 0x30, 0x0d, 0x0a, 0x49, 0x43, 0x4f, 0x4e, 0x5f, 0x46, 0x41,
  0x5f, 0x48, 0x45, 0x41, 0x52, 0x54, 0x20, 0x3d, 0x20, 0x22, 0x5c, 0x78,
  0x65, 0x66, 0x5c, 0x78, 0x38, 0x30, 0x5c, 0x78, 0x38, 0x34, 0x22, 0x09,
  0x2d, 0x2d, 0x20, 0x55, 0x2b, 0x66, 0x30, 0x30, 0x34, 0x0d, 0x0a, 0x49,
  0x43, 0x4f, 0x4e, 0x5f, 0x46, 0x41, 0x5f, 0x48, 0x45, 0x41, 0x52, 0x54,
  0x5f, 0x43, 0x49, 0x52, 0x43, 0x4c, 0x45, 0x5f, 0x42, 0x4f, 0x4c, 0x54,
  0x20, 0x3d, 0x20, 0x22, 0x5c, 0x78, 0x65, 0x65, 0x5c, 0x78, 0x39, 0x33,
  0x5c, 0x78, 0x62, 0x63, 0x22, 0x09, 0x2d, 0x2d, 0x20, 0x55, 0x2b, 0x65,
  0x34, 0x66, 0x63, 0x0d, 0x0a, 0x49, 0x43, 0x4f, 0x4e, 0x5f, 0x46, 0x41,
  0x5f, 0x48, 0x45, 0x41, 0x52, 0x54, 0x5f, 0x43, 0x49, 0x52, 0x43, 0x4c,
  0x45, 0x5f, 0x43, 0x48, 0x45, 0x43, 0x4b, 0x20, 0x3d, 0x20, 0x22, 0x5c,
  0x78, 0x65, 0x65, 0x5c, 0x78, 0x39, 0x33, 0x5c, 0x78, 0x62, 0x64, 0x22,
  0x09, 0x2d, 0x2d, 0x20, 0x55, 0x2b, 0x65, 0x34, 0x66, 0x64, 0x0d, 0x0a,
  0x49, 0x43, 0x4f, 0x4e, 0x5f, 0x46, 0x41, 0x5f, 0x48, 0x45, 0x41, 0x52,
  0x54, 0x5f, 0x43, 0x49, 0x52, 0x43, 0x4c, 0x45, 0x5f, 0x45, 0x58, 0x43,
  0x4c, 0x41, 0x4d, 0x41, 0x54, 0x49, 0x4f, 0x4e, 0x20, 0x3d, 0x20, 0x22,
  0x5c, 0x78, 0x65, 0x65, 0x5c, 0x78, 0x39, 0x33, 0x5c, 0x78, 0x62, 0x65,
  0x22, 0x09, 0x2d, 0x2d, 0x20, 0x55, 0x2b, 0x65, 0x34, 0x66, 0x65, 0x0d,
  0x0a, 0x49, 0x43, 0x4f, 0x4e, 0x5f, 0x46, 0x41, 0x5f, 0x48, 0x45, 0x41,
  0x52, 0x54, 0x5f, 0x43, 0x49, 0x52, 0x43, 0x4c, 0x45, 0x5f, 0x4d, 0x49,
  0x4e, 0x55, 0x53, 0x20, 0x3d, 0x20, 0x22, 0x5c, 0x78, 0x65, 0x65, 0x5c,
  0x78, 0x39, 0x33, 0x5c, 0x78, 0x62, 0x66, 0x22, 0x09, 0x2d, 0x2d, 0x20,
  0x55, 0x2b, 0x65, 0x34, 0x66, 0x66, 0x0d, 0x0a, 0x49, 0x43, 0x4f, 0x4e,
  0x5f, 0x46, 0x41, 0x5f, 0x48, 0x45, 0x41, 0x52, 0x54, 0x5f, 0x43, 0x49,
  0x52, 0x43, 0x4c, 0x45, 0x5f, 0x50, 0x4c, 0x55, 0x53, 0x20, 0x3d, 0x20,
  0x22, 0x5c, 0x78, 0x65, 0x65, 0x5c, 0x78, 0x39, 0x34, 0x5c, 0x78, 0x38,
  0x30, 0x22, 0x09, 0x2d, 0x2d, 0x20, 0x55, 0x2b, 0x65, 0x35, 0x30, 0x30,
  0x0d, 0x0a, 0x49, 0x43, 0x4f, 0x4e, 0x5f, 0x46, 0x41, 0x5f, 0x48, 0x45,
  0x41, 0x52, 0x54, 0x5f, 0x43, 0x49, 0x52, 0x43, 0x4c, 0x45, 0x5f, 0x58,
  0x4d, 0x41, 0x52, 0x4b, 0x20, 0x3d, 0x20, 0x22, 0x5c, 0x78, 0x65, 0x65,
  0x5c, 0x78, 0x39, 0x34, 0x5c, 0x78, 0x38, 0x31, 0x22, 0x09, 0x2d, 0x2d,
  0x20, 0x55, 0x2b, 0x65, 0x35, 0x30, 0x31, 0x0d, 0x0a, 0x49, 0x43, 0x4f,
  0x4e, 0x5f, 0x46, 0x41, 0x5f, 0x48, 0x45, 0x41, 0x52, 0x54, 0x5f, 0x43,
  0x52, 0x41, 0x43, 0x4b, 0x20, 0x3d, 0x20, 0x22, 0x5c, 0x78, 0x65, 0x66,
  0x5c, 0x78, 0x39, 0x65, 0x5c, 0x78, 0x61, 0x39, 0x22, 0x09, 0x2d, 0x2d,
  0x20, 0x55, 0x2b, 0x66, 0x37, 0x61, 0x39, 0x0d, 0x0a, 0x49, 0x43, 0x4f,
  0x4e, 0x5f, 0x46, 0x41, 0x5f, 0x48, 0x45, 0x41, 0x52, 0x54, 0x5f, 0x50,
  0x55, 0x4c, 0x53, 0x45, 0x20, 0x3d, 0x20, 0x22, 0x5c, 0x78, 0x65, 0x66,
  0x5c, 0x78, 0x38, 0x38, 0x5c, 0x78, 0x39, 0x65, 0x22, 0x09, 0x2d, 0x2d,
  0x20, 0x55, 0x2b, 0x66, 0x32, 0x31, 0x65, 0x0d, 0x0a, 0x49, 0x43, 0x4f,
  0x4e, 0x5f, 0x46, 0x41, 0x5f, 0x48, 0x45, 0x4c, 0x49, 0x43, 0x4f, 0x50,
  0x54, 0x45, 0x52, 0x20, 0x3d, 0x20, 0x22, 0x5c, 0x78, 0x65, 0x66, 0x5c,
  0x78, 0x39, 0x34, 0x5c, 0x78, 0x62, 0x33, 0x22, 0x09, 0x2d, 0x2d, 0x20,
  0x55, 0x2b, 0x66, 0x35, 0x33, 0x33, 0x0d, 0x0a, 0x49, 0x43, 0x4f, 0x4e,
  0x5f, 0x46, 0x41, 0x5f, 0x48, 0x45, 0x4c, 0x49, 0x43, 0x4f, 0x50, 0x54,
  0x45, 0x52, 0x5f, 0x53, 0x59, 0x4d, 0x42, 0x4f, 0x4c, 0x20, 0x3d, 0x20,
  0x22, 0x5c, 0x78, 0x65, 0x65, 0x5c, 0x78, 0x39, 0x34, 0x5c, 0x78, 0x38,
  0x32, 0x22, 0x09, 0x2d, 0x2d, 0x20, 0x55, 0x2b, 0x65, 0x35, 0x30, 0x32,
  0x0d, 0x0a, 0x49, 0x43, 0x4f, 0x4e, 0x5f, 0x46, 0x41, 0x5f, 0x48, 0x45,
  0x4c, 0x4d, 0x45, 0x54, 0x5f, 0x53, 0x41, 0x46, 0x45, 0x54, 0x59, 0x20,
  0x3d, 0x20, 0x22, 0x5c, 0x78, 0x65, 0x66, 0x5c, 0x78, 0x61, 0x30, 0x5c,
  0x78, 0x38, 0x37, 0x22, 0x09, 0x2d, 0x2d, 0x20, 0x55, 0x2b, 0x66, 0x38,
  0x30, 0x37, 0x0d, 0x0a, 0x49, 0x43, 0x4f, 0x4e, 0x5f, 0x46, 0x41, 0x5f,
  0x48, 0x45, 0x4c, 0x4d, 0x45, 0x54, 0x5f, 0x55, 0x4e, 0x20, 0x3d, 0x20,
  0x22, 0x5c, 0x78, 0x65, 0x65, 0x5c, 0x78, 0x39, 0x34, 0x5c, 0x78, 0x38,
  0x33, 0x22, 0x09, 0x2d, 0x2d, 0x20, 0x55, 0x2b, 0x65, 0x35, 0x30, 0x33,
  0x0d, 0x0a, 0x49, 0x43, 0x4f, 0x4e, 0x5f, 0x46, 0x41, 0x5f, 0x48, 0x45,
  0x58, 0x41, 0x47, 0x4f, 0x4e, 0x20, 0x3d, 0x20, 0x22, 0x5c, 0x78, 0x65,
  0x66, 0x5c, 0x78, 0x38, 0x63, 0x5c, 0x78, 0x39, 0x32, 0x22, 0x09, 0x2d,
  0x2d, 0x20, 0x55, 0x2b, 0x66, 0x33, 0x31, 0x32, 0x0d, 0x0a, 0x49, 0x43,
  0x4f, 0x4e, 0x5f, 0x46, 0x41, 0x5f, 0x48, 0x45, 0x58, 0x41, 0x47, 0x4f,
  0x4e, 0x5f, 0x4e, 0x4f, 0x44, 0x45, 0x53, 0x20, 0x3d, 0x20, 0x22, 0x5c,
  0x78, 0x65, 0x65, 0x5c, 0x78, 0x39, 0x61, 0x5c, 0x78, 0x39, 0x39, 0x22,
  0x09, 0x2d, 0x2d, 0x20, 0x55, 0x2b, 0x65, 0x36, 0x39, 0x39, 0x0d, 0x0a,
  0x49, 0x43, 0x4f, 0x4e, 0x5f, 0x46, 0x41, 0x5f, 0x48, 0x45, 0x58, 0x41,
  0x47, 0x4f, 0x4e, 0x5f, 0x4e, 0x4f, 0x44, 0x45, 0x53, 0x5f, 0x42, 0x4f,
  0x4c, 0x54, 0x20, 0x3d, 0x20, 0x22, 0x5c, 0x78, 0x65, 0x65, 0x5c, 0x78,
  0x39, 0x61, 0x5c, 0x78, 0x39, 0x61, 0x22, 0x09, 0x2d, 0x2d, 0x20, 0x55,
  0x2b, 0x65, 0x36, 0x39, 0x61, 0x0d, 0x0a, 0x49, 0x43, 0x4f, 0x4e, 0x5f,
  0x46, 0x41, 0x5f, 0x48, 0x49, 0x47, 0x48, 0x4c, 0x49, 0x47, 0x48, 0x54,
  0x45, 0x52, 0x20, 0x3d, 0x20, 0x22, 0x5c, 0x78, 0x65, 0x66, 0x5c, 0x78,
  0x39, 0x36, 0x5c, 0x78, 0x39, 0x31, 0x22, 0x09, 0x2d, 0x2d, 0x20, 0x55,
  0x2b, 0x66, 0x35, 0x39, 0x31, 0x0d, 0x0a, 0x49, 0x43, 0x4f, 0x4e, 0x5f,
  0x46, 0x41, 0x5f, 0x48, 0x49, 0x4c, 0x4c, 0x5f, 0x41, 0x56, 0x41, 0x4c,
  0x41, 0x4e, 0x43, 0x48, 0x45, 0x20, 0x3d, 0x20, 0x22, 0x5c, 0x78, 0x65,
  0x65, 0x5c, 0x78, 0x39, 0x34, 0x5c, 0x78, 0x38, 0x37, 0x22, 0x09, 0x2d,
  0x2d, 0x20, 0x55, 0x2b, 0x65, 0x35, 0x30, 0x37, 0x0d, 0x0a, 0x49, 0x43,
  0x4f, 0x4e, 0x5f, 0x46, 0x41, 0x5f, 0x48, 0x49, 0x4c, 0x4c, 0x5f, 0x52,
  0x4f, 0x43, 0x4b, 0x53, 0x4c, 0x49, 0x44, 0x45, 0x20, 0x3d, 0x20, 0x22,
  0x5c, 0x78, 0x65, 0x65, 0x5c, 0x78, 0x39, 0x34, 0x5c, 0x78, 0x38, 0x38,
  0x22, 0x09, 0x2d, 0x2d, 0x20, 0x55, 0x2b, 0x65, 0x35, 0x30, 0x38, 0x0d,
  0x0a, 0x49, 0x43, 0x4f, 0x4e, 0x5f, 0x46, 0x41, 0x5f, 0x48, 0x49, 0x50,
  0x50, 0x4f, 0x20, 0x3d, 0x20, 0x22, 0x5c, 0x78, 0x65, 0x66, 0x5c, 0x78,
  0x39, 0x62, 0x5c, 0x78, 0x61, 0x64, 0x22, 0x09, 0x2d, 0x2d, 0x20, 0x55,
  0x2b, 0x66, 0x36, 0x65, 0x64, 0x0d, 0x0a, 0x49, 0x43, 0x4f, 0x4e, 0x5f,
  0x46, 0x41, 0x5f, 0x48, 0x4f, 0x43, 0x4b, 0x45, 0x59, 0x5f, 0x50, 0x55,
  0x43, 0x4b, 0x20, 0x3d, 0x20, 0x22, 0x5c, 0x78, 0x65, 0x66, 0x5c, 0x78,
  0x39, 0x31, 0x5c, 0x78, 0x39, 0x33, 0x22, 0x09, 0x2d, 0x2d, 0x20, 0x55,
  0x2b, 0x66, 0x34, 0x35, 0x33, 0x0d, 0x0a, 0x49, 0x43, 0x4f, 0x4e, 0x5f,
  0x46, 0x41, 0x5f, 0x48, 0x4f, 0x4c, 0x4c, 0x59, 0x5f, 0x42, 0x45, 0x52,
  0x52, 0x59, 0x20, 0x3d, 0x20, 0x22, 0x5c, 0x78, 0x65, 0x66, 0x5c, 0x78,
  0x39, 0x65, 0x5c, 0x78, 0x61, 0x61, 0x22, 0x09, 0x2d, 0x2d, 0x20, 0x55,
  0x2b, 0x66, 0x37, 0x61, 0x61, 0x0d, 0x0a, 0x49, 0x43, 0x4f, 0x4e, 0x5f,
  0x46, 0x41, 0x5f, 0x48, 0x4f, 0x52, 0x53, 0x45, 0x20, 0x3d, 0x20, 0x22,
  0x5c, 0x78, 0x65, 0x66, 0x5c, 0x78, 0x39, 0x62, 0x5c, 0x78, 0x62, 0x30,
  0x22, 0x09, 0x2d, 0x2d, 0x20, 0x55, 0x2b, 0x66, 0x36, 0x66, 0x30, 0x0d,
  0x0a, 0x49, 0x43, 0x4f, 0x4e, 0x5f, 0x46, 0x41, 0x5f, 0x48, 0x4f, 0x52,
  0x53, 0x45, 0x5f, 0x48, 0x45, 0x41, 0x44, 0x20, 0x3d, 0x20, 0x22, 0x5c,
  0x78, 0x65, 0x66, 0x5c, 0x78, 0x39, 0x65, 0x5c, 0x78, 0x61, 0x62, 0x22,
  0x09, 0x2d, 0x2d, 0x20, 0x55, 0x2b, 0x66, 0x37, 0x61, 0x62, 0x0d, 0x0a,
  0x49, 0x43, 0x4f, 0x4e, 0x5f, 0x46, 0x41, 0x5f, 0x48, 0x4f, 0x53, 0x50,
  0x49, 0x54, 0x41, 0x4c, 0x20, 0x3d, 0x20, 0x22, 0x5c, 0x78, 0x65, 0x66,
  0x5c, 0x78, 0x38, 0x33, 0x5c, 0x78, 0x62, 0x38, 0x22, 0x09, 0x2d, 0x2d,
  0x20, 0x55, 0x2b, 0x66, 0x30, 0x66, 0x38, 0x0d, 0x0a, 0x49, 0x43, 0x4f,
  0x4e, 0x5f, 0x46, 0x41, 0x5f, 0x48, 0x4f, 0x53, 0x50, 0x49, 0x54, 0x41,
  0x4c, 0x5f, 0x55, 0x53, 0x45, 0x52, 0x20, 0x3d, 0x20, 0x22, 0x5c, 0x78,
  0x65, 0x66, 0x5c, 0x78, 0x61, 0x30, 0x5c, 0x78, 0x38, 0x64, 0x22, 0x09,
  0x2d, 0x2d, 0x20, 0x55, 0x2b, 0x66, 0x38, 0x30, 0x64, 0x0d, 0x0a, 0x49,
  0x43, 0x4f, 0x4e, 0x5f, 0x46, 0x41, 0x5f, 0x48, 0x4f, 0x54, 0x5f, 0x54,
  0x55, 0x42, 0x5f, 0x50, 0x45, 0x52, 0x53, 0x4f, 0x4e, 0x20, 0x3d, 0x20,
  0x22, 0x5c, 0x78, 0x65, 0x66, 0x5c, 0x78, 0x39, 0x36, 0x5c, 0x78, 0x39,
  0x33, 0x22, 0x09, 0x2d, 0x2d, 0x20, 0x55, 0x2b, 0x66, 0x35, 0x39, 0x33,
  0x0d, 0x0a, 0x49, 0x43, 0x4f, 0x4e, 0x5f, 0x46, 0x41, 0x5f, 0x48, 0x4f,
  0x54, 0x44, 0x4f, 0x47, 0x20, 0x3d, 0x20, 0x22, 0x5c, 0x78, 0x65, 0x66,
  0x5c, 0x78, 0x61, 0x30, 0x5c, 0x78, 0x38, 0x66, 0x22, 0x09, 0x2d, 0x2d,
  0x20, 0x55, 0x2b, 0x66, 0x38, 0x30, 0x66, 0x0d, 0x0a, 0x49, 0x43, 0x4f,
  0x4e, 0x5f, 0x46, 0x41, 0x5f, 0x48, 0x4f, 0x54, 0x45, 0x4c, 0x20, 0x3d,
  0x20, 0x22, 0x5c, 0x78, 0x65, 0x66, 0x5c, 0x78, 0x39, 0x36, 0x5c, 0x78,
  0x39, 0x34, 0x22, 0x09, 0x2d, 0x2d, 0x20, 0x55, 0x2b, 0x66, 0x35, 0x39,
  0x34, 0x0d, 0x0a, 0x49, 0x43, 0x4f, 0x4e, 0x5f, 0x46, 0x41, 0x5f, 0x48,
  0x4f, 0x55, 0x52, 0x47, 0x4c, 0x41, 0x53, 0x53, 0x20, 0x3d, 0x20, 0x22,
  0x5c, 0x78, 0x65, 0x66, 0x5c, 0x78, 0x38, 0x39, 0x5c, 0x78, 0x39, 0x34,
  0x22, 0x09, 0x2d, 0x2d, 0x20, 0x55, 0x2b, 0x66, 0x32, 0x35, 0x34, 0x0d,
  0x0a, 0x49, 0x43, 0x4f, 0x4e, 0x5f, 0x46, 0x41, 0x5f, 0x48, 0x4f, 0x55,
  0x52, 0x47, 0x4c, 0x41, 0x53, 0x53, 0x5f, 0x45, 0x4e, 0x44, 0x20, 0x3d,
  0x20, 0x22, 0x5c, 0x78, 0x65, 0x66, 0x5c, 0x78, 0x38, 0x39, 0x5c, 0x78,
  0x39, 0x33, 0x22, 0x09, 0x2d, 0x2d, 0x20, 0x55, 0x2b, 0x66, 0x32, 0x35,
  0x33, 0x0d, 0x0a, 0x49, 0x43, 0x4f, 0x4e, 0x5f, 0x46, 0x41, 0x5f, 0x48,
  0x4f, 0x55, 0x52, 0x47, 0x4c, 0x41, 0x53, 0x53, 0x5f, 0x48, 0x41, 0x4c,
  0x46, 0x20, 0x3d, 0x20, 0x22, 0x5c, 0x78, 0x65, 0x66, 0x5c, 0x78, 0x38,
  0x39, 0x5c, 0x78, 0x39, 0x32, 0x22, 0x09, 0x2d, 0x2d, 0x20, 0x55, 0x2b,
  0x66, 0x32, 0x35, 0x32, 0x0d, 0x0a, 0x49, 0x43, 0x4f, 0x4e, 0x5f, 0x46,
  0x41, 0x5f, 0x48, 0x4f, 0x55, 0x52, 0x47, 0x4c, 0x41, 0x53, 0x53, 0x5f,
  0x53, 0x54, 0x41, 0x52, 0x54, 0x20, 0x3d, 0x20, 0x22, 0x5c, 0x78, 0x65,
  0x66, 0x5c, 0x78, 0x38, 0x39, 0x5c, 0x78, 0x39, 0x31, 0x22, 0x09, 0x2d,
  0x2d, 0x20, 0x55, 0x2b, 0x66, 0x32, 0x35, 0x31, 0x0d, 0x0a, 0x49, 0x43,
  0x4f, 0x4e, 0x5f, 0x46, 0x41, 0x5f, 0x48, 0x4f, 0x55, 0x53, 0x45, 0x20,
  0x3d, 0x20, 0x22, 0x5c, 0x78, 0x65, 0x66, 0x5c, 0x78, 0x38, 0x30, 0x5c,
  0x78, 0x39, 0x35, 0x22, 0x09, 0x2d, 0x2d, 0x20, 0x55, 0x2b, 0x66, 0x30,
  0x31, 0x35, 0x0d, 0x0a, 0x49, 0x43, 0x4f, 0x4e, 0x5f, 0x46, 0x41, 0x5f,
  0x48, 0x4f, 0x55, 0x53, 0x45, 0x5f, 0x43, 0x48, 0x49, 0x4d, 0x4e, 0x45,
  0x59, 0x20, 0x3d, 0x20, 0x22, 0x5c, 0x78, 0x65, 0x65, 0x5c, 0x78, 0x38,
  0x65, 0x5c, 0x78, 0x61, 0x66, 0x22, 0x09, 0x2d, 0x2d, 0x20, 0x55, 0x2b,
  0x65, 0x33, 0x61, 0x66, 0x0d, 0x0a, 0x49, 0x43, 0x4f, 0x4e, 0x5f, 0x46,
  0x41, 0x5f, 0x48, 0x4f, 0x55, 0x53, 0x45, 0x5f, 0x43, 0x48, 0x49, 0x4d,
  0x4e, 0x45, 0x59, 0x5f, 0x43, 0x52, 0x41, 0x43, 0x4b, 0x20, 0x3d, 0x20,
  0x22, 0x5c, 0x78, 0x65, 0x66, 0x5c, 0x78, 0x39, 0x62, 0x5c, 0x78, 0x62,
  0x31, 0x22, 0x09, 0x2d, 0x2d, 0x20, 0x55, 0x2b, 0x66, 0x36, 0x66, 0x31,
  0x0d, 0x0a, 0x49, 0x43, 0x4f, 0x4e, 0x5f, 0x46, 0x41, 0x5f, 0x48, 0x4f,
  0x55, 0x53, 0x45, 0x5f, 0x43, 0x48, 0x49, 0x4d, 0x4e, 0x45, 0x59, 0x5f,
  0x4d, 0x45, 0x44, 0x49, 0x43, 0x41, 0x4c, 0x20, 0x3d, 0x20, 0x22, 0x5c,
  0x78, 0x65, 0x66, 0x5c, 0x78, 0x39, 0x66, 0x5c, 0x78, 0x62, 0x32, 0x22,
  0x09, 0x2d, 0x2d, 0x20, 0x55, 0x2b, 0x66, 0x37, 0x66, 0x32, 0x0d, 0x0a,
  0x49, 0x43, 0x4f, 0x4e, 0x5f, 0x46, 0x41, 0x5f, 0x48, 0x4f, 0x55, 0x53,
  0x45, 0x5f, 0x43, 0x48, 0x49, 0x4d, 0x4e, 0x45, 0x59, 0x5f, 0x55, 0x53,
  0x45, 0x52, 0x20, 0x3d, 0x20, 0x22, 0x5c, 0x78, 0x65, 0x65, 0x5c, 0x78,
  0x38, 0x31, 0x5c, 0x78, 0x61, 0x35, 0x22, 0x09, 0x2d, 0x2d, 0x20, 0x55,
  0x2b, 0x65, 0x30, 0x36, 0x35, 0x0d, 0x0a, 0x49, 0x43, 0x4f, 0x4e, 0x5f,
  0x46, 0x41, 0x5f, 0x48, 0x4f, 0x55, 0x53, 0x45, 0x5f, 0x43, 0x48, 0x49,
  0x4d, 0x4e, 0x45, 0x59, 0x5f, 0x57, 0x49, 0x4e, 0x44, 0x4f, 0x57, 0x20,
  0x3d, 0x20, 0x22, 0x5c, 0x78, 0x65, 0x65, 0x5c, 0x78, 0x38, 0x30, 0x5c,
  0x78, 0x38, 0x64, 0x22, 0x09, 0x2d, 0x2d, 0x20, 0x55, 0x2b, 0x65, 0x30,
  0x30, 0x64, 0x0d, 0x0a, 0x49, 0x43, 0x4f, 0x4e, 0x5f, 0x46, 0x41, 0x5f,
  0x48, 0x4f, 0x55, 0x53, 0x45, 0x5f, 0x43, 0x49, 0x52, 0x43, 0x4c, 0x45,
  0x5f, 0x43, 0x48, 0x45, 0x43, 0x4b, 0x20, 0x3d, 0x20, 0x22, 0x5c, 0x78,
  0x65, 0x65, 0x5c, 0x78, 0x39, 0x34, 0x5c, 0x78, 0x38, 0x39, 0x22, 0x09,
  0x2d, 0x2d, 0x20, 0x55, 0x2b, 0x65, 0x35, 0x30, 0x39, 0x0d, 0x0a, 0x49,
  0x43, 0x4f, 0x4e, 0x5f, 0x46, 0x41, 0x5f, 0x48, 0x4f, 0x55, 0x53, 0x45,
  0x5f, 0x43, 0x49, 0x52, 0x43, 0x4c, 0x45, 0x5f, 0x45, 0x58, 0x43, 0x4c,
  0x41, 0x4d, 0x41, 0x54, 0x49, 0x4f, 0x4e, 0x20, 0x3d, 0x20, 0x22, 0x5c,
  0x78, 0x65, 0x65, 0x5c, 0x78, 0x39, 0x34, 0x5c, 0x78, 0x38, 0x61, 0x22,
  0x09, 0x2d, 0x2d, 0x20, 0x55, 0x2b, 0x65, 0x35, 0x30, 0x61, 0x0d, 0x0a,
  0x49, 0x43, 0x4f, 0x4e, 0x5f, 0x46, 0x41, 0x5f, 0x48, 0x4f, 0x55, 0x53,
  0x45, 0x5f, 0x43, 0x49, 0x52, 0x43, 0x4c, 0x45, 0x5f, 0x58, 0x4d, 0x41,
  0x52, 0x4b, 0x20, 0x3d, 0x20, 0x22, 0x5c, 0x78, 0x65, 0x65, 0x5c, 0x78,
  0x39, 0x34, 0x5c, 0x78, 0x38, 0x62, 0x22, 0x09, 0x2d, 0x2d, 0x20, 0x55,
  0x2b, 0x65, 0x35, 0x30, 0x62, 0x0d, 0x0a, 0x49, 0x43, 0x4f, 0x4e, 0x5f,
  0x46, 0x41, 0x5f, 0x48, 0x4f, 0x55, 0x53, 0x45, 0x5f, 0x43, 0x52, 0x41,
  0x43, 0x4b, 0x20, 0x3d, 0x20, 0x22, 0x5c, 0x78, 0x65, 0x65, 0x5c, 0x78,
  0x38, 0x65, 0x5c, 0x78, 0x62, 0x31, 0x22, 0x09, 0x2d, 0x2d, 0x20, 0x55,
  0x2b, 0x65, 0x33, 0x62, 0x31, 0x0d, 0x0a, 0x49, 0x43, 0x4f, 0x4e, 0x5f,
  0x46, 0x41, 0x5f, 0x48, 0x4f, 0x55, 0x53, 0x45, 0x5f, 0x46, 0x49, 0x52,
  0x45, 0x20, 0x3d, 0x20, 0x22, 0x5c, 0x78, 0x65, 0x65, 0x5c, 0x78, 0x39,
  0x34, 0x5c, 0x78, 0x38, 0x63, 0x22, 0x09, 0x2d, 0x2d, 0x20, 0x55, 0x2b,
  0x65, 0x35, 0x30, 0x63, 0x0d, 0x0a, 0x49, 0x43, 0x4f, 0x4e, 0x5f, 0x46,
  0x41, 0x5f, 0x48, 0x4f, 0x55, 0x53, 0x45, 0x5f, 0x46, 0x4c, 0x41, 0x47,
  0x20, 0x3d, 0x20, 0x22, 0x5c, 0x78, 0x65, 0x65, 0x5c, 0x78, 0x39, 0x34,
  0x5c, 0x78, 0x38, 0x64, 0x22, 0x09, 0x2d, 0x2d, 0x20, 0x55, 0x2b, 0x65,
  0x35, 0x30, 0x64, 0x0d, 0x0a, 0x49, 0x43, 0x4f, 0x4e, 0x5f, 0x46, 0x41,
  0x5f, 0x48, 0x4f, 0x55, 0x53, 0x45, 0x5f, 0x46, 0x4c, 0x4f, 0x4f, 0x44,
  0x5f, 0x57, 0x41, 0x54, 0x45, 0x52, 0x20, 0x3d, 0x20, 0x22, 0x5c, 0x78,
  0x65, 0x65, 0x5c, 0x78, 0x39, 0x34, 0x5c, 0x78, 0x38, 0x65, 0x22, 0x09,
  0x2d, 0x2d, 0x20, 0x55, 0x2b, 0x65, 0x35, 0x30, 0x65, 0x0d, 0x0a, 0x49,
  0x43, 0x4f, 0x4e, 0x5f, 0x46, 0x41, 0x5f, 0x48, 0x4f, 0x55, 0x53, 0x45,
  0x5f, 0x46, 0x4c, 0x4f, 0x4f, 0x44, 0x5f, 0x57, 0x41, 0x54, 0x45, 0x52,
  0x5f, 0x43, 0x49, 0x52, 0x43, 0x4c, 0x45, 0x5f, 0x41, 0x52, 0x52, 0x4f,
  0x57, 0x5f, 0x52, 0x49, 0x47, 0x48, 0x54, 0x20, 0x3d, 0x20, 0x22, 0x5c,
  0x78, 0x65, 0x65, 0x5c, 0x78, 0x39, 0x34, 0x5c, 0x78, 0x38, 0x66, 0x22,
  0x09, 0x2d, 0x2d, 0x20, 0x55, 0x2b, 0x65, 0x35, 0x30, 0x66, 0x0d, 0x0a,
  0x49, 0x43, 0x4f, 0x4e, 0x5f, 0x46, 0x41, 0x5f, 0x48, 0x4f, 0x55, 0x53,
  0x45, 0x5f, 0x4c, 0x41, 0x50, 0x54, 0x4f, 0x50, 0x20, 0x3d, 0x20, 0x22,
  0x5c, 0x78, 0x65, 0x65, 0x5c, 0x78, 0x38, 0x31, 0x5c, 0x78, 0x61, 0x36,
  0x22, 0x09, 0x2d, 0x2d, 0x20, 0x55, 0x2b, 0x65, 0x30, 0x36, 0x36, 0x0d,
  0x0a, 0x49, 0x43, 0x4f, 0x4e, 0x5f, 0x46, 0x41, 0x5f, 0x48, 0x4f, 0x55,
  0x53, 0x45, 0x5f, 0x4c, 0x4f, 0x43, 0x4b, 0x20, 0x3d, 0x20, 0x22, 0x5c,
  0x78, 0x65, 0x65, 0x5c, 0x78, 0x39, 0x34, 0x5c, 0x78, 0x39, 0x30, 0x22,
  0x09, 0x2d, 0x2d, 0x20, 0x55, 0x2b, 0x65, 0x35, 0x31, 0x30, 0x0d, 0x0a,
  0x49, 0x43, 0x4f, 0x4e, 0x5f, 0x46, 0x41, 0x5f, 0x48, 0x4f, 0x55, 0x53,
  0x45, 0x5f, 0x4d, 0x45, 0x44, 0x49, 0x43, 0x41, 0x4c, 0x20, 0x3d, 0x20,
  0x22, 0x5c, 0x78, 0x65, 0x65, 0x5c, 0x78, 0x38, 0x65, 0x5c, 0x78, 0x62,
  0x32, 0x22, 0x09, 0x2d, 0x2d, 0x20, 0x55, 0x2b, 0x65, 0x33, 0x62, 0x32,
  0x0d, 0x0a, 0x49, 0x43, 0x4f, 0x4e, 0x5f, 0x46, 0x41, 0x5f, 0x48, 0x4f,
  0x55, 0x53, 0x45, 0x5f, 0x4d, 0x45, 0x44, 0x49, 0x43, 0x41, 0x4c, 0x5f,
  0x43, 0x49, 0x52, 0x43, 0x4c, 0x45, 0x5f, 0x43, 0x48, 0x45, 0x43, 0x4b,
  0x20, 0x3d, 0x20, 0x22, 0x5c, 0x78, 0x65, 0x65, 0x5c, 0x78, 0x39, 0x34,
  0x5c, 0x78, 0x39, 0x31, 0x22, 0x09, 0x2d, 0x2d, 0x20, 0x55, 0x2b, 0x65,
  0x35, 0x31, 0x31, 0x0d, 0x0a, 0x49, 0x43, 0x4f, 0x4e, 0x5f, 0x46, 0x41,
  0x5f, 0x48, 0x4f, 0x55, 0x53, 0x45, 0x5f, 0x4d, 0x45, 0x44, 0x49, 0x43,
  0x41, 0x4c, 0x5f, 0x43, 0x49, 0x52, 0x43, 0x4c, 0x45, 0x5f, 0x45, 0x58,
  0x43, 0x4c, 0x41, 0x4d, 0x41, 0x54, 0x49, 0x4f, 0x4e, 0x20, 0x3d, 0x20,
  0x22, 0x5c, 0x78, 0x65, 0x65, 0x5c, 0x78, 0x39, 0x34, 0x5c, 0x78, 0x39,
  0x32, 0x22, 0x09, 0x2d, 0x2d, 0x20, 0x55, 0x2b, 0x65, 0x35, 0x31, 0x32,
  0x0d, 0x0a, 0x49, 0x43, 0x4f, 0x4e, 0x5f, 0x46, 0x41, 0x5f, 0x48, 0x4f,
  0x55, 0x53, 0x45, 0x5f, 0x4d, 0x45, 0x44, 0x49, 0x43, 0x41, 0x4c, 0x5f,
  0x43, 0x49, 0x52, 0x43, 0x4c, 0x45, 0x5f, 0x58, 0x4d, 0x41, 0x52, 0x4b,
  0x20, 0x3d, 0x20, 0x22, 0x5c, 0x78, 0x65, 0x65, 0x5c, 0x78, 0x39, 0x34,
  0x5c, 0x78, 0x39, 0x33, 0x22, 0x09, 0x2d, 0x2d, 0x20, 0x55, 0x2b, 0x65,
  0x35, 0x31, 0x33, 0x0d, 0x0a, 0x49, 0x43, 0x4f, 0x4e, 0x5f, 0x46, 0x41,
  0x5f, 0x48, 0x4f, 0x55, 0x53, 0x45, 0x5f, 0x4d, 0x45, 0x44, 0x49, 0x43,
  0x41, 0x4c, 0x5f, 0x46, 0x4c, 0x41, 0x47, 0x20, 0x3d, 0x20, 0x22, 0x5c,
  0x78, 0x65, 0x65, 0x5c, 0x78, 0x39, 0x34, 0x5c, 0x78, 0x39, 0x34, 0x22,
  0x09, 0x2d, 0x2d, 0x20, 0x55, 0x2b, 0x65, 0x35, 0x31, 0x34, 0x0d, 0x0a,
  0x49, 0x43, 0x4f, 0x4e, 0x5f, 0x46, 0x41, 0x5f, 0x48, 0x4f, 0x55, 0x53,
  0x45, 0x5f, 0x53, 0x49, 0x47, 0x4e, 0x41, 0x4c, 0x20, 0x3d, 0x20, 0x22,
  0x5c, 0x78, 0x65, 0x65, 0x5c, 0x78, 0x38, 0x30, 0x5c, 0x78, 0x39, 0x32,
  0x22, 0x09, 0x2d, 0x2d, 0x20, 0x55, 0x2b, 0x65, 0x30, 0x31, 0x32, 0x0d,
  0x0a, 0x49, 0x43, 0x4f, 0x4e, 0x5f, 0x46, 0x41, 0x5f, 0x48, 0x4f, 0x55,
  0x53, 0x45, 0x5f, 0x54, 0x53, 0x55, 0x4e, 0x41, 0x4d, 0x49, 0x20, 0x3d,
  0x20, 0x22, 0x5c, 0x78, 0x65, 0x65, 0x5c, 0x78, 0x39, 0x34, 0x5c, 0x78,
  0x39, 0x35, 0x22, 0x09, 0x2d, 0x2d, 0x20, 0x55, 0x2b, 0x65, 0x35, 0x31,
  0x35, 0x0d, 0x0a, 0x49, 0x43, 0x4f, 0x4e, 0x5f, 0x46, 0x41, 0x5f, 0x48,
  0x4f, 0x55, 0x53, 0x45, 0x5f, 0x55, 0x53, 0x45, 0x52, 0x20, 0x3d, 0x20,
  0x22, 0x5c, 0x78, 0x65, 0x65, 0x5c, 0x78, 0x38, 0x36, 0x5c, 0x78, 0x62,
  0x30, 0x22, 0x09, 0x2d, 0x2d, 0x20, 0x55, 0x2b, 0x65, 0x31, 0x62, 0x30,
  0x0d, 0x0a, 0x49, 0x43, 0x4f, 0x4e, 0x5f, 0x46, 0x41, 0x5f, 0x48, 0x52,
  0x59, 0x56, 0x4e, 0x49, 0x41, 0x5f, 0x53, 0x49, 0x47, 0x4e, 0x20, 0x3d,
  0x20, 0x22, 0x5c, 0x78, 0x65, 0x66, 0x5c, 0x78, 0x39, 0x62, 0x5c, 0x78,
  0x62, 0x32, 0x22, 0x09, 0x2d, 0x2d, 0x20, 0x55, 0x2b, 0x66, 0x36, 0x66,
  0x32, 0x0d, 0x0a, 0x49, 0x43, 0x4f, 0x4e, 0x5f, 0x46, 0x41, 0x5f, 0x48,
  0x55, 0x52, 0x52, 0x49, 0x43, 0x41, 0x4e, 0x45, 0x20, 0x3d, 0x20, 0x22,
  0x5c, 0x78, 0x65, 0x66, 0x5c, 0x78, 0x39, 0x64, 0x5c, 0x78, 0x39, 0x31,
  0x22, 0x09, 0x2d, 0x2d, 0x20, 0x55, 0x2b, 0x66, 0x37, 0x35, 0x31, 0x0d,
  0x0a, 0x49, 0x43, 0x4f, 0x4e, 0x5f, 0x46, 0x41, 0x5f, 0x49, 0x20, 0x3d,
  0x20, 0x22, 0x49, 0x22, 0x09, 0x2d, 0x2d, 0x20, 0x55, 0x2b, 0x30, 0x30,
  0x34, 0x39, 0x0d, 0x0a, 0x49, 0x43, 0x4f, 0x4e, 0x5f, 0x46, 0x41, 0x5f,
  0x49, 0x5f, 0x43, 0x55, 0x52, 0x53, 0x4f, 0x52, 0x20, 0x3d, 0x20, 0x22,
  0x5c, 0x78, 0x65, 0x66, 0x5c, 0x78, 0x38, 0x39, 0x5c, 0x78, 0x38, 0x36,
  0x22, 0x09, 0x2d, 0x2d, 0x20, 0x55, 0x2b, 0x66, 0x32, 0x34, 0x36, 0x0d,
  0x0a, 0x49, 0x43, 0x4f, 0x4e, 0x5f, 0x46, 0x41, 0x5f, 0x49, 0x43, 0x45,
  0x5f, 0x43, 0x52, 0x45, 0x41, 0x4d, 0x20, 0x3d, 0x20, 0x22, 0x5c, 0x78,
  0x65, 0x66, 0x5c, 0x78, 0x61, 0x30, 0x5c, 0x78, 0x39, 0x30, 0x22, 0x09,
  0x2d, 0x2d, 0x20, 0x55, 0x2b, 0x66, 0x38, 0x31, 0x30, 0x0d, 0x0a, 0x49,
  0x43, 0x4f, 0x4e, 0x5f, 0x46, 0x41, 0x5f, 0x49, 0x43, 0x49, 0x43, 0x4c,
  0x45, 0x53, 0x20, 0x3d, 0x20, 0x22, 0x5c, 0x78, 0x65, 0x66, 0x5c, 0x78,
  0x39, 0x65, 0x5c, 0x78, 0x61, 0x64, 0x22, 0x09, 0x2d, 0x2d, 0x20, 0x55,
  0x2b, 0x66, 0x37, 0x61, 0x64, 0x0d, 0x0a, 0x49, 0x43, 0x4f, 0x4e, 0x5f,
  0x46, 0x41, 0x5f, 0x49, 0x43, 0x4f, 0x4e, 0x53, 0x20, 0x3d, 0x20, 0x22,
  0x5c, 0x78, 0x65, 0x66, 0x5c, 0x78, 0x61, 0x31, 0x5c, 0x78, 0x61, 0x64,
  0x22, 0x09, 0x2d, 0x2d, 0x20, 0x55, 0x2b, 0x66, 0x38, 0x36, 0x64, 0x0d,
  0x0a, 0x49, 0x43, 0x4f, 0x4e, 0x5f, 0x46, 0x41, 0x5f, 0x49, 0x44, 0x5f,
  0x42, 0x41, 0x44, 0x47, 0x45, 0x20, 0x3d, 0x20, 0x22, 0x5c, 0x78, 0x65,
  0x66, 0x5c, 0x78, 0x38, 0x62, 0x5c, 0x78, 0x38, 0x31, 0x22, 0x09, 0x2d,
  0x2d, 0x20, 0x55, 0x2b, 0x66, 0x32, 0x63, 0x31, 0x0d, 0x0a, 0x49, 0x43,
  0x4f, 0x4e, 0x5f, 0x46, 0x41, 0x5f, 0x49, 0x44, 0x5f, 0x43, 0x41, 0x52,
  0x44, 0x20, 0x3d, 0x20, 0x22, 0x5c, 0x78, 0x65, 0x66, 0x5c, 0x78, 0x38,
  0x62, 0x5c, 0x78, 0x38, 0x32, 0x22, 0x09, 0x2d, 0x2d, 0x20, 0x55, 0x2b,
  0x66, 0x32, 0x63, 0x32, 0x0d, 0x0a, 0x49, 0x43, 0x4f, 0x4e, 0x5f, 0x46,
  0x41, 0x5f, 0x49, 0x44, 0x5f, 0x43, 0x41, 0x52, 0x44, 0x5f, 0x43, 0x4c,
  0x49, 0x50, 0x20, 0x3d, 0x20, 0x22, 0x5c, 0x78, 0x65, 0x66, 0x5c, 0x78,
  0x39, 0x31, 0x5c, 0x78, 0x62, 0x66, 0x22, 0x09, 0x2d, 0x2d, 0x20, 0x55,
  0x2b, 0x66, 0x34, 0x37, 0x66, 0x0d, 0x0a, 0x49, 0x43, 0x4f, 0x4e, 0x5f,
  0x46, 0x41, 0x5f, 0x49, 0x47, 0x4c, 0x4f, 0x4f, 0x20, 0x3d, 0x20, 0x22,
  0x5c, 0x78, 0x65, 0x66, 0x5c, 0x78, 0x39, 0x65, 0x5c, 0x78, 0x61, 0x65,
  0x22, 0x09, 0x2d, 0x2d, 0x20, 0x55, 0x2b, 0x66, 0x37, 0x61, 0x65, 0x0d,
  0x0a, 0x49, 0x43, 0x4f, 0x4e, 0x5f, 0x46, 0x41, 0x5f, 0x49, 0x4d, 0x41,
  0x47, 0x45, 0x20, 0x3d, 0x20, 0x22, 0x5c, 0x78, 0x65, 0x66, 0x5c, 0x78,
  0x38, 0x30, 0x5c, 0x78, 0x62, 0x65, 0x22, 0x09, 0x2d, 0x2d, 0x20, 0x55,
  0x2b, 0x66, 0x30, 0x33, 0x65, 0x0d, 0x0a, 0x49, 0x43, 0x4f, 0x4e, 0x5f,
  0x46, 0x41, 0x5f, 0x49, 0x4d, 0x41, 0x47, 0x45, 0x5f, 0x50, 0x4f, 0x52,
  0x54, 0x52, 0x41, 0x49, 0x54, 0x20, 0x3d, 0x20, 0x22, 0x5c, 0x78, 0x65,
  0x66, 0x5c, 0x78, 0x38, 0x66, 0x5c, 0x78, 0x61, 0x30, 0x22, 0x09, 0x2d,
  0x2d, 0x20, 0x55, 0x2b, 0x66, 0x33, 0x65, 0x30, 0x0d, 0x0a, 0x49, 0x43,
  0x4f, 0x4e, 0x5f, 0x46, 0x41, 0x5f, 0x49, 0x4d, 0x41, 0x47, 0x45, 0x53,
  0x20, 0x3d, 0x20, 0x22, 0x5c, 0x78, 0x65, 0x66, 0x5c, 0x78, 0x38, 0x63,
  0x5c, 0x78, 0x38, 0x32, 0x22, 0x09, 0x2d, 0x2d, 0x20, 0x55, 0x2b, 0x66,
  0x33, 0x30, 0x32, 0x0d, 0x0a, 0x49, 0x43, 0x4f, 0x4e, 0x5f, 0x46, 0x41,
  0x5f, 0x49, 0x4e, 0x42, 0x4f, 0x58, 0x20, 0x3d, 0x20, 0x22, 0x5c, 0x78,
  0x65, 0x66, 0x5c, 0x78, 0x38, 0x30, 0x5c, 0x78, 0x39, 0x63, 0x22, 0x09,
  0x2d, 0x2d, 0x20, 0x55, 0x2b, 0x66, 0x30, 0x31, 0x63, 0x0d, 0x0a, 0x49,
  0x43, 0x4f, 0x4e, 0x5f, 0x46, 0x41, 0x5f, 0x49, 0x4e, 0x44, 0x45, 0x4e,
  0x54, 0x20, 0x3d, 0x20, 0x22, 0x5c, 0x78, 0x65, 0x66, 0x5c, 0x78, 0x38,
  0x30, 0x5c, 0x78, 0x62, 0x63, 0x22, 0x09, 0x2d, 0x2d, 0x20, 0x55, 0x2b,
  0x66, 0x30, 0x33, 0x63, 0x0d, 0x0a, 0x49, 0x43, 0x4f, 0x4e, 0x5f, 0x46,
  0x41, 0x5f, 0x49, 0x4e, 0x44, 0x49, 0x41, 0x4e, 0x5f, 0x52, 0x55, 0x50,
  0x45, 0x45, 0x5f, 0x53, 0x49, 0x47, 0x4e, 0x20, 0x3d, 0x20, 0x22, 0x5c,
  0x78, 0x65, 0x65, 0x5c, 0x78, 0x38, 0x36, 0x5c, 0x78, 0x62, 0x63, 0x22,
  0x09, 0x2d, 0x2d, 0x20, 0x55, 0x2b, 0x65, 0x31, 0x62, 0x63, 0x0d, 0x0a,
  0x49, 0x43, 0x4f, 0x4e, 0x5f, 0x46, 0x41, 0x5f, 0x49, 0x4e, 0x44, 0x55,
  0x53, 0x54, 0x52, 0x59, 0x20, 0x3d, 0x20, 0x22, 0x5c, 0x78, 0x65, 0x66,
  0x5c, 0x78, 0x38, 0x39, 0x5c, 0x78, 0x62, 0x35, 0x22, 0x09, 0x2d, 0x2d,
  0x20, 0x55, 0x2b, 0x66, 0x32, 0x37, 0x35, 0x0d, 0x0a, 0x49, 0x43, 0x4f,
  0x4e, 0x5f, 0x46, 0x41, 0x5f, 0x49, 0x4e, 0x46, 0x49, 0x4e, 0x49, 0x54,
  0x59, 0x20, 0x3d, 0x20, 0x22, 0x5c, 0x78, 0x65, 0x66, 0x5c, 0x78, 0x39,
  0x34, 0x5c, 0x78, 0x62, 0x34, 0x22, 0x09, 0x2d, 0x2d, 0x20, 0x55, 0x2b,
  0x66, 0x35, 0x33, 0x34, 0x0d, 0x0a, 0x49, 0x43, 0x4f, 0x4e, 0x5f, 0x46,
  0x41, 0x5f, 0x49, 0x4e, 0x46, 0x4f, 0x20, 0x3d, 0x20, 0x22, 0x5c, 0x78,
  0x65, 0x66, 0x5c, 0x78, 0x38, 0x34, 0x5c, 0x78, 0x61, 0x39, 0x22, 0x09,
  0x2d, 0x2d, 0x20, 0x55, 0x2b, 0x66, 0x31, 0x32, 0x39, 0x0d, 0x0a, 0x49,
  0x43, 0x4f, 0x4e, 0x5f, 0x46, 0x41, 0x5f, 0x49, 0x54, 0x41, 0x4c, 0x49,
  0x43, 0x20, 0x3d, 0x20, 0x22, 0x5c, 0x78, 0x65, 0x66, 0x5c, 0x78, 0x38,
  0x30, 0x5c, 0x78, 0x62, 0x33, 0x22, 0x09, 0x2d, 0x2d, 0x20, 0x55, 0x2b,
  0x66, 0x30, 0x33, 0x33, 0x0d, 0x0a, 0x49, 0x43, 0x4f, 0x4e, 0x5f, 0x46,
  0x41, 0x5f, 0x4a, 0x20, 0x3d, 0x20, 0x22, 0x4a, 0x22, 0x09, 0x2d, 0x2d,
  0x20, 0x55, 0x2b, 0x30, 0x30, 0x34, 0x61, 0x0d, 0x0a, 0x49, 0x43, 0x4f,
  0x4e, 0x5f, 0x46, 0x41, 0x5f, 0x4a, 0x41, 0x52, 0x20, 0x3d, 0x20, 0x22,
  0x5c, 0x78, 0x65, 0x65, 0x5c, 0x78, 0x39, 0x34, 0x5c, 0x78, 0x39, 0x36,
  0x22, 0x09, 0x2d, 0x2d, 0x20, 0x55, 0x2b, 0x65, 0x35, 0x31, 0x36, 0x0d,
  0x0a, 0x49, 0x43, 0x4f, 0x4e, 0x5f, 0x46, 0x41, 0x5f, 0x4a, 0x41, 0x52,
  0x5f, 0x57, 0x48, 0x45, 0x41, 0x54, 0x20, 0x3d, 0x20, 0x22, 0x5c, 0x78,
  0x65, 0x65, 0x5c, 0x78, 0x39, 0x34, 0x5c, 0x78, 0x39, 0x37, 0x22, 0x09,
  0x2d, 0x2d, 0x20, 0x55, 0x2b, 0x65, 0x35, 0x31, 0x37, 0x0d, 0x0a, 0x49,
  0x43, 0x4f, 0x4e, 0x5f, 0x46, 0x41, 0x5f, 0x4a, 0x45, 0x44, 0x49, 0x20,
  0x3d, 0x20, 0x22, 0x5c, 0x78, 0x65, 0x66, 0x5c, 0x78, 0x39, 0x39, 0x5c,
  0x78, 0x61, 0x39, 0x22, 0x09, 0x2d, 0x2d, 0x20, 0x55, 0x2b, 0x66, 0x36,
  0x36, 0x39, 0x0d, 0x0a, 0x49, 0x43, 0x4f, 0x4e, 0x5f, 0x46, 0x41, 0x5f,
  0x4a, 0x45, 0x54, 0x5f, 0x46, 0x49, 0x47, 0x48, 0x54, 0x45, 0x52, 0x20,
  0x3d, 0x20, 0x22, 0x5c, 0x78, 0x65, 0x66, 0x5c, 0x78, 0x38, 0x33, 0x5c,
  0x78, 0x62, 0x62, 0x22, 0x09, 0x2d, 0x2d, 0x20, 0x55, 0x2b, 0x66, 0x30,
  0x66, 0x62, 0x0d, 0x0a, 0x49, 0x43, 0x4f, 0x4e, 0x5f, 0x46, 0x41, 0x5f,
  0x4a, 0x45, 0x54, 0x5f, 0x46, 0x49, 0x47, 0x48, 0x54, 0x45, 0x52, 0x5f,
  0x55, 0x50, 0x20, 0x3d, 0x20, 0x22, 0x5c, 0x78, 0x65, 0x65, 0x5c, 0x78,
  0x39, 0x34, 0x5c, 0x78, 0x39, 0x38, 0x22, 0x09, 0x2d, 0x2d, 0x20, 0x55,
  0x2b, 0x65, 0x35, 0x31, 0x38, 0x0d, 0x0a, 0x49, 0x43, 0x4f, 0x4e, 0x5f,
  0x46, 0x41, 0x5f, 0x4a, 0x4f, 0x49, 0x4e, 0x54, 0x20, 0x3d, 0x20, 0x22,
  0x5c, 0x78, 0x65, 0x66, 0x5c, 0x78, 0x39, 0x36, 0x5c, 0x78, 0x39, 0x35,
  0x22, 0x09, 0x2d, 0x2d, 0x20, 0x55, 0x2b, 0x66, 0x35, 0x39, 0x35, 0x0d,
  0x0a, 0x49, 0x43, 0x4f, 0x4e, 0x5f, 0x46, 0x41, 0x5f, 0x4a, 0x55, 0x47,
  0x5f, 0x44, 0x45, 0x54, 0x45, 0x52, 0x47, 0x45, 0x4e, 0x54, 0x20, 0x3d,
  0x20, 0x22, 0x5c, 0x78, 0x65, 0x65, 0x5c, 0x78, 0x39, 0x34, 0x5c, 0x78,
  0x39, 0x39, 0x22, 0x09, 0x2d, 0x2d, 0x20, 0x55, 0x2b, 0x65, 0x35, 0x31,
  0x39, 0x0d, 0x0a, 0x49, 0x43, 0x4f, 0x4e, 0x5f, 0x46, 0x41, 0x5f, 0x4b,
  0x20, 0x3d, 0x20, 0x22, 0x4b, 0x22, 0x09, 0x2d, 0x2d, 0x20, 0x55, 0x2b,
  0x30, 0x30, 0x34, 0x62, 0x0d, 0x0a, 0x49, 0x43, 0x4f, 0x4e, 0x5f, 0x46,
  0x41, 0x5f, 0x4b, 0x41, 0x41, 0x42, 0x41, 0x20, 0x3d, 0x20, 0x22, 0x5c,
  0x78, 0x65, 0x66, 0x5c, 0x78, 0x39, 0x39, 0x5c, 0x78, 0x61, 0x62, 0x22,
  0x09, 0x2d, 0x2d, 0x20, 0x55, 0x2b, 0x66, 0x36, 0x36, 0x62, 0x0d, 0x0a,
  0x49, 0x43, 0x4f, 0x4e, 0x5f, 0x46, 0x41, 0x5f, 0x4b, 0x45, 0x59, 0x20,
  0x3d, 0x20, 0x22, 0x5c, 0x78, 0x65, 0x66, 0x5c, 0x78, 0x38, 0x32, 0x5c,
  0x78, 0x38, 0x34, 0x22, 0x09, 0x2d, 0x2d, 0x20, 0x55, 0x2b, 0x66, 0x30,
  0x38, 0x34, 0x0d, 0x0a, 0x49, 0x43, 0x4f, 0x4e, 0x5f, 0x46, 0x41, 0x5f,
  0x4b, 0x45, 0x59, 0x42, 0x4f, 0x41, 0x52, 0x44, 0x20, 0x3d, 0x20, 0x22,
  0x5c, 0x78, 0x65, 0x66, 0x5c, 0x78, 0x38, 0x34, 0x5c, 0x78, 0x39, 0x63,
  0x22, 0x09, 0x2d, 0x2d, 0x20, 0x55, 0x2b, 0x66, 0x31, 0x31, 0x63, 0x0d,
  0x0a, 0x49, 0x43, 0x4f, 0x4e, 0x5f, 0x46, 0x41, 0x5f, 0x4b, 0x48, 0x41,
  0x4e, 0x44, 0x41, 0x20, 0x3d, 0x20, 0x22, 0x5c, 0x78, 0x65, 0x66, 0x5c,
  0x78, 0x39, 0x39, 0x5c, 0x78, 0x61, 0x64, 0x22, 0x09, 0x2d, 0x2d, 0x20,
  0x55, 0x2b, 0x66, 0x36, 0x36, 0x64, 0x0d, 0x0a, 0x49, 0x43, 0x4f, 0x4e,
  0x5f, 0x46, 0x41, 0x5f, 0x4b, 0x49, 0x50, 0x5f, 0x53, 0x49, 0x47, 0x4e,
  0x20, 0x3d, 0x20, 0x22, 0x5c, 0x78, 0x65, 0x65, 0x5c, 0x78, 0x38, 0x37,
  0x5c, 0x78, 0x38, 0x34, 0x22, 0x09, 0x2d, 0x2d, 0x20, 0x55, 0x2b, 0x65,
  0x31, 0x63, 0x34, 0x0d, 0x0a, 0x49, 0x43, 0x4f, 0x4e, 0x5f, 0x46, 0x41,
  0x5f, 0x4b, 0x49, 0x54, 0x5f, 0x4d, 0x45, 0x44, 0x49, 0x43, 0x41, 0x4c,
  0x20, 0x3d, 0x20, 0x22, 0x5c, 0x78, 0x65, 0x66, 0x5c, 0x78, 0x39, 0x31,
  0x5c, 0x78, 0x62, 0x39, 0x22, 0x09, 0x2d, 0x2d, 0x20, 0x55, 0x2b, 0x66,
  0x34, 0x37, 0x39, 0x0d, 0x0a, 0x49, 0x43, 0x4f, 0x4e, 0x5f, 0x46, 0x41,
  0x5f, 0x4b, 0x49, 0x54, 0x43, 0x48, 0x45, 0x4e, 0x5f, 0x53, 0x45, 0x54,
  0x20, 0x3d, 0x20, 0x22, 0x5c, 0x78, 0x65, 0x65, 0x5c, 0x78, 0x39, 0x34,
  0x5c, 0x78, 0x39, 0x61, 0x22, 0x09, 0x2d, 0x2d, 0x20, 0x55, 0x2b, 0x65,
  0x35, 0x31, 0x61, 0x0d, 0x0a, 0x49, 0x43, 0x4f, 0x4e, 0x5f, 0x46, 0x41,
  0x5f, 0x4b, 0x49, 0x57, 0x49, 0x5f, 0x42, 0x49, 0x52, 0x44, 0x20, 0x3d,
  0x20, 0x22, 0x5c, 0x78, 0x65, 0x66, 0x5c, 0x78, 0x39, 0x34, 0x5c, 0x78,
  0x62, 0x35, 0x22, 0x09, 0x2d, 0x2d, 0x20, 0x55, 0x2b, 0x66, 0x35, 0x33,
  0x35, 0x0d, 0x0a, 0x49, 0x43, 0x4f, 0x4e, 0x5f, 0x46, 0x41, 0x5f, 0x4c,
  0x20, 0x3d, 0x20, 0x22, 0x4c, 0x22, 0x09, 0x2d, 0x2d, 0x20, 0x55, 0x2b,
  0x30, 0x30, 0x34, 0x63, 0x0d, 0x0a, 0x49, 0x43, 0x4f, 0x4e, 0x5f, 0x46,
  0x41, 0x5f, 0x4c, 0x41, 0x4e, 0x44, 0x5f, 0x4d, 0x49, 0x4e, 0x45, 0x5f,
  0x4f, 0x4e, 0x20, 0x3d, 0x20, 0x22, 0x5c, 0x78, 0x65, 0x65, 0x5c, 0x78,
  0x39, 0x34, 0x5c, 0x78, 0x39, 0x62, 0x22, 0x09, 0x2d, 0x2d, 0x20, 0x55,
  0x2b, 0x65, 0x35, 0x31, 0x62, 0x0d, 0x0a, 0x49, 0x43, 0x4f, 0x4e, 0x5f,
  0x46, 0x41, 0x5f, 0x4c, 0x41, 0x4e, 0x44, 0x4d, 0x41, 0x52, 0x4b, 0x20,
  0x3d, 0x20, 0x22, 0x5c, 0x78, 0x65, 0x66, 0x5c, 0x78, 0x39, 0x39, 0x5c,
  0x78, 0x61, 0x66, 0x22, 0x09, 0x2d, 0x2d, 0x20, 0x55, 0x2b, 0x66, 0x36,
  0x36, 0x66, 0x0d, 0x0a, 0x49, 0x43, 0x4f, 0x4e, 0x5f, 0x46, 0x41, 0x5f,
  0x4c, 0x41, 0x4e, 0x44, 0x4d, 0x41, 0x52, 0x4b, 0x5f, 0x44, 0x4f, 0x4d,
  0x45, 0x20, 0x3d, 0x20, 0x22, 0x5c, 0x78, 0x65, 0x66, 0x5c, 0x78, 0x39,
  0x64, 0x5c, 0x78, 0x39, 0x32, 0x22, 0x09, 0x2d, 0x2d, 0x20, 0x55, 0x2b,
  0x66, 0x37, 0x35, 0x32, 0x0d, 0x0a, 0x49, 0x43, 0x4f, 0x4e, 0x5f, 0x46,
  0x41, 0x5f, 0x4c, 0x41, 0x4e, 0x44, 0x4d, 0x41, 0x52, 0x4b, 0x5f, 0x46,
  0x4c, 0x41, 0x47, 0x20, 0x3d, 0x20, 0x22, 0x5c, 0x78, 0x65, 0x65, 0x5c,
  0x78, 0x39, 0x34, 0x5c, 0x78, 0x39, 0x63, 0x22, 0x09, 0x2d, 0x2d, 0x20,
  0x55, 0x2b, 0x65, 0x35, 0x31, 0x63, 0x0d, 0x0a, 0x49, 0x43, 0x4f, 0x4e,
  0x5f, 0x46, 0x41, 0x5f, 0x4c, 0x41, 0x4e, 0x47, 0x55, 0x41, 0x47, 0x45,
  0x20, 0x3d, 0x20, 0x22, 0x5c, 0x78, 0x65, 0x66, 0x5c, 0x78, 0x38, 0x36,
  0x5c, 0x78, 0x61, 0x62, 0x22, 0x09, 0x2d, 0x2d, 0x20, 0x55, 0x2b, 0x66,
  0x31, 0x61, 0x62, 0x0d, 0x0a, 0x49, 0x43, 0x4f, 0x4e, 0x5f, 0x46, 0x41,
  0x5f, 0x4c, 0x41, 0x50, 0x54, 0x4f, 0x50, 0x20, 0x3d, 0x20, 0x22, 0x5c,
  0x78, 0x65, 0x66, 0x5c, 0x78, 0x38, 0x34, 0x5c, 0x78, 0x38, 0x39, 0x22,
  0x09, 0x2d, 0x2d, 0x20, 0x55, 0x2b, 0x66, 0x31, 0x30, 0x39, 0x0d, 0x0a,
  0x49, 0x43, 0x4f, 0x4e, 0x5f, 0x46, 0x41, 0x5f, 0x4c, 0x41, 0x50, 0x54,
  0x4f, 0x50, 0x5f, 0x43, 0x4f, 0x44, 0x45, 0x20, 0x3d, 0x20, 0x22, 0x5c,
  0x78, 0x65, 0x66, 0x5c, 0x78, 0x39, 0x37, 0x5c, 0x78, 0x62, 0x63, 0x22,
  0x09, 0x2d, 0x2d, 0x20, 0x55, 0x2b, 0x66, 0x35, 0x66, 0x63, 0x0d, 0x0a,
  0x49, 0x43, 0x4f, 0x4e, 0x5f, 0x46, 0x41, 0x5f, 0x4c, 0x41, 0x50, 0x54,
  0x4f, 0x50, 0x5f, 0x46, 0x49, 0x4c, 0x45, 0x20, 0x3d, 0x20, 0x22, 0x5c,
  0x78, 0x65, 0x65, 0x5c, 0x78, 0x39, 0x34, 0x5c, 0x78, 0x39, 0x64, 0x22,
  0x09, 0x2d, 0x2d, 0x20, 0x55, 0x2b, 0x65, 0x35, 0x31, 0x64, 0x0d, 0x0a,
  0x49, 0x43, 0x4f, 0x4e, 0x5f, 0x46, 0x41, 0x5f, 0x4c, 0x41, 0x50, 0x54,
  0x4f, 0x50, 0x5f, 0x4d, 0x45, 0x44, 0x49, 0x43, 0x41, 0x4c, 0x20, 0x3d,
  0x20, 0x22, 0x5c, 0x78, 0x65, 0x66, 0x5c, 0x78, 0x61, 0x30, 0x5c, 0x78,
  0x39, 0x32, 0x22, 0x09, 0x2d, 0x2d, 0x20, 0x55, 0x2b, 0x66, 0x38, 0x31,
  0x32, 0x0d, 0x0a, 0x49, 0x43, 0x4f, 0x4e, 0x5f, 0x46, 0x41, 0x5f, 0x4c,
  0x41, 0x52, 0x49, 0x5f, 0x53, 0x49, 0x47, 0x4e, 0x20, 0x3d, 0x20, 0x22,
  0x5c, 0x78, 0x65, 0x65, 0x5c, 0x78, 0x38, 0x37, 0x5c, 0x78, 0x38, 0x38,
  0x22, 0x09, 0x2d, 0x2d, 0x20, 0x55, 0x2b, 0x65, 0x31, 0x63, 0x38, 0x0d,
  0x0a, 0x49, 0x43, 0x4f, 0x4e, 0x5f, 0x46, 0x41, 0x5f, 0x4c, 0x41, 0x59,
  0x45, 0x52, 0x5f, 0x47, 0x52, 0x4f, 0x55, 0x50, 0x20, 0x3d, 0x20, 0x22,
  0x5c, 0x78, 0x65, 0x66, 0x5c, 0x78, 0x39, 0x37, 0x5c, 0x78, 0x62, 0x64,
  0x22, 0x09, 0x2d, 0x2d, 0x20, 0x55, 0x2b, 0x66, 0x35, 0x66, 0x64, 0x0d,
  0x0a, 0x49, 0x43, 0x4f, 0x4e, 0x5f, 0x46, 0x41, 0x5f, 0x4c, 0x45, 0x41,
  0x46, 0x20, 0x3d, 0x20, 0x22, 0x5c, 0x78, 0x65, 0x66, 0x5c, 0x78, 0x38,
  0x31, 0x5c, 0x78, 0x61, 0x63, 0x22, 0x09, 0x2d, 0x2d, 0x20, 0x55, 0x2b,
  0x66, 0x30, 0x36, 0x63, 0x0d, 0x0a, 0x49, 0x43, 0x4f, 0x4e, 0x5f, 0x46,
  0x41, 0x5f, 0x4c, 0x45, 0x46, 0x54, 0x5f, 0x4c, 0x4f, 0x4e, 0x47, 0x20,
  0x3d, 0x20, 0x22, 0x5c, 0x78, 0x65, 0x66, 0x5c, 0x78, 0x38, 0x63, 0x5c,
  0x78, 0x38, 0x61, 0x22, 0x09, 0x2d, 0x2d, 0x20, 0x55, 0x2b, 0x66, 0x33,
  0x30, 0x61, 0x0d, 0x0a, 0x49, 0x43, 0x4f, 0x4e, 0x5f, 0x46, 0x41, 0x5f,
  0x4c, 0x45, 0x46, 0x54, 0x5f, 0x52, 0x49, 0x47, 0x48, 0x54, 0x20, 0x3d,
  0x20, 0x22, 0x5c, 0x78, 0x65, 0x66, 0x5c, 0x78, 0x38, 0x63, 0x5c, 0x78,
  0x62, 0x37, 0x22, 0x09, 0x2d, 0x2d, 0x20, 0x55, 0x2b, 0x66, 0x33, 0x33,
  0x37, 0x0d, 0x0a, 0x49, 0x43, 0x4f, 0x4e, 0x5f, 0x46, 0x41, 0x5f, 0x4c,
  0x45, 0x4d, 0x4f, 0x4e, 0x20, 0x3d, 0x20, 0x22, 0x5c, 0x78, 0x65, 0x66,
  0x5c, 0x78, 0x38, 0x32, 0x5c, 0x78, 0x39, 0x34, 0x22, 0x09, 0x2d, 0x2d,
  0x20, 0x55, 0x2b, 0x66, 0x30, 0x39, 0x34, 0x0d, 0x0a, 0x49, 0x43, 0x4f,
  0x4e, 0x5f, 0x46, 0x41, 0x5f, 0x4c, 0x45, 0x53, 0x53, 0x5f, 0x54, 0x48,
  0x41, 0x4e, 0x20, 0x3d, 0x20, 0x22, 0x3c, 0x22, 0x09, 0x2d, 0x2d, 0x20,
  0x55, 0x2b, 0x30, 0x30, 0x33, 0x63, 0x0d, 0x0a, 0x49, 0x43, 0x4f, 0x4e,
  0x5f, 0x46, 0x41, 0x5f, 0x4c, 0x45, 0x53, 0x53, 0x5f, 0x54, 0x48, 0x41,
  0x4e, 0x5f, 0x45, 0x51, 0x55, 0x41, 0x4c, 0x20, 0x3d, 0x20, 0x22, 0x5c,
  0x78, 0x65, 0x66, 0x5c, 0x78, 0x39, 0x34, 0x5c, 0x78, 0x62, 0x37, 0x22,
  0x09, 0x2d, 0x2d, 0x20, 0x55, 0x2b, 0x66, 0x35, 0x33, 0x37, 0x0d, 0x0a,
  0x49, 0x43, 0x4f, 0x4e, 0x5f, 0x46, 0x41, 0x5f, 0x4c, 0x49, 0x46, 0x45,
  0x5f, 0x52, 0x49, 0x4e, 0x47, 0x20, 0x3d, 0x20, 0x22, 0x5c, 0x78, 0x65,
  0x66, 0x5c, 0x78, 0x38, 0x37, 0x5c, 0x78, 0x38, 0x64, 0x22, 0x09, 0x2d,
  0x2d, 0x20, 0x55, 0x2b, 0x66, 0x31, 0x63, 0x64, 0x0d, 0x0a, 0x49, 0x43,
  0x4f, 0x4e, 0x5f, 0x46, 0x41, 0x5f, 0x4c, 0x49, 0x47, 0x48, 0x54, 0x42,
  0x55, 0x4c, 0x42, 0x20, 0x3d, 0x20, 0x22, 0x5c, 0x78, 0x65, 0x66, 0x5c,
  0x78, 0x38, 0x33, 0x5c, 0x78, 0x61, 0x62, 0x22, 0x09, 0x2d, 0x2d, 0x20,
  0x55, 0x2b, 0x66, 0x30, 0x65, 0x62, 0x0d, 0x0a, 0x49, 0x43, 0x4f, 0x4e,
  0x5f, 0x46, 0x41, 0x5f, 0x4c, 0x49, 0x4e, 0x45, 0x53, 0x5f, 0x4c, 0x45,
  0x41, 0x4e, 0x49, 0x4e, 0x47, 0x20, 0x3d, 0x20, 0x22, 0x5c, 0x78, 0x65,
  0x65, 0x5c, 0x78, 0x39, 0x34, 0x5c, 0x78, 0x39, 0x65, 0x22, 0x09, 0x2d,
  0x2d, 0x20, 0x55, 0x2b, 0x65, 0x35, 0x31, 0x65, 0x0d, 0x0a, 0x49, 0x43,
  0x4f, 0x4e, 0x5f, 0x46, 0x41, 0x5f, 0x4c, 0x49, 0x4e, 0x4b, 0x20, 0x3d,
  0x20, 0x22, 0x5c, 0x78, 0x65, 0x66, 0x5c, 0x78, 0x38, 0x33, 0x5c, 0x78,
  0x38, 0x31, 0x22, 0x09, 0x2d, 0x2d, 0x20, 0x55, 0x2b, 0x66, 0x30, 0x63,
  0x31, 0x0d, 0x0a, 0x49, 0x43, 0x4f, 0x4e, 0x5f, 0x46, 0x41, 0x5f, 0x4c,
  0x49, 0x4e, 0x4b, 0x5f, 0x53, 0x4c, 0x41, 0x53, 0x48, 0x20, 0x3d, 0x20,
  0x22, 0x5c, 0x78, 0x65, 0x66, 0x5c, 0x78, 0x38, 0x34, 0x5c, 0x78, 0x61,
  0x37, 0x22, 0x09, 0x2d, 0x2d, 0x20, 0x55, 0x2b, 0x66, 0x31, 0x32, 0x37,
  0x0d, 0x0a, 0x49, 0x43, 0x4f, 0x4e, 0x5f, 0x46, 0x41, 0x5f, 0x4c, 0x49,
  0x52, 0x41, 0x5f, 0x53, 0x49, 0x47, 0x4e, 0x20, 0x3d, 0x20, 0x22, 0x5c,
  0x78, 0x65, 0x66, 0x5c, 0x78, 0x38, 0x36, 0x5c, 0x78, 0x39, 0x35, 0x22,
  0x09, 0x2d, 0x2d, 0x20, 0x55, 0x2b, 0x66, 0x31, 0x39, 0x35, 0x0d, 0x0a,
  0x49, 0x43, 0x4f, 0x4e, 0x5f, 0x46, 0x41, 0x5f, 0x4c, 0x49, 0x53, 0x54,
  0x20, 0x3d, 0x20, 0x22, 0x5c, 0x78, 0x65, 0x66, 0x5c, 0x78, 0x38, 0x30,
  0x5c, 0x78, 0x62, 0x61, 0x22, 0x09, 0x2d, 0x2d, 0x20, 0x55, 0x2b, 0x66,
  0x30, 0x33, 0x61, 0x0d, 0x0a, 0x49, 0x43, 0x4f, 0x4e, 0x5f, 0x46, 0x41,
  0x5f, 0x4c, 0x49, 0x53, 0x54, 0x5f, 0x43, 0x48, 0x45, 0x43, 0x4b, 0x20,
  0x3d, 0x20, 0x22, 0x5c, 0x78, 0x65, 0x66, 0x5c, 0x78, 0x38, 0x32, 0x5c,
  0x78, 0x61, 0x65, 0x22, 0x09, 0x2d, 0x2d, 0x20, 0x55, 0x2b, 0x66, 0x30,
  0x61, 0x65, 0x0d, 0x0a, 0x49, 0x43, 0x4f, 0x4e, 0x5f, 0x46, 0x41, 0x5f,
  0x4c, 0x49, 0x53, 0x54, 0x5f, 0x4f, 0x4c, 0x20, 0x3d, 0x20, 0x22, 0x5c,
  0x78, 0x65, 0x66, 0x5c, 0x78, 0x38, 0x33, 0x5c, 0x78, 0x38, 0x62, 0x22,
  0x09, 0x2d, 0x2d, 0x20, 0x55, 0x2b, 0x66, 0x30, 0x63, 0x62, 0x0d, 0x0a,
  0x49, 0x43, 0x4f, 0x4e, 0x5f, 0x46, 0x41, 0x5f, 0x4c, 0x49, 0x53, 0x54,
  0x5f, 0x55, 0x4c, 0x20, 0x3d, 0x20, 0x22, 0x5c, 0x78, 0x65, 0x66, 0x5c,
  0x78, 0x38, 0x33, 0x5c, 0x78, 0x38, 0x61, 0x22, 0x09, 0x2d, 0x2d, 0x20,
  0x55, 0x2b, 0x66, 0x30, 0x63, 0x61, 0x0d, 0x0a, 0x49, 0x43, 0x4f, 0x4e,
  0x5f, 0x46, 0x41, 0x5f, 0x4c, 0x49, 0x54, 0x45, 0x43, 0x4f, 0x49, 0x4e,
  0x5f, 0x53, 0x49, 0x47, 0x4e, 0x20, 0x3d, 0x20, 0x22, 0x5c, 0x78, 0x65,
  0x65, 0x5c, 0x78, 0x38, 0x37, 0x5c, 0x78, 0x39, 0x33, 0x22, 0x09, 0x2d,
  0x2d, 0x20, 0x55, 0x2b, 0x65, 0x31, 0x64, 0x33, 0x0d, 0x0a, 0x49, 0x43,
  0x4f, 0x4e, 0x5f, 0x46, 0x41, 0x5f, 0x4c, 0x4f, 0x43, 0x41, 0x54, 0x49,
  0x4f, 0x4e, 0x5f, 0x41, 0x52, 0x52, 0x4f, 0x57, 0x20, 0x3d, 0x20, 0x22,
  0x5c, 0x78, 0x65, 0x66, 0x5c, 0x78, 0x38, 0x34, 0x5c, 0x78, 0x61, 0x34,
  0x22, 0x09, 0x2d, 0x2d, 0x20, 0x55, 0x2b, 0x66, 0x31, 0x32, 0x34, 0x0d,
  0x0a, 0x49, 0x43, 0x4f, 0x4e, 0x5f, 0x46, 0x41, 0x5f, 0x4c, 0x4f, 0x43,
  0x41, 0x54, 0x49, 0x4f, 0x4e, 0x5f, 0x43, 0x52, 0x4f, 0x53, 0x53, 0x48,
  0x41, 0x49, 0x52, 0x53, 0x20, 0x3d, 0x20, 0x22, 0x5c, 0x78, 0x65, 0x66,
  0x5c, 0x78, 0x39, 0x38, 0x5c, 0x78, 0x38, 0x31, 0x22, 0x09, 0x2d, 0x2d,
  0x20, 0x55, 0x2b, 0x66, 0x36, 0x30, 0x31, 0x0d, 0x0a, 0x49, 0x43, 0x4f,
  0x4e, 0x5f, 0x46, 0x41, 0x5f, 0x4c, 0x4f, 0x43, 0x41, 0x54, 0x49, 0x4f,
  0x4e, 0x5f, 0x44, 0x4f, 0x54, 0x20, 0x3d, 0x20, 0x22, 0x5c, 0x78, 0x65,
  0x66, 0x5c, 0x78, 0x38, 0x66, 0x5c, 0x78, 0x38, 0x35, 0x22, 0x09, 0x2d,
  0x2d, 0x20, 0x55, 0x2b, 0x66, 0x33, 0x63, 0x35, 0x0d, 0x0a, 0x49, 0x43,
  0x4f, 0x4e, 0x5f, 0x46, 0x41, 0x5f, 0x4c, 0x4f, 0x43, 0x41, 0x54, 0x49,
  0x4f, 0x4e, 0x5f, 0x50, 0x49, 0x4e, 0x20, 0x3d, 0x20, 0x22, 0x5c, 0x78,
  0x65, 0x66, 0x5c, 0x78, 0x38, 0x31, 0x5c, 0x78, 0x38, 0x31, 0x22, 0x09,
  0x2d, 0x2d, 0x20, 0x55, 0x2b, 0x66, 0x30, 0x34, 0x31, 0x0d, 0x0a, 0x49,
  0x43, 0x4f, 0x4e, 0x5f, 0x46, 0x41, 0x5f, 0x4c, 0x4f, 0x43, 0x41, 0x54,
  0x49, 0x4f, 0x4e, 0x5f, 0x50, 0x49, 0x4e, 0x5f, 0x4c, 0x4f, 0x43, 0x4b,
  0x20, 0x3d, 0x20, 0x22, 0x5c, 0x78, 0x65, 0x65, 0x5c, 0x78, 0x39, 0x34,
  0x5c, 0x78, 0x39, 0x66, 0x22, 0x09, 0x2d, 0x2d, 0x20, 0x55, 0x2b, 0x65,
  0x35, 0x31, 0x66, 0x0d, 0x0a, 0x49, 0x43, 0x4f, 0x4e, 0x5f, 0x46, 0x41,
  0x5f, 0x4c, 0x4f, 0x43, 0x4b, 0x20, 0x3d, 0x20, 0x22, 0x5c, 0x78, 0x65,
  0x66, 0x5c, 0x78, 0x38, 0x30, 0x5c, 0x78, 0x61, 0x33, 0x22, 0x09, 0x2d,
  0x2d, 0x20, 0x55, 0x2b, 0x66, 0x30, 0x32, 0x33, 0x0d, 0x0a, 0x49, 0x43,
  0x4f, 0x4e, 0x5f, 0x46, 0x41, 0x5f, 0x4c, 0x4f, 0x43, 0x4b, 0x5f, 0x4f,
  0x50, 0x45, 0x4e, 0x20, 0x3d, 0x20, 0x22, 0x5c, 0x78, 0x65, 0x66, 0x5c,
  0x78, 0x38, 0x66, 0x5c, 0x78, 0x38, 0x31, 0x22, 0x09, 0x2d, 0x2d, 0x20,
  0x55, 0x2b, 0x66, 0x33, 0x63, 0x31, 0x0d, 0x0a, 0x49, 0x43, 0x4f, 0x4e,
  0x5f, 0x46, 0x41, 0x5f, 0x4c, 0x4f, 0x43, 0x55, 0x53, 0x54, 0x20, 0x3d,
  0x20, 0x22, 0x5c, 0x78, 0x65, 0x65, 0x5c, 0x78, 0x39, 0x34, 0x5c, 0x78,
  0x61, 0x30, 0x22, 0x09, 0x2d, 0x2d, 0x20, 0x55, 0x2b, 0x65, 0x35, 0x32,
  0x30, 0x0d, 0x0a, 0x49, 0x43, 0x4f, 0x4e, 0x5f, 0x46, 0x41, 0x5f, 0x4c,
  0x55, 0x4e, 0x47, 0x53, 0x20, 0x3d, 0x20, 0x22, 0x5c, 0x78, 0x65, 0x66,
  0x5c, 0x78, 0x39, 0x38, 0x5c, 0x78, 0x38, 0x34, 0x22, 0x09, 0x2d, 0x2d,
  0x20, 0x55, 0x2b, 0x66, 0x36, 0x30, 0x34, 0x0d, 0x0a, 0x49, 0x43, 0x4f,
  0x4e, 0x5f, 0x46, 0x41, 0x5f, 0x4c, 0x55, 0x4e, 0x47, 0x53, 0x5f, 0x56,
  0x49, 0x52, 0x55, 0x53, 0x20, 0x3d, 0x20, 0x22, 0x5c, 0x78, 0x65, 0x65,
  0x5c, 0x78, 0x38, 0x31, 0x5c, 0x78, 0x61, 0x37, 0x22, 0x09, 0x2d, 0x2d,
  0x20, 0x55, 0x2b, 0x65, 0x30, 0x36, 0x37, 0x0d, 0x0a, 0x49, 0x43, 0x4f,
  0x4e, 0x5f, 0x46, 0x41, 0x5f, 0x4d, 0x20, 0x3d, 0x20, 0x22, 0x4d, 0x22,
  0x09, 0x2d, 0x2d, 0x20, 0x55, 0x2b, 0x30, 0x30, 0x34, 0x64, 0x0d, 0x0a,
  0x49, 0x43, 0x4f, 0x4e, 0x5f, 0x46, 0x41, 0x5f, 0x4d, 0x41, 0x47, 0x4e,
  0x45, 0x54, 0x20, 0x3d, 0x20, 0x22, 0x5c, 0x78, 0x65, 0x66, 0x5c, 0x78,
  0x38, 0x31, 0x5c, 0x78, 0x62, 0x36, 0x22, 0x09, 0x2d, 0x2d, 0x20, 0x55,
  0x2b, 0x66, 0x30, 0x37, 0x36, 0x0d, 0x0a, 0x49, 0x43, 0x4f, 0x4e, 0x5f,
  0x46, 0x41, 0x5f, 0x4d, 0x41, 0x47, 0x4e, 0x49, 0x46, 0x59, 0x49, 0x4e,
  0x47, 0x5f, 0x47, 0x4c, 0x41, 0x53, 0x53, 0x20, 0x3d, 0x20, 0x22, 0x5c,
  0x78, 0x65, 0x66, 0x5c, 0x78, 0x38, 0x30, 0x5c, 0x78, 0x38, 0x32, 0x22,
  0x09, 0x2d, 0x2d, 0x20, 0x55, 0x2b, 0x66, 0x30, 0x30, 0x32, 0x0d, 0x0a,
  0x49, 0x43, 0x4f, 0x4e, 0x5f, 0x46, 0x41, 0x5f, 0x4d, 0x41, 0x47, 0x4e,
  0x49, 0x46, 0x59, 0x49, 0x4e, 0x47, 0x5f, 0x47, 0x4c, 0x41, 0x53, 0x53,
  0x5f, 0x41, 0x52, 0x52, 0x4f, 0x57, 0x5f, 0x52, 0x49, 0x47, 0x48, 0x54,
  0x20, 0x3d, 0x20, 0x22, 0x5c, 0x78, 0x65, 0x65, 0x5c, 0x78, 0x39, 0x34,
  0x5c, 0x78, 0x61, 0x31, 0x22, 0x09, 0x2d, 0x2d, 0x20, 0x55, 0x2b, 0x65,
  0x35, 0x32, 0x31, 0x0d, 0x0a, 0x49, 0x43, 0x4f, 0x4e, 0x5f, 0x46, 0x41,
  0x5f, 0x4d, 0x41, 0x47, 0x4e, 0x49, 0x46, 0x59, 0x49, 0x4e, 0x47, 0x5f,
  0x47, 0x4c, 0x41, 0x53, 0x53, 0x5f, 0x43, 0x48, 0x41, 0x52, 0x54, 0x20,
  0x3d, 0x20, 0x22, 0x5c, 0x78, 0x65, 0x65, 0x5c, 0x78, 0x39, 0x34, 0x5c,
  0x78, 0x61, 0x32, 0x22, 0x09, 0x2d, 0x2d, 0x20, 0x55, 0x2b, 0x65, 0x35,
  0x32, 0x32, 0x0d, 0x0a, 0x49, 0x43, 0x4f, 0x4e, 0x5f, 0x46, 0x41, 0x5f,
  0x4d, 0x41, 0x47, 0x4e, 0x49, 0x46, 0x59, 0x49, 0x4e, 0x47, 0x5f, 0x47,
  0x4c, 0x41, 0x53, 0x53, 0x5f, 0x44, 0x4f, 0x4c, 0x4c, 0x41, 0x52, 0x20,
  0x3d, 0x20, 0x22, 0x5c, 0x78, 0x65, 0x66, 0x5c, 0x78, 0x39, 0x61, 0x5c,
  0x78, 0x38, 0x38, 0x22, 0x09, 0x2d, 0x2d, 0x20, 0x55, 0x2b, 0x66, 0x36,
  0x38, 0x38, 0x0d, 0x0a, 0x49, 0x43, 0x4f, 0x4e, 0x5f, 0x46, 0x41, 0x5f,
  0x4d, 0x41, 0x47, 0x4e, 0x49, 0x46, 0x59, 0x49, 0x4e, 0x47, 0x5f, 0x47,
  0x4c, 0x41, 0x53, 0x53, 0x5f, 0x4c, 0x4f, 0x43, 0x41, 0x54, 0x49, 0x4f,
  0x4e, 0x20, 0x3d, 0x20, 0x22, 0x5c, 0x78, 0x65, 0x66, 0x5c, 0x78, 0x39,
  0x61, 0x5c, 0x78, 0x38, 0x39, 0x22, 0x09, 0x2d, 0x2d, 0x20, 0x55, 0x2b,
  0x66, 0x36, 0x38, 0x39, 0x0d, 0x0a, 0x49, 0x43, 0x4f, 0x4e, 0x5f, 0x46,
  0x41, 0x5f, 0x4d, 0x41, 0x47, 0x4e, 0x49, 0x46, 0x59, 0x49, 0x4e, 0x47,
  0x5f, 0x47, 0x4c, 0x41, 0x53, 0x53, 0x5f, 0x4d, 0x49, 0x4e, 0x55, 0x53,
  0x20, 0x3d, 0x20, 0x22, 0x5c, 0x78, 0x65, 0x66, 0x5c, 0x78, 0x38, 0x30,
  0x5c, 0x78, 0x39, 0x30, 0x22, 0x09, 0x2d, 0x2d, 0x20, 0x55, 0x2b, 0x66,
  0x30, 0x31, 0x30, 0x0d, 0x0a, 0x49, 0x43, 0x4f, 0x4e, 0x5f, 0x46, 0x41,
  0x5f, 0x4d, 0x41, 0x47, 0x4e, 0x49, 0x46, 0x59, 0x49, 0x4e, 0x47, 0x5f,
  0x47, 0x4c, 0x41, 0x53, 0x53, 0x5f, 0x50, 0x4c, 0x55, 0x53, 0x20, 0x3d,
  0x20, 0x22, 0x5c, 0x78, 0x65, 0x66, 0x5c, 0x78, 0x38, 0x30, 0x5c, 0x78,
  0x38, 0x65, 0x22, 0x09, 0x2d, 0x2d, 0x20, 0x55, 0x2b, 0x66, 0x30, 0x30,
  0x65, 0x0d, 0x0a, 0x49, 0x43, 0x4f, 0x4e, 0x5f, 0x46, 0x41, 0x5f, 0x4d,
  0x41, 0x4e, 0x41, 0x54, 0x5f, 0x53, 0x49, 0x47, 0x4e, 0x20, 0x3d, 0x20,
  0x22, 0x5c, 0x78, 0x65, 0x65, 0x5c, 0x78, 0x38, 0x37, 0x5c, 0x78, 0x39,
  0x35, 0x22, 0x09, 0x2d, 0x2d, 0x20, 0x55, 0x2b, 0x65, 0x31, 0x64, 0x35,
  0x0d, 0x0a, 0x49, 0x43, 0x4f, 0x4e, 0x5f, 0x46, 0x41, 0x5f, 0x4d, 0x41,
  0x50, 0x20, 0x3d, 0x20, 0x22, 0x5c, 0x78, 0x65, 0x66, 0x5c, 0x78, 0x38,
  0x39, 0x5c, 0x78, 0x62, 0x39, 0x22, 0x09, 0x2d, 0x2d, 0x20, 0x55, 0x2b,
  0x66, 0x32, 0x37, 0x39, 0x0d, 0x0a, 0x49, 0x43, 0x4f, 0x4e, 0x5f, 0x46,
  0x41, 0x5f, 0x4d, 0x41, 0x50, 0x5f, 0x4c, 0x4f, 0x43, 0x41, 0x54, 0x49,
  0x4f, 0x4e, 0x20, 0x3d, 0x20, 0x22, 0x5c, 0x78, 0x65, 0x66, 0x5c, 0x78,
  0x39, 0x36, 0x5c, 0x78, 0x39, 0x66, 0x22, 0x09, 0x2d, 0x2d, 0x20, 0x55,
  0x2b, 0x66, 0x35, 0x39, 0x66, 0x0d, 0x0a, 0x49, 0x43, 0x4f, 0x4e, 0x5f,
  0x46, 0x41, 0x5f, 0x4d, 0x41, 0x50, 0x5f, 0x4c, 0x4f, 0x43, 0x41, 0x54,
  0x49, 0x4f, 0x4e, 0x5f, 0x44, 0x4f, 0x54, 0x20, 0x3d, 0x20, 0x22, 0x5c,
  0x78, 0x65, 0x66, 0x5c, 0x78, 0x39, 0x36, 0x5c, 0x78, 0x61, 0x30, 0x22,
  0x09, 0x2d, 0x2d, 0x20, 0x55, 0x2b, 0x66, 0x35, 0x61, 0x30, 0x0d, 0x0a,
  0x49, 0x43, 0x4f, 0x4e, 0x5f, 0x46, 0x41, 0x5f, 0x4d, 0x41, 0x50, 0x5f,
  0x50, 0x49, 0x4e, 0x20, 0x3d, 0x20, 0x22, 0x5c, 0x78, 0x65, 0x66, 0x5c,
  0x78, 0x38, 0x39, 0x5c, 0x78, 0x62, 0x36, 0x22, 0x09, 0x2d, 0x2d, 0x20,
  0x55, 0x2b, 0x66, 0x32, 0x37, 0x36, 0x0d, 0x0a, 0x49, 0x43, 0x4f, 0x4e,
  0x5f, 0x46, 0x41, 0x5f, 0x4d, 0x41, 0x52, 0x4b, 0x45, 0x52, 0x20, 0x3d,
  0x20, 0x22, 0x5c, 0x78, 0x65, 0x66, 0x5c, 0x78, 0x39, 0x36, 0x5c, 0x78,
  0x61, 0x31, 0x22, 0x09, 0x2d, 0x2d, 0x20, 0x55, 0x2b, 0x66, 0x35, 0x61,
  0x31, 0x0d, 0x0a, 0x49, 0x43, 0x4f, 0x4e, 0x5f, 0x46, 0x41, 0x5f, 0x4d,
  0x41, 0x52, 0x53, 0x20, 0x3d, 0x20, 0x22, 0x5c, 0x78, 0x65, 0x66, 0x5c,
  0x78, 0x38, 0x38, 0x5c, 0x78, 0x61, 0x32, 0x22, 0x09, 0x2d, 0x2d, 0x20,
  0x55, 0x2b, 0x66, 0x32, 0x32, 0x32, 0x0d, 0x0a, 0x49, 0x43, 0x4f, 0x4e,
  0x5f, 0x46, 0x41, 0x5f, 0x4d, 0x41, 0x52, 0x53, 0x5f, 0x41, 0x4e, 0x44,
  0x5f, 0x56, 0x45, 0x4e, 0x55, 0x53, 0x20, 0x3d, 0x20, 0x22, 0x5c, 0x78,
  0x65, 0x66, 0x5c, 0x78, 0x38, 0x38, 0x5c, 0x78, 0x61, 0x34, 0x22, 0x09,
  0x2d, 0x2d, 0x20, 0x55, 0x2b, 0x66, 0x32, 0x32, 0x34, 0x0d, 0x0a, 0x49,
  0x43, 0x4f, 0x4e, 0x5f, 0x46, 0x41, 0x5f, 0x4d, 0x41, 0x52, 0x53, 0x5f,
  0x41, 0x4e, 0x44, 0x5f, 0x56, 0x45, 0x4e, 0x55, 0x53, 0x5f, 0x42, 0x55,
  0x52, 0x53, 0x54, 0x20, 0x3d, 0x20, 0x22, 0x5c, 0x78, 0x65, 0x65, 0x5c,
  0x78, 0x39, 0x34, 0x5c, 0x78, 0x61, 0x33, 0x22, 0x09, 0x2d, 0x2d, 0x20,
  0x55, 0x2b, 0x65, 0x35, 0x32, 0x33, 0x0d, 0x0a, 0x49, 0x43, 0x4f, 0x4e,
  0x5f, 0x46, 0x41, 0x5f, 0x4d, 0x41, 0x52, 0x53, 0x5f, 0x44, 0x4f, 0x55,
  0x42, 0x4c, 0x45, 0x20, 0x3d, 0x20, 0x22, 0x5c, 0x78, 0x65, 0x66, 0x5c,
  0x78, 0x38, 0x38, 0x5c, 0x78, 0x61, 0x37, 0x22, 0x09, 0x2d, 0x2d, 0x20,
  0x55, 0x2b, 0x66, 0x32, 0x32, 0x37, 0x0d, 0x0a, 0x49, 0x43, 0x4f, 0x4e,
  0x5f, 0x46, 0x41, 0x5f, 0x4d, 0x41, 0x52, 0x53, 0x5f, 0x53, 0x54, 0x52,
  0x4f, 0x4b, 0x45, 0x20, 0x3d, 0x20, 0x22, 0x5c, 0x78, 0x65, 0x66, 0x5c,
  0x78, 0x38, 0x38, 0x5c, 0x78, 0x61, 0x39, 0x22, 0x09, 0x2d, 0x2d, 0x20,
  0x55, 0x2b, 0x66, 0x32, 0x32, 0x39, 0x0d, 0x0a, 0x49, 0x43, 0x4f, 0x4e,
  0x5f, 0x46, 0x41, 0x5f, 0x4d, 0x41, 0x52, 0x53, 0x5f, 0x53, 0x54, 0x52,
  0x4f, 0x4b, 0x45, 0x5f, 0x52, 0x49, 0x47, 0x48, 0x54, 0x20, 0x3d, 0x20,
  0x22, 0x5c, 0x78, 0x65, 0x66, 0x5c, 0x78, 0x38, 0x38, 0x5c, 0x78, 0x61,
  0x62, 0x22, 0x09, 0x2d, 0x2d, 0x20, 0x55, 0x2b, 0x66, 0x32, 0x32, 0x62,
  0x0d, 0x0a, 0x49, 0x43, 0x4f, 0x4e, 0x5f, 0x46, 0x41, 0x5f, 0x4d, 0x41,
  0x52, 0x53, 0x5f, 0x53, 0x54, 0x52, 0x4f, 0x4b, 0x45, 0x5f, 0x55, 0x50,
  0x20, 0x3d, 0x20, 0x22, 0x5c, 0x78, 0x65, 0x66, 0x5c, 0x78, 0x38, 0x38,
  0x5c, 0x78, 0x61, 0x61, 0x22, 0x09, 0x2d, 0x2d, 0x20, 0x55, 0x2b, 0x66,
  0x32, 0x32, 0x61, 0x0d, 0x0a, 0x49, 0x43, 0x4f, 0x4e, 0x5f, 0x46, 0x41,
  0x5f, 0x4d, 0x41, 0x52, 0x54, 0x49, 0x4e, 0x49, 0x5f, 0x47, 0x4c, 0x41,
  0x53, 0x53, 0x20, 0x3d, 0x20, 0x22, 0x5c, 0x78, 0x65, 0x66, 0x5c, 0x78,
  0x39, 0x35, 0x5c, 0x78, 0x62, 0x62, 0x22, 0x09, 0x2d, 0x2d, 0x20, 0x55,
  0x2b, 0x66, 0x35, 0x37, 0x62, 0x0d, 0x0a, 0x49, 0x43, 0x4f, 0x4e, 0x5f,
  0x46, 0x41, 0x5f, 0x4d, 0x41, 0x52, 0x54, 0x49, 0x4e, 0x49, 0x5f, 0x47,
  0x4c, 0x41, 0x53, 0x53, 0x5f, 0x43, 0x49, 0x54, 0x52, 0x55, 0x53, 0x20,
  0x3d, 0x20, 0x22, 0x5c, 0x78, 0x65, 0x66, 0x5c, 0x78, 0x39, 0x35, 0x5c,
  0x78, 0x61, 0x31, 0x22, 0x09, 0x2d, 0x2d, 0x20, 0x55, 0x2b, 0x66, 0x35,
  0x36, 0x31, 0x0d, 0x0a, 0x49, 0x43, 0x4f, 0x4e, 0x5f, 0x46, 0x41, 0x5f,
  0x4d, 0x41, 0x52, 0x54, 0x49, 0x4e, 0x49, 0x5f, 0x47, 0x4c, 0x41, 0x53,
  0x53, 0x5f, 0x45, 0x4d, 0x50, 0x54, 0x59, 0x20, 0x3d, 0x20, 0x22, 0x5c,
  0x78, 0x65, 0x66, 0x5c, 0x78, 0x38, 0x30, 0x5c, 0x78, 0x38, 0x30, 0x22,
  0x09, 0x2d, 0x2d, 0x20, 0x55, 0x2b, 0x66, 0x30, 0x30, 0x30, 0x0d, 0x0a,
  0x49, 0x43, 0x4f, 0x4e, 0x5f, 0x46, 0x41, 0x5f, 0x4d, 0x41, 0x53, 0x4b,
  0x20, 0x3d, 0x20, 0x22, 0x5c, 0x78, 0x65, 0x66, 0x5c, 0x78, 0x39, 0x62,
  0x5c, 0x78, 0x62, 0x61, 0x22, 0x09, 0x2d, 0x2d, 0x20, 0x55, 0x2b, 0x66,
  0x36, 0x66, 0x61, 0x0d, 0x0a, 0x49, 0x43, 0x4f, 0x4e, 0x5f, 0x46, 0x41,
  0x5f, 0x4d, 0x41, 0x53, 0x4b, 0x5f, 0x46, 0x41, 0x43, 0x45, 0x20, 0x3d,
  0x20, 0x22, 0x5c, 0x78, 0x65, 0x65, 0x5c, 0x78, 0x38, 0x37, 0x5c, 0x78,
  0x39, 0x37, 0x22, 0x09, 0x2d, 0x2d, 0x20, 0x55, 0x2b, 0x65, 0x31, 0x64,
  0x37, 0x0d, 0x0a, 0x49, 0x43, 0x4f, 0x4e, 0x5f, 0x46, 0x41, 0x5f, 0x4d,
  0x41, 0x53, 0x4b, 0x5f, 0x56, 0x45, 0x4e, 0x54, 0x49, 0x4c, 0x41, 0x54,
  0x4f, 0x52, 0x20, 0x3d, 0x20, 0x22, 0x5c, 0x78, 0x65, 0x65, 0x5c, 0x78,
  0x39, 0x34, 0x5c, 0x78, 0x61, 0x34, 0x22, 0x09, 0x2d, 0x2d, 0x20, 0x55,
  0x2b, 0x65, 0x35, 0x32, 0x34, 0x0d, 0x0a, 0x49, 0x43, 0x4f, 0x4e, 0x5f,
  0x46, 0x41, 0x5f, 0x4d, 0x41, 0x53, 0x4b, 0x53, 0x5f, 0x54, 0x48, 0x45,
  0x41, 0x54, 0x45, 0x52, 0x20, 0x3d, 0x20, 0x22, 0x5c, 0x78, 0x65, 0x66,
  0x5c, 0x78, 0x39, 0x38, 0x5c, 0x78, 0x62, 0x30, 0x22, 0x09, 0x2d, 0x2d,
  0x20, 0x55, 0x2b, 0x66, 0x36, 0x33, 0x30, 0x0d, 0x0a, 0x49, 0x43, 0x4f,
  0x4e, 0x5f, 0x46, 0x41, 0x5f, 0x4d, 0x41, 0x54, 0x54, 0x52, 0x45, 0x53,
  0x53, 0x5f, 0x50, 0x49, 0x4c, 0x4c, 0x4f, 0x57, 0x20, 0x3d, 0x20, 0x22,
  0x5c, 0x78, 0x65, 0x65, 0x5c, 0x78, 0x39, 0x34, 0x5c, 0x78, 0x61, 0x35,
  0x22, 0x09, 0x2d, 0x2d, 0x20, 0x55, 0x2b, 0x65, 0x35, 0x32, 0x35, 0x0d,
  0x0a, 0x49, 0x43, 0x4f, 0x4e, 0x5f, 0x46, 0x41, 0x5f, 0x4d, 0x41, 0x58,
  0x49, 0x4d, 0x49, 0x5a, 0x45, 0x20, 0x3d, 0x20, 0x22, 0x5c, 0x78, 0x65,
  0x66, 0x5c, 0x78, 0x38, 0x63, 0x5c, 0x78, 0x39, 0x65, 0x22, 0x09, 0x2d,
  0x2d, 0x20, 0x55, 0x2b, 0x66, 0x33, 0x31, 0x65, 0x0d, 0x0a, 0x49, 0x43,
  0x4f, 0x4e, 0x5f, 0x46, 0x41, 0x5f, 0x4d, 0x45, 0x44, 0x41, 0x4c, 0x20,
  0x3d, 0x20, 0x22, 0x5c, 0x78, 0x65, 0x66, 0x5c, 0x78, 0x39, 0x36, 0x5c,
  0x78, 0x61, 0x32, 0x22, 0x09, 0x2d, 0x2d, 0x20, 0x55, 0x2b, 0x66, 0x35,
  0x61, 0x32, 0x0d, 0x0a, 0x49, 0x43, 0x4f, 0x4e, 0x5f, 0x46, 0x41, 0x5f,
  0x4d, 0x45, 0x4d, 0x4f, 0x52, 0x59, 0x20, 0x3d, 0x20, 0x22, 0x5c, 0x78,
  0x65, 0x66, 0x5c, 0x78, 0x39, 0x34, 0x5c, 0x78, 0x62, 0x38, 0x22, 0x09,
  0x2d, 0x2d, 0x20, 0x55, 0x2b, 0x66, 0x35, 0x33, 0x38, 0x0d, 0x0a, 0x49,
  0x43, 0x4f, 0x4e, 0x5f, 0x46, 0x41, 0x5f, 0x4d, 0x45, 0x4e, 0x4f, 0x52,
  0x41, 0x48, 0x20, 0x3d, 0x20, 0x22, 0x5c, 0x78, 0x65, 0x66, 0x5c, 0x78,
  0x39, 0x39, 0x5c, 0x78, 0x62, 0x36, 0x22, 0x09, 0x2d, 0x2d, 0x20, 0x55,
  0x2b, 0x66, 0x36, 0x37, 0x36, 0x0d, 0x0a, 0x49, 0x43, 0x4f, 0x4e, 0x5f,
  0x46, 0x41, 0x5f, 0x4d, 0x45, 0x52, 0x43, 0x55, 0x52, 0x59, 0x20, 0x3d,
  0x20, 0x22, 0x5c, 0x78, 0x65, 0x66, 0x5c, 0x78, 0x38, 0x38, 0x5c, 0x78,
  0x61, 0x33, 0x22, 0x09, 0x2d, 0x2d, 0x20, 0x55, 0x2b, 0x66, 0x32, 0x32,
  0x33, 0x0d, 0x0a, 0x49, 0x43, 0x4f, 0x4e, 0x5f, 0x46, 0x41, 0x5f, 0x4d,
  0x45, 0x53, 0x53, 0x41, 0x47, 0x45, 0x20, 0x3d, 0x20, 0x22, 0x5c, 0x78,
  0x65, 0x66, 0x5c, 0x78, 0x38, 0x39, 0x5c, 0x78, 0x62, 0x61, 0x22, 0x09,
  0x2d, 0x2d, 0x20, 0x55, 0x2b, 0x66, 0x32, 0x37, 0x61, 0x0d, 0x0a, 0x49,
  0x43, 0x4f, 0x4e, 0x5f, 0x46, 0x41, 0x5f, 0x4d, 0x45, 0x54, 0x45, 0x4f,
  0x52, 0x20, 0x3d, 0x20, 0x22, 0x5c, 0x78, 0x65, 0x66, 0x5c, 0x78, 0x39,
  0x64, 0x5c, 0x78, 0x39, 0x33, 0x22, 0x09, 0x2d, 0x2d, 0x20, 0x55, 0x2b,
  0x66, 0x37, 0x35, 0x33, 0x0d, 0x0a, 0x49, 0x43, 0x4f, 0x4e, 0x5f, 0x46,
  0x41, 0x5f, 0x4d, 0x49, 0x43, 0x52, 0x4f, 0x43, 0x48, 0x49, 0x50, 0x20,
  0x3d, 0x20, 0x22, 0x5c, 0x78, 0x65, 0x66, 0x5c, 0x78, 0x38, 0x62, 0x5c,
  0x78, 0x39, 0x62, 0x22, 0x09, 0x2d, 0x2d, 0x20, 0x55, 0x2b, 0x66, 0x32,
  0x64, 0x62, 0x0d, 0x0a, 0x49, 0x43, 0x4f, 0x4e, 0x5f, 0x46, 0x41, 0x5f,
  0x4d, 0x49, 0x43, 0x52, 0x4f, 0x50, 0x48, 0x4f, 0x4e, 0x45, 0x20, 0x3d,
  0x20, 0x22, 0x5c, 0x78, 0x65, 0x66, 0x5c, 0x78, 0x38, 0x34, 0x5c, 0x78,
  0x62, 0x30, 0x22, 0x09, 0x2d, 0x2d, 0x20, 0x55, 0x2b, 0x66, 0x31, 0x33,
  0x30, 0x0d, 0x0a, 0x49, 0x43, 0x4f, 0x4e, 0x5f, 0x46, 0x41, 0x5f, 0x4d,
  0x49, 0x43, 0x52, 0x4f, 0x50, 0x48, 0x4f, 0x4e, 0x45, 0x5f, 0x4c, 0x49,
  0x4e, 0x45, 0x53, 0x20, 0x3d, 0x20, 0x22, 0x5c, 0x78, 0x65, 0x66, 0x5c,
  0x78, 0x38, 0x66, 0x5c, 0x78, 0x38, 0x39, 0x22, 0x09, 0x2d, 0x2d, 0x20,
  0x55, 0x2b, 0x66, 0x33, 0x63, 0x39, 0x0d, 0x0a, 0x49, 0x43, 0x4f, 0x4e,
  0x5f, 0x46, 0x41, 0x5f, 0x4d, 0x49, 0x43, 0x52, 0x4f, 0x50, 0x48, 0x4f,
  0x4e, 0x45, 0x5f, 0x4c, 0x49, 0x4e, 0x45, 0x53, 0x5f, 0x53, 0x4c, 0x41,
  0x53, 0x48, 0x20, 0x3d, 0x20, 0x22, 0x5c, 0x78, 0x65, 0x66, 0x5c, 0x78,
  0x39, 0x34, 0x5c, 0x78, 0x62, 0x39, 0x22, 0x09, 0x2d, 0x2d, 0x20, 0x55,
  0x2b, 0x66, 0x35, 0x33, 0x39, 0x0d, 0x0a, 0x49, 0x43, 0x4f, 0x4e, 0x5f,
  0x46, 0x41, 0x5f, 0x4d, 0x49, 0x43, 0x52, 0x4f, 0x50, 0x48, 0x4f, 0x4e,
  0x45, 0x5f, 0x53, 0x4c, 0x41, 0x53, 0x48, 0x20, 0x3d, 0x20, 0x22, 0x5c,
  0x78, 0x65, 0x66, 0x5c, 0x78, 0x38, 0x34, 0x5c, 0x78, 0x62, 0x31, 0x22,
  0x09, 0x2d, 0x2d, 0x20, 0x55, 0x2b, 0x66, 0x31, 0x33, 0x31, 0x0d, 0x0a,
  0x49, 0x43, 0x4f, 0x4e, 0x5f, 0x46, 0x41, 0x5f, 0x4d, 0x49, 0x43, 0x52,
  0x4f, 0x53, 0x43, 0x4f, 0x50, 0x45, 0x20, 0x3d, 0x20, 0x22, 0x5c, 0x78,
  0x65, 0x66, 0x5c, 0x78, 0x39, 0x38, 0x5c, 0x78, 0x39, 0x30, 0x22, 0x09,
  0x2d, 0x2d, 0x20, 0x55, 0x2b, 0x66, 0x36, 0x31, 0x30, 0x0d, 0x0a, 0x49,
  0x43, 0x4f, 0x4e, 0x5f, 0x46, 0x41, 0x5f, 0x4d, 0x49, 0x4c, 0x4c, 0x5f,
  0x53, 0x49, 0x47, 0x4e, 0x20, 0x3d, 0x20, 0x22, 0x5c, 0x78, 0x65, 0x65,
  0x5c, 0x78, 0x38, 0x37, 0x5c, 0x78, 0x61, 0x64, 0x22, 0x09, 0x2d, 0x2d,
  0x20, 0x55, 0x2b, 0x65, 0x31, 0x65, 0x64, 0x0d, 0x0a, 0x49, 0x43, 0x4f,
  0x4e, 0x5f, 0x46, 0x41, 0x5f, 0x4d, 0x49, 0x4e, 0x49, 0x4d, 0x49, 0x5a,
  0x45, 0x20, 0x3d, 0x20, 0x22, 0x5c, 0x78, 0x65, 0x66, 0x5c, 0x78, 0x39,
  0x65, 0x5c, 0x78, 0x38, 0x63, 0x22, 0x09, 0x2d, 0x2d, 0x20, 0x55, 0x2b,
  0x66, 0x37, 0x38, 0x63, 0x0d, 0x0a, 0x49, 0x43, 0x4f, 0x4e, 0x5f, 0x46,
  0x41, 0x5f, 0x4d, 0x49, 0x4e, 0x55, 0x53, 0x20, 0x3d, 0x20, 0x22, 0x5c,
  0x78, 0x65, 0x66, 0x5c, 0x78, 0x38, 0x31, 0x5c, 0x78, 0x61, 0x38, 0x22,
  0x09, 0x2d, 0x2d, 0x20, 0x55, 0x2b, 0x66, 0x30, 0x36, 0x38, 0x0d, 0x0a,
  0x49, 0x43, 0x4f, 0x4e, 0x5f, 0x46, 0x41, 0x5f, 0x4d, 0x49, 0x54, 0x54,
  0x45, 0x4e, 0x20, 0x3d, 0x20, 0x22, 0x5c, 0x78, 0x65, 0x66, 0x5c, 0x78,
  0x39, 0x65, 0x5c, 0x78, 0x62, 0x35, 0x22, 0x09, 0x2d, 0x2d, 0x20, 0x55,
  0x2b, 0x66, 0x37, 0x62, 0x35, 0x0d, 0x0a, 0x49, 0x43, 0x4f, 0x4e, 0x5f,
  0x46, 0x41, 0x5f, 0x4d, 0x4f, 0x42, 0x49, 0x4c, 0x45, 0x20, 0x3d, 0x20,
  0x22, 0x5c, 0x78, 0x65, 0x66, 0x5c, 0x78, 0x38, 0x66, 0x5c, 0x78, 0x38,
  0x65, 0x22, 0x09, 0x2d, 0x2d, 0x20, 0x55, 0x2b, 0x66, 0x33, 0x63, 0x65,
  0x0d, 0x0a, 0x49, 0x43, 0x4f, 0x4e, 0x5f, 0x46, 0x41, 0x5f, 0x4d, 0x4f,
  0x42, 0x49, 0x4c, 0x45, 0x5f, 0x42, 0x55, 0x54, 0x54, 0x4f, 0x4e, 0x20,
  0x3d, 0x20, 0x22, 0x5c, 0x78, 0x65, 0x66, 0x5c, 0x78, 0x38, 0x34, 0x5c,
  0x78, 0x38, 0x62, 0x22, 0x09, 0x2d, 0x2d, 0x20, 0x55, 0x2b, 0x66, 0x31,
  0x30, 0x62, 0x0d, 0x0a, 0x49, 0x43, 0x4f, 0x4e, 0x5f, 0x46, 0x41, 0x5f,
  0x4d, 0x4f, 0x42, 0x49, 0x4c, 0x45, 0x5f, 0x52, 0x45, 0x54, 0x52, 0x4f,
  0x20, 0x3d, 0x20, 0x22, 0x5c, 0x78, 0x65, 0x65, 0x5c, 0x78, 0x39, 0x34,
  0x5c, 0x78, 0x61, 0x37, 0x22, 0x09, 0x2d, 0x2d, 0x20, 0x55, 0x2b, 0x65,
  0x35, 0x32, 0x37, 0x0d, 0x0a, 0x49, 0x43, 0x4f, 0x4e, 0x5f, 0x46, 0x41,
  0x5f, 0x4d, 0x4f, 0x42, 0x49, 0x4c, 0x45, 0x5f, 0x53, 0x43, 0x52, 0x45,
  0x45, 0x4e, 0x20, 0x3d, 0x20, 0x22, 0x5c, 0x78, 0x65, 0x66, 0x5c, 0x78,
  0x38, 0x66, 0x5c, 0x78, 0x38, 0x66, 0x22, 0x09, 0x2d, 0x2d, 0x20, 0x55,
  0x2b, 0x66, 0x33, 0x63, 0x66, 0x0d, 0x0a, 0x49, 0x43, 0x4f, 0x4e, 0x5f,
  0x46, 0x41, 0x5f, 0x4d, 0x4f, 0x42, 0x49, 0x4c, 0x45, 0x5f, 0x53, 0x43,
  0x52, 0x45, 0x45, 0x4e, 0x5f, 0x42, 0x55, 0x54, 0x54, 0x4f, 0x4e, 0x20,
  0x3d, 0x20, 0x22, 0x5c, 0x78, 0x65, 0x66, 0x5c, 0x78, 0x38, 0x66, 0x5c,
  0x78, 0x38, 0x64, 0x22, 0x09, 0x2d, 0x2d, 0x20, 0x55, 0x2b, 0x66, 0x33,
  0x63, 0x64, 0x0d, 0x0a, 0x49, 0x43, 0x4f, 0x4e, 0x5f, 0x46, 0x41, 0x5f,
  0x4d, 0x4f, 0x42, 0x49, 0x4c, 0x45, 0x5f, 0x56, 0x49, 0x42, 0x52, 0x41,
  0x54, 0x45, 0x20, 0x3d, 0x20, 0x22, 0x5c, 0x78, 0x65, 0x65, 0x5c, 0x78,
  0x61, 0x30, 0x5c, 0x78, 0x39, 0x36, 0x22, 0x09, 0x2d, 0x2d, 0x20, 0x55,
  0x2b, 0x65, 0x38, 0x31, 0x36, 0x0d, 0x0a, 0x49, 0x43, 0x4f, 0x4e, 0x5f,
  0x46, 0x41, 0x5f, 0x4d, 0x4f, 0x4e, 0x45, 0x59, 0x5f, 0x42, 0x49, 0x4c,
  0x4c, 0x20, 0x3d, 0x20, 0x22, 0x5c, 0x78, 0x65, 0x66, 0x5c, 0x78, 0x38,
  0x33, 0x5c, 0x78, 0x39, 0x36, 0x22, 0x09, 0x2d, 0x2d, 0x20, 0x55, 0x2b,
  0x66, 0x30, 0x64, 0x36, 0x0d, 0x0a, 0x49, 0x43, 0x4f, 0x4e, 0x5f, 0x46,
  0x41, 0x5f, 0x4d, 0x4f, 0x4e, 0x45, 0x59, 0x5f, 0x42, 0x49, 0x4c, 0x4c,
  0x5f, 0x31, 0x20, 0x3d, 0x20, 0x22, 0x5c, 0x78, 0x65, 0x66, 0x5c, 0x78,
  0x38, 0x66, 0x5c, 0x78, 0x39, 0x31, 0x22, 0x09, 0x2d, 0x2d, 0x20, 0x55,
  0x2b, 0x66, 0x33, 0x64, 0x31, 0x0d, 0x0a, 0x49, 0x43, 0x4f, 0x4e, 0x5f,
  0x46, 0x41, 0x5f, 0x4d, 0x4f, 0x4e, 0x45, 0x59, 0x5f, 0x42, 0x49, 0x4c,
  0x4c, 0x5f, 0x31, 0x5f, 0x57, 0x41, 0x56, 0x45, 0x20, 0x3d, 0x20, 0x22,
  0x5c, 0x78, 0x65, 0x66, 0x5c, 0x78, 0x39, 0x34, 0x5c, 0x78, 0x62, 0x62,
  0x22, 0x09, 0x2d, 0x2d, 0x20, 0x55, 0x2b, 0x66, 0x35, 0x33, 0x62, 0x0d,
  0x0a, 0x49, 0x43, 0x4f, 0x4e, 0x5f, 0x46, 0x41, 0x5f, 0x4d, 0x4f, 0x4e,
  0x45, 0x59, 0x5f, 0x42, 0x49, 0x4c, 0x4c, 0x5f, 0x54, 0x52, 0x41, 0x4e,
  0x53, 0x46, 0x45, 0x52, 0x20, 0x3d, 0x20, 0x22, 0x5c, 0x78, 0x65, 0x65,
  0x5c, 0x78, 0x39, 0x34, 0x5c, 0x78, 0x61, 0x38, 0x22, 0x09, 0x2d, 0x2d,
  0x20, 0x55, 0x2b, 0x65, 0x35, 0x32, 0x38, 0x0d, 0x0a, 0x49, 0x43, 0x4f,
  0x4e, 0x5f, 0x46, 0x41, 0x5f, 0x4d, 0x4f, 0x4e, 0x45, 0x59, 0x5f, 0x42,
  0x49, 0x4c, 0x4c, 0x5f, 0x54, 0x52, 0x45, 0x4e, 0x44, 0x5f, 0x55, 0x50,
  0x20, 0x3d, 0x20, 0x22, 0x5c, 0x78, 0x65, 0x65, 0x5c, 0x78, 0x39, 0x34,
  0x5c, 0x78, 0x61, 0x39, 0x22, 0x09, 0x2d, 0x2d, 0x20, 0x55, 0x2b, 0x65,
  0x35, 0x32, 0x39, 0x0d, 0x0a, 0x49, 0x43, 0x4f, 0x4e, 0x5f, 0x46, 0x41,
  0x5f, 0x4d, 0x4f, 0x4e, 0x45, 0x59, 0x5f, 0x42, 0x49, 0x4c, 0x4c, 0x5f,
  0x57, 0x41, 0x56, 0x45, 0x20, 0x3d, 0x20, 0x22, 0x5c, 0x78, 0x65, 0x66,
  0x5c, 0x78, 0x39, 0x34, 0x5c, 0x78, 0x62, 0x61, 0x22, 0x09, 0x2d, 0x2d,
  0x20, 0x55, 0x2b, 0x66, 0x35, 0x33, 0x61, 0x0d, 0x0a, 0x49, 0x43, 0x4f,
  0x4e, 0x5f, 0x46, 0x41, 0x5f, 0x4d, 0x4f, 0x4e, 0x45, 0x59, 0x5f, 0x42,
  0x49, 0x4c, 0x4c, 0x5f, 0x57, 0x48, 0x45, 0x41, 0x54, 0x20, 0x3d, 0x20,
  0x22, 0x5c, 0x78, 0x65, 0x65, 0x5c, 0x78, 0x39, 0x34, 0x5c, 0x78, 0x61,
  0x61, 0x22, 0x09, 0x2d, 0x2d, 0x20, 0x55, 0x2b, 0x65, 0x35, 0x32, 0x61,
  0x0d, 0x0a, 0x49, 0x43, 0x4f, 0x4e, 0x5f, 0x46, 0x41, 0x5f, 0x4d, 0x4f,
  0x4e, 0x45, 0x59, 0x5f, 0x42, 0x49, 0x4c, 0x4c, 0x53, 0x20, 0x3d, 0x20,
  0x22, 0x5c, 0x78, 0x65, 0x65, 0x5c, 0x78, 0x38, 0x37, 0x5c, 0x78, 0x62,
  0x33, 0x22, 0x09, 0x2d, 0x2d, 0x20, 0x55, 0x2b, 0x65, 0x31, 0x66, 0x33,
  0x0d, 0x0a, 0x49, 0x43, 0x4f, 0x4e, 0x5f, 0x46, 0x41, 0x5f, 0x4d, 0x4f,
  0x4e, 0x45, 0x59, 0x5f, 0x43, 0x48, 0x45, 0x43, 0x4b, 0x20, 0x3d, 0x20,
  0x22, 0x5c, 0x78, 0x65, 0x66, 0x5c, 0x78, 0x39, 0x34, 0x5c, 0x78, 0x62,
  0x63, 0x22, 0x09, 0x2d, 0x2d, 0x20, 0x55, 0x2b, 0x66, 0x35, 0x33, 0x63,
  0x0d, 0x0a, 0x49, 0x43, 0x4f, 0x4e, 0x5f, 0x46, 0x41, 0x5f, 0x4d, 0x4f,
  0x4e, 0x45, 0x59, 0x5f, 0x43, 0x48, 0x45, 0x43, 0x4b, 0x5f, 0x44, 0x4f,
  0x4c, 0x4c, 0x41, 0x52, 0x20, 0x3d, 0x20, 0x22, 0x5c, 0x78, 0x65, 0x66,
  0x5c, 0x78, 0x39, 0x34, 0x5c, 0x78, 0x62, 0x64, 0x22, 0x09, 0x2d, 0x2d,
  0x20, 0x55, 0x2b, 0x66, 0x35, 0x33, 0x64, 0x0d, 0x0a, 0x49, 0x43, 0x4f,
  0x4e, 0x5f, 0x46, 0x41, 0x5f, 0x4d, 0x4f, 0x4e, 0x55, 0x4d, 0x45, 0x4e,
  0x54, 0x20, 0x3d, 0x20, 0x22, 0x5c, 0x78, 0x65, 0x66, 0x5c, 0x78, 0x39,
  0x36, 0x5c, 0x78, 0x61, 0x36, 0x22, 0x09, 0x2d, 0x2d, 0x20, 0x55, 0x2b,
  0x66, 0x35, 0x61, 0x36, 0x0d, 0x0a, 0x49, 0x43, 0x4f, 0x4e, 0x5f, 0x46,
  0x41, 0x5f, 0x4d, 0x4f, 0x4f, 0x4e, 0x20, 0x3d, 0x20, 0x22, 0x5c, 0x78,
  0x65, 0x66, 0x5c, 0x78, 0x38, 0x36, 0x5c, 0x78, 0x38, 0x36, 0x22, 0x09,
  0x2d, 0x2d, 0x20, 0x55, 0x2b, 0x66, 0x31, 0x38, 0x36, 0x0d, 0x0a, 0x49,
  0x43, 0x4f, 0x4e, 0x5f, 0x46, 0x41, 0x5f, 0x4d, 0x4f, 0x52, 0x54, 0x41,
  0x52, 0x5f, 0x50, 0x45, 0x53, 0x54, 0x4c, 0x45, 0x20, 0x3d, 0x20, 0x22,
  0x5c, 0x78, 0x65, 0x66, 0x5c, 0x78, 0x39, 0x36, 0x5c, 0x78, 0x61, 0x37,
  0x22, 0x09, 0x2d, 0x2d, 0x20, 0x55, 0x2b, 0x66, 0x35, 0x61, 0x37, 0x0d,
  0x0a, 0x49, 0x43, 0x4f, 0x4e, 0x5f, 0x46, 0x41, 0x5f, 0x4d, 0x4f, 0x53,
  0x51, 0x55, 0x45, 0x20, 0x3d, 0x20, 0x22, 0x5c, 0x78, 0x65, 0x66, 0x5c,
  0x78, 0x39, 0x39, 0x5c, 0x78, 0x62, 0x38, 0x22, 0x09, 0x2d, 0x2d, 0x20,
  0x55, 0x2b, 0x66, 0x36, 0x37, 0x38, 0x0d, 0x0a, 0x49, 0x43, 0x4f, 0x4e,
  0x5f, 0x46, 0x41, 0x5f, 0x4d, 0x4f, 0x53, 0x51, 0x55, 0x49, 0x54, 0x4f,
  0x20, 0x3d, 0x20, 0x22, 0x5c, 0x78, 0x65, 0x65, 0x5c, 0x78, 0x39, 0x34,
  0x5c, 0x78, 0x61, 0x62, 0x22, 0x09, 0x2d, 0x2d, 0x20, 0x55, 0x2b, 0x65,
  0x35, 0x32, 0x62, 0x0d, 0x0a, 0x49, 0x43, 0x4f, 0x4e, 0x5f, 0x46, 0x41,
  0x5f, 0x4d, 0x4f, 0x53, 0x51, 0x55, 0x49, 0x54, 0x4f, 0x5f, 0x4e, 0x45,
  0x54, 0x20, 0x3d, 0x20, 0x22, 0x5c, 0x78, 0x65, 0x65, 0x5c, 0x78, 0x39,
  0x34, 0x5c, 0x78, 0x61, 0x63, 0x22, 0x09, 0x2d, 0x2d, 0x20, 0x55, 0x2b,
  0x65, 0x35, 0x32, 0x63, 0x0d, 0x0a, 0x49, 0x43, 0x4f, 0x4e, 0x5f, 0x46,
  0x41, 0x5f, 0x4d, 0x4f, 0x54, 0x4f, 0x52, 0x43, 0x59, 0x43, 0x4c, 0x45,
  0x20, 0x3d, 0x20, 0x22, 0x5c, 0x78, 0x65, 0x66, 0x5c, 0x78, 0x38, 0x38,
  0x5c, 0x78, 0x39, 0x63, 0x22, 0x09, 0x2d, 0x2d, 0x20, 0x55, 0x2b, 0x66,
  0x32, 0x31, 0x63, 0x0d, 0x0a, 0x49, 0x43, 0x4f, 0x4e, 0x5f, 0x46, 0x41,
  0x5f, 0x4d, 0x4f, 0x55, 0x4e, 0x44, 0x20, 0x3d, 0x20, 0x22, 0x5c, 0x78,
  0x65, 0x65, 0x5c, 0x78, 0x39, 0x34, 0x5c, 0x78, 0x61, 0x64, 0x22, 0x09,
  0x2d, 0x2d, 0x20, 0x55, 0x2b, 0x65, 0x35, 0x32, 0x64, 0x0d, 0x0a, 0x49,
  0x43, 0x4f, 0x4e, 0x5f, 0x46, 0x41, 0x5f, 0x4d, 0x4f, 0x55, 0x4e, 0x54,
  0x41, 0x49, 0x4e, 0x20, 0x3d, 0x20, 0x22, 0x5c, 0x78, 0x65, 0x66, 0x5c,
  0x78, 0x39, 0x62, 0x5c, 0x78, 0x62, 0x63, 0x22, 0x09, 0x2d, 0x2d, 0x20,
  0x55, 0x2b, 0x66, 0x36, 0x66, 0x63, 0x0d, 0x0a, 0x49, 0x43, 0x4f, 0x4e,
  0x5f, 0x46, 0x41, 0x5f, 0x4d, 0x4f, 0x55, 0x4e, 0x54, 0x41, 0x49, 0x4e,
  0x5f, 0x43, 0x49, 0x54, 0x59, 0x20, 0x3d, 0x20, 0x22, 0x5c, 0x78, 0x65,
  0x65, 0x5c, 0x78, 0x39, 0x34, 0x5c, 0x78, 0x61, 0x65, 0x22, 0x09, 0x2d,
  0x2d, 0x20, 0x55, 0x2b, 0x65, 0x35, 0x32, 0x65, 0x0d, 0x0a, 0x49, 0x43,
  0x4f, 0x4e, 0x5f, 0x46, 0x41, 0x5f, 0x4d, 0x4f, 0x55, 0x4e, 0x54, 0x41,
  0x49, 0x4e, 0x5f, 0x53, 0x55, 0x4e, 0x20, 0x3d, 0x20, 0x22, 0x5c, 0x78,
  0x65, 0x65, 0x5c, 0x78, 0x39, 0x34, 0x5c, 0x78, 0x61, 0x66, 0x22, 0x09,
  0x2d, 0x2d, 0x20, 0x55, 0x2b, 0x65, 0x35, 0x32, 0x66, 0x0d, 0x0a, 0x49,
  0x43, 0x4f, 0x4e, 0x5f, 0x46, 0x41, 0x5f, 0x4d, 0x55, 0x47, 0x5f, 0x48,
  0x4f, 0x54, 0x20, 0x3d, 0x20, 0x22, 0x5c, 0x78, 0x65, 0x66, 0x5c, 0x78,
  0x39, 0x65, 0x5c, 0x78, 0x62, 0x36, 0x22, 0x09, 0x2d, 0x2d, 0x20, 0x55,
  0x2b, 0x66, 0x37, 0x62, 0x36, 0x0d, 0x0a, 0x49, 0x43, 0x4f, 0x4e, 0x5f,
  0x46, 0x41, 0x5f, 0x4d, 0x55, 0x47, 0x5f, 0x53, 0x41, 0x55, 0x43, 0x45,
  0x52, 0x20, 0x3d, 0x20, 0x22, 0x5c, 0x78, 0x65, 0x66, 0x5c, 0x78, 0x38,
  0x33, 0x5c, 0x78, 0x62, 0x34, 0x22, 0x09, 0x2d, 0x2d, 0x20, 0x55, 0x2b,
  0x66, 0x30, 0x66, 0x34, 0x0d, 0x0a, 0x49, 0x43, 0x4f, 0x4e, 0x5f, 0x46,
  0x41, 0x5f, 0x4d, 0x55, 0x53, 0x49, 0x43, 0x20, 0x3d, 0x20, 0x22, 0x5c,
  0x78, 0x65, 0x66, 0x5c, 0x78, 0x38, 0x30, 0x5c, 0x78, 0x38, 0x31, 0x22,
  0x09, 0x2d, 0x2d, 0x20, 0x55, 0x2b, 0x66, 0x30, 0x30, 0x31, 0x0d, 0x0a,
  0x49, 0x43, 0x4f, 0x4e, 0x5f, 0x46, 0x41, 0x5f, 0x4e, 0x20, 0x3d, 0x20,
  0x22, 0x4e, 0x22, 0x09, 0x2d, 0x2d, 0x20, 0x55, 0x2b, 0x30, 0x30, 0x34,
  0x65, 0x0d, 0x0a, 0x49, 0x43, 0x4f, 0x4e, 0x5f, 0x46, 0x41, 0x5f, 0x4e,
  0x41, 0x49, 0x52, 0x41, 0x5f, 0x53, 0x49, 0x47, 0x4e, 0x20, 0x3d, 0x20,
  0x22, 0x5c, 0x78, 0x65, 0x65, 0x5c, 0x78, 0x38, 0x37, 0x5c, 0x78, 0x62,
  0x36, 0x22, 0x09, 0x2d, 0x2d, 0x20, 0x55, 0x2b, 0x65, 0x31, 0x66, 0x36,
  0x0d, 0x0a, 0x49, 0x43, 0x4f, 0x4e, 0x5f, 0x46, 0x41, 0x5f, 0x4e, 0x45,
  0x54, 0x57, 0x4f, 0x52, 0x4b, 0x5f, 0x57, 0x49, 0x52, 0x45, 0x44, 0x20,
  0x3d, 0x20, 0x22, 0x5c, 0x78, 0x65, 0x66, 0x5c, 0x78, 0x39, 0x62, 0x5c,
  0x78, 0x62, 0x66, 0x22, 0x09, 0x2d, 0x2d, 0x20, 0x55, 0x2b, 0x66, 0x36,
  0x66, 0x66, 0x0d, 0x0a, 0x49, 0x43, 0x4f, 0x4e, 0x5f, 0x46, 0x41, 0x5f,
  0x4e, 0x45, 0x55, 0x54, 0x45, 0x52, 0x20, 0x3d, 0x20, 0x22, 0x5c, 0x78,
  0x65, 0x66, 0x5c, 0x78, 0x38, 0x38, 0x5c, 0x78, 0x61, 0x63, 0x22, 0x09,
  0x2d, 0x2d, 0x20, 0x55, 0x2b, 0x66, 0x32, 0x32, 0x63, 0x0d, 0x0a, 0x49,
  0x43, 0x4f, 0x4e, 0x5f, 0x46, 0x41, 0x5f, 0x4e, 0x45, 0x57, 0x53, 0x50,
  0x41, 0x50, 0x45, 0x52, 0x20, 0x3d, 0x20, 0x22, 0x5c, 0x78, 0x65, 0x66,
  0x5c, 0x78, 0x38, 0x37, 0x5c, 0x78, 0x61, 0x61, 0x22, 0x09, 0x2d, 0x2d,
  0x20, 0x55, 0x2b, 0x66, 0x31, 0x65, 0x61, 0x0d, 0x0a, 0x49, 0x43, 0x4f,
  0x4e, 0x5f, 0x46, 0x41, 0x5f, 0x4e, 0x4f, 0x4e, 0x5f, 0x42, 0x49, 0x4e,
  0x41, 0x52, 0x59, 0x20, 0x3d, 0x20, 0x22, 0x5c, 0x78, 0x65, 0x65, 0x5c,
  0x78, 0x61, 0x30, 0x5c, 0x78, 0x38, 0x37, 0x22, 0x09, 0x2d, 0x2d, 0x20,
  0x55, 0x2b, 0x65, 0x38, 0x30, 0x37, 0x0d, 0x0a, 0x49, 0x43, 0x4f, 0x4e,
  0x5f, 0x46, 0x41, 0x5f, 0x4e, 0x4f, 0x54, 0x5f, 0x45, 0x51, 0x55, 0x41,
  0x4c, 0x20, 0x3d, 0x20, 0x22, 0x5c, 0x78, 0x65, 0x66, 0x5c, 0x78, 0x39,
  0x34, 0x5c, 0x78, 0x62, 0x65, 0x22, 0x09, 0x2d, 0x2d, 0x20, 0x55, 0x2b,
  0x66, 0x35, 0x33, 0x65, 0x0d, 0x0a, 0x49, 0x43, 0x4f, 0x4e, 0x5f, 0x46,
  0x41, 0x5f, 0x4e, 0x4f, 0x54, 0x44, 0x45, 0x46, 0x20, 0x3d, 0x20, 0x22,
  0x5c, 0x78, 0x65, 0x65, 0x5c, 0x78, 0x38, 0x37, 0x5c, 0x78, 0x62, 0x65,
  0x22, 0x09, 0x2d, 0x2d, 0x20, 0x55, 0x2b, 0x65, 0x31, 0x66, 0x65, 0x0d,
  0x0a, 0x49, 0x43, 0x4f, 0x4e, 0x5f, 0x46, 0x41, 0x5f, 0x4e, 0x4f, 0x54,
  0x45, 0x5f, 0x53, 0x54, 0x49, 0x43, 0x4b, 0x59, 0x20, 0x3d, 0x20, 0x22,
  0x5c, 0x78, 0x65, 0x66, 0x5c, 0x78, 0x38, 0x39, 0x5c, 0x78, 0x38, 0x39,
  0x22, 0x09, 0x2d, 0x2d, 0x20, 0x55, 0x2b, 0x66, 0x32, 0x34, 0x39, 0x0d,
  0x0a, 0x49, 0x43, 0x4f, 0x4e, 0x5f, 0x46, 0x41, 0x5f, 0x4e, 0x4f, 0x54,
  0x45, 0x53, 0x5f, 0x4d, 0x45, 0x44, 0x49, 0x43, 0x41, 0x4c, 0x20, 0x3d,
  0x20, 0x22, 0x5c, 0x78, 0x65, 0x66, 0x5c, 0x78, 0x39, 0x32, 0x5c, 0x78,
  0x38, 0x31, 0x22, 0x09, 0x2d, 0x2d, 0x20, 0x55, 0x2b, 0x66, 0x34, 0x38,
  0x31, 0x0d, 0x0a, 0x49, 0x43, 0x4f, 0x4e, 0x5f, 0x46, 0x41, 0x5f, 0x4f,
  0x20, 0x3d, 0x20, 0x22, 0x4f, 0x22, 0x09, 0x2d, 0x2d, 0x20, 0x55, 0x2b,
  0x30, 0x30, 0x34, 0x66, 0x0d, 0x0a, 0x49, 0x43, 0x4f, 0x4e, 0x5f, 0x46,
  0x41, 0x5f, 0x4f, 0x42, 0x4a, 0x45, 0x43, 0x54, 0x5f, 0x47, 0x52, 0x4f,
  0x55, 0x50, 0x20, 0x3d, 0x20, 0x22, 0x5c, 0x78, 0x65, 0x66, 0x5c, 0x78,
  0x38, 0x39, 0x5c, 0x78, 0x38, 0x37, 0x22, 0x09, 0x2d, 0x2d, 0x20, 0x55,
  0x2b, 0x66, 0x32, 0x34, 0x37, 0x0d, 0x0a, 0x49, 0x43, 0x4f, 0x4e, 0x5f,
  0x46, 0x41, 0x5f, 0x4f, 0x42, 0x4a, 0x45, 0x43, 0x54, 0x5f, 0x55, 0x4e,
  0x47, 0x52, 0x4f, 0x55, 0x50, 0x20, 0x3d, 0x20, 0x22, 0x5c, 0x78, 0x65,
  0x66, 0x5c, 0x78, 0x38, 0x39, 0x5c, 0x78, 0x38, 0x38, 0x22, 0x09, 0x2d,
  0x2d, 0x20, 0x55, 0x2b, 0x66, 0x32, 0x34, 0x38, 0x0d, 0x0a, 0x49, 0x43,
  0x4f, 0x4e, 0x5f, 0x46, 0x41, 0x5f, 0x4f, 0x43, 0x54, 0x41, 0x47, 0x4f,
  0x4e, 0x20, 0x3d, 0x20, 0x22, 0x5c, 0x78, 0x65, 0x66, 0x5c, 0x78, 0x38,
  0x63, 0x5c, 0x78, 0x38, 0x36, 0x22, 0x09, 0x2d, 0x2d, 0x20, 0x55, 0x2b,
  0x66, 0x33, 0x30, 0x36, 0x0d, 0x0a, 0x49, 0x43, 0x4f, 0x4e, 0x5f, 0x46,
  0x41, 0x5f, 0x4f, 0x49, 0x4c, 0x5f, 0x43, 0x41, 0x4e, 0x20, 0x3d, 0x20,
  0x22, 0x5c, 0x78, 0x65, 0x66, 0x5c, 0x78, 0x39, 0x38, 0x5c, 0x78, 0x39,
  0x33, 0x22, 0x09, 0x2d, 0x2d, 0x20, 0x55, 0x2b, 0x66, 0x36, 0x31, 0x33,
  0x0d, 0x0a, 0x49, 0x43, 0x4f, 0x4e, 0x5f, 0x46, 0x41, 0x5f, 0x4f, 0x49,
  0x4c, 0x5f, 0x57, 0x45, 0x4c, 0x4c, 0x20, 0x3d, 0x20, 0x22, 0x5c, 0x78,
  0x65, 0x65, 0x5c, 0x78, 0x39, 0x34, 0x5c, 0x78, 0x62, 0x32, 0x22, 0x09,
  0x2d, 0x2d, 0x20, 0x55, 0x2b, 0x65, 0x35, 0x33, 0x32, 0x0d, 0x0a, 0x49,
  0x43, 0x4f, 0x4e, 0x5f, 0x46, 0x41, 0x5f, 0x4f, 0x4d, 0x20, 0x3d, 0x20,
  0x22, 0x5c, 0x78, 0x65, 0x66, 0x5c, 0x78, 0x39, 0x39, 0x5c, 0x78, 0x62,
  0x39, 0x22, 0x09, 0x2d, 0x2d, 0x20, 0x55, 0x2b, 0x66, 0x36, 0x37, 0x39,
  0x0d, 0x0a, 0x49, 0x43, 0x4f, 0x4e, 0x5f, 0x46, 0x41, 0x5f, 0x4f, 0x54,
  0x54, 0x45, 0x52, 0x20, 0x3d, 0x20, 0x22, 0x5c, 0x78, 0x65, 0x66, 0x5c,
  0x78, 0x39, 0x63, 0x5c, 0x78, 0x38, 0x30, 0x22, 0x09, 0x2d, 0x2d, 0x20,
  0x55, 0x2b, 0x66, 0x37, 0x30, 0x30, 0x0d, 0x0a, 0x49, 0x43, 0x4f, 0x4e,
  0x5f, 0x46, 0x41, 0x5f, 0x4f, 0x55, 0x54, 0x44, 0x45, 0x4e, 0x54, 0x20,
  0x3d, 0x20, 0x22, 0x5c, 0x78, 0x65, 0x66, 0x5c, 0x78, 0x38, 0x30, 0x5c,
  0x78, 0x62, 0x62, 0x22, 0x09, 0x2d, 0x2d, 0x20, 0x55, 0x2b, 0x66, 0x30,
  0x33, 0x62, 0x0d, 0x0a, 0x49, 0x43, 0x4f, 0x4e, 0x5f, 0x46, 0x41, 0x5f,
  0x50, 0x20, 0x3d, 0x20, 0x22, 0x50, 0x22, 0x09, 0x2d, 0x2d, 0x20, 0x55,
  0x2b, 0x30, 0x30, 0x35, 0x30, 0x0d, 0x0a, 0x49, 0x43, 0x4f, 0x4e, 0x5f,
  0x46, 0x41, 0x5f, 0x50, 0x41, 0x47, 0x45, 0x52, 0x20, 0x3d, 0x20, 0x22,
  0x5c, 0x78, 0x65, 0x66, 0x5c, 0x78, 0x61, 0x30, 0x5c, 0x78, 0x39, 0x35,
  0x22, 0x09, 0x2d, 0x2d, 0x20, 0x55, 0x2b, 0x66, 0x38, 0x31, 0x35, 0x0d,
  0x0a, 0x49, 0x43, 0x4f, 0x4e, 0x5f, 0x46, 0x41, 0x5f, 0x50, 0x41, 0x49,
  0x4e, 0x54, 0x5f, 0x52, 0x4f, 0x4c, 0x4c, 0x45, 0x52, 0x20, 0x3d, 0x20,
  0x22, 0x5c, 0x78, 0x65, 0x66, 0x5c, 0x78, 0x39, 0x36, 0x5c, 0x78, 0x61,
  0x61, 0x22, 0x09, 0x2d, 0x2d, 0x20, 0x55, 0x2b, 0x66, 0x35, 0x61, 0x61,
  0x0d, 0x0a, 0x49, 0x43, 0x4f, 0x4e, 0x5f, 0x46, 0x41, 0x5f, 0x50, 0x41,
  0x49, 0x4e, 0x54, 0x42, 0x52, 0x55, 0x53, 0x48, 0x20, 0x3d, 0x20, 0x22,
  0x5c, 0x78, 0x65, 0x66, 0x5c, 0x78, 0x38, 0x37, 0x5c, 0x78, 0x62, 0x63,
  0x22, 0x09, 0x2d, 0x2d, 0x20, 0x55, 0x2b, 0x66, 0x31, 0x66, 0x63, 0x0d,
  0x0a, 0x49, 0x43, 0x4f, 0x4e, 0x5f, 0x46, 0x41, 0x5f, 0x50, 0x41, 0x4c,
  0x45, 0x54, 0x54, 0x45, 0x20, 0x3d, 0x20, 0x22, 0x5c, 0x78, 0x65, 0x66,
  0x5c, 0x78, 0x39, 0x34, 0x5c, 0x78, 0x62, 0x66, 0x22, 0x09, 0x2d, 0x2d,
  0x20, 0x55, 0x2b, 0x66, 0x35, 0x33, 0x66, 0x0d, 0x0a, 0x49, 0x43, 0x4f,
  0x4e, 0x5f, 0x46, 0x41, 0x5f, 0x50, 0x41, 0x4c, 0x4c, 0x45, 0x54, 0x20,
  0x3d, 0x20, 0x22, 0x5c, 0x78, 0x65, 0x66, 0x5c, 0x78, 0x39, 0x32, 0x5c,
  0x78, 0x38, 0x32, 0x22, 0x09, 0x2d, 0x2d, 0x20, 0x55, 0x2b, 0x66, 0x34,
  0x38, 0x32, 0x0d, 0x0a, 0x49, 0x43, 0x4f, 0x4e, 0x5f, 0x46, 0x41, 0x5f,
  0x50, 0x41, 0x4e, 0x4f, 0x52, 0x41, 0x4d, 0x41, 0x20, 0x3d, 0x20, 0x22,
  0x5c, 0x78, 0x65, 0x65, 0x5c, 0x78, 0x38, 0x38, 0x5c, 0x78, 0x38, 0x39,
  0x22, 0x09, 0x2d, 0x2d, 0x20, 0x55, 0x2b, 0x65, 0x32, 0x30, 0x39, 0x0d,
  0x0a, 0x49, 0x43, 0x4f, 0x4e, 0x5f, 0x46, 0x41, 0x5f, 0x50, 0x41, 0x50,
  0x45, 0x52, 0x5f, 0x50, 0x4c, 0x41, 0x4e, 0x45, 0x20, 0x3d, 0x20, 0x22,
  0x5c, 0x78, 0x65, 0x66, 0x5c, 0x78, 0x38, 0x37, 0x5c, 0x78, 0x39, 0x38,
  0x22, 0x09, 0x2d, 0x2d, 0x20, 0x55, 0x2b, 0x66, 0x31, 0x64, 0x38, 0x0d,
  0x0a, 0x49, 0x43, 0x4f, 0x4e, 0x5f, 0x46, 0x41, 0x5f, 0x50, 0x41, 0x50,
  0x45, 0x52, 0x43, 0x4c, 0x49, 0x50, 0x20, 0x3d, 0x20, 0x22, 0x5c, 0x78,
  0x65, 0x66, 0x5c, 0x78, 0x38, 0x33, 0x5c, 0x78, 0x38, 0x36, 0x22, 0x09,
  0x2d, 0x2d, 0x20, 0x55, 0x2b, 0x66, 0x30, 0x63, 0x36, 0x0d, 0x0a, 0x49,
  0x43, 0x4f, 0x4e, 0x5f, 0x46, 0x41, 0x5f, 0x50, 0x41, 0x52, 0x41, 0x43,
  0x48, 0x55, 0x54, 0x45, 0x5f, 0x42, 0x4f, 0x58, 0x20, 0x3d, 0x20, 0x22,
  0x5c, 0x78, 0x65, 0x66, 0x5c, 0x78, 0x39, 0x33, 0x5c, 0x78, 0x38, 0x64,
  0x22, 0x09, 0x2d, 0x2d, 0x20, 0x55, 0x2b, 0x66, 0x34, 0x63, 0x64, 0x0d,
  0x0a, 0x49, 0x43, 0x4f, 0x4e, 0x5f, 0x46, 0x41, 0x5f, 0x50, 0x41, 0x52,
  0x41, 0x47, 0x52, 0x41, 0x50, 0x48, 0x20, 0x3d, 0x20, 0x22, 0x5c, 0x78,
  0x65, 0x66, 0x5c, 0x78, 0x38, 0x37, 0x5c, 0x78, 0x39, 0x64, 0x22, 0x09,
  0x2d, 0x2d, 0x20, 0x55, 0x2b, 0x66, 0x31, 0x64, 0x64, 0x0d, 0x0a, 0x49,
  0x43, 0x4f, 0x4e, 0x5f, 0x46, 0x41, 0x5f, 0x50, 0x41, 0x53, 0x53, 0x50,
  0x4f, 0x52, 0x54, 0x20, 0x3d, 0x20, 0x22, 0x5c, 0x78, 0x65, 0x66, 0x5c,
  0x78, 0x39, 0x36, 0x5c, 0x78, 0x61, 0x62, 0x22, 0x09, 0x2d, 0x2d, 0x20,
  0x55, 0x2b, 0x66, 0x35, 0x61, 0x62, 0x0d, 0x0a, 0x49, 0x43, 0x4f, 0x4e,
  0x5f, 0x46, 0x41, 0x5f, 0x50, 0x41, 0x53, 0x54, 0x45, 0x20, 0x3d, 0x20,
  0x22, 0x5c, 0x78, 0x65, 0x66, 0x5c, 0x78, 0x38, 0x33, 0x5c, 0x78, 0x61,
  0x61, 0x22, 0x09, 0x2d, 0x2d, 0x20, 0x55, 0x2b, 0x66, 0x30, 0x65, 0x61,
  0x0d, 0x0a, 0x49, 0x43, 0x4f, 0x4e, 0x5f, 0x46, 0x41, 0x5f, 0x50, 0x41,
  0x55, 0x53, 0x45, 0x20, 0x3d, 0x20, 0x22, 0x5c, 0x78, 0x65, 0x66, 0x5c,
  0x78, 0x38, 0x31, 0x5c, 0x78, 0x38, 0x63, 0x22, 0x09, 0x2d, 0x2d, 0x20,
  0x55, 0x2b, 0x66, 0x30, 0x34, 0x63, 0x0d, 0x0a, 0x49, 0x43, 0x4f, 0x4e,
  0x5f, 0x46, 0x41, 0x5f, 0x50, 0x41, 0x57, 0x20, 0x3d, 0x20, 0x22, 0x5c,
  0x78, 0x65, 0x66, 0x5c, 0x78, 0x38, 0x36, 0x5c, 0x78, 0x62, 0x30, 0x22,
  0x09, 0x2d, 0x2d, 0x20, 0x55, 0x2b, 0x66, 0x31, 0x62, 0x30, 0x0d, 0x0a,
  0x49, 0x43, 0x4f, 0x4e, 0x5f, 0x46, 0x41, 0x5f, 0x50, 0x45, 0x41, 0x43,
  0x45, 0x20, 0x3d, 0x20, 0x22, 0x5c, 0x78, 0x65, 0x66, 0x5c, 0x78, 0x39,
  0x39, 0x5c, 0x78, 0x62, 0x63, 0x22, 0x09, 0x2d, 0x2d, 0x20, 0x55, 0x2b,
  0x66, 0x36, 0x37, 0x63, 0x0d, 0x0a, 0x49, 0x43, 0x4f, 0x4e, 0x5f, 0x46,
  0x41, 0x5f, 0x50, 0x45, 0x4e, 0x20, 0x3d, 0x20, 0x22, 0x5c, 0x78, 0x65,
  0x66, 0x5c, 0x78, 0x38, 0x63, 0x5c, 0x78, 0x38, 0x34, 0x22, 0x09, 0x2d,
  0x2d, 0x20, 0x55, 0x2b, 0x66, 0x33, 0x30, 0x34, 0x0d, 0x0a, 0x49, 0x43,
  0x4f, 0x4e, 0x5f, 0x46, 0x41, 0x5f, 0x50, 0x45, 0x4e, 0x5f, 0x43, 0x4c,
  0x49, 0x50, 0x20, 0x3d, 0x20, 0x22, 0x5c, 0x78, 0x65, 0x66, 0x5c, 0x78,
  0x38, 0x63, 0x5c, 0x78, 0x38, 0x35, 0x22, 0x09, 0x2d, 0x2d, 0x20, 0x55,
  0x2b, 0x66, 0x33, 0x30, 0x35, 0x0d, 0x0a, 0x49, 0x43, 0x4f, 0x4e, 0x5f,
  0x46, 0x41, 0x5f, 0x50, 0x45, 0x4e, 0x5f, 0x46, 0x41, 0x4e, 0x43, 0x59,
  0x20, 0x3d, 0x20, 0x22, 0x5c, 0x78, 0x65, 0x66, 0x5c, 0x78, 0x39, 0x36,
  0x5c, 0x78, 0x61, 0x63, 0x22, 0x09, 0x2d, 0x2d, 0x20, 0x55, 0x2b, 0x66,
  0x35, 0x61, 0x63, 0x0d, 0x0a, 0x49, 0x43, 0x4f, 0x4e, 0x5f, 0x46, 0x41,
  0x5f, 0x50, 0x45, 0x4e, 0x5f, 0x4e, 0x49, 0x42, 0x20, 0x3d, 0x20, 0x22,
  0x5c, 0x78, 0x65, 0x66, 0x5c, 0x78, 0x39, 0x36, 0x5c, 0x78, 0x61, 0x64,
  0x22, 0x09, 0x2d, 0x2d, 0x20, 0x55, 0x2b, 0x66, 0x35, 0x61, 0x64, 0x0d,
  0x0a, 0x49, 0x43, 0x4f, 0x4e, 0x5f, 0x46, 0x41, 0x5f, 0x50, 0x45, 0x4e,
  0x5f, 0x52, 0x55, 0x4c, 0x45, 0x52, 0x20, 0x3d, 0x20, 0x22, 0x5c, 0x78,
  0x65, 0x66, 0x5c, 0x78, 0x39, 0x36, 0x5c, 0x78, 0x61, 0x65, 0x22, 0x09,
  0x2d, 0x2d, 0x20, 0x55, 0x2b, 0x66, 0x35, 0x61, 0x65, 0x0d, 0x0a, 0x49,
  0x43, 0x4f, 0x4e, 0x5f, 0x46, 0x41, 0x5f, 0x50, 0x45, 0x4e, 0x5f, 0x54,
  0x4f, 0x5f, 0x53, 0x51, 0x55, 0x41, 0x52, 0x45, 0x20, 0x3d, 0x20, 0x22,
  0x5c, 0x78, 0x65, 0x66, 0x5c, 0x78, 0x38, 0x31, 0x5c, 0x78, 0x38, 0x34,
  0x22, 0x09, 0x2d, 0x2d, 0x20, 0x55, 0x2b, 0x66, 0x30, 0x34, 0x34, 0x0d,
  0x0a, 0x49, 0x43, 0x4f, 0x4e, 0x5f, 0x46, 0x41, 0x5f, 0x50, 0x45, 0x4e,
  0x43, 0x49, 0x4c, 0x20, 0x3d, 0x20, 0x22, 0x5c, 0x78, 0x65, 0x66, 0x5c,
  0x78, 0x38, 0x63, 0x5c, 0x78, 0x38, 0x33, 0x22, 0x09, 0x2d, 0x2d, 0x20,
  0x55, 0x2b, 0x66, 0x33, 0x30, 0x33, 0x0d, 0x0a, 0x49, 0x43, 0x4f, 0x4e,
  0x5f, 0x46, 0x41, 0x5f, 0x50, 0x45, 0x4e, 0x54, 0x41, 0x47, 0x4f, 0x4e,
  0x20, 0x3d, 0x20, 0x22, 0x5c, 0x78, 0x65, 0x65, 0x5c, 0x78, 0x39, 0x65,
  0x5c, 0x78, 0x39, 0x30, 0x22, 0x09, 0x2d, 0x2d, 0x20, 0x55, 0x2b, 0x65,
  0x37, 0x39, 0x30, 0x0d, 0x0a, 0x49, 0x43, 0x4f, 0x4e, 0x5f, 0x46, 0x41,
  0x5f, 0x50, 0x45, 0x4f, 0x50, 0x4c, 0x45, 0x5f, 0x41, 0x52, 0x52, 0x4f,
  0x57, 0x53, 0x20, 0x3d, 0x20, 0x22, 0x5c, 0x78, 0x65, 0x65, 0x5c, 0x78,
  0x38, 0x31, 0x5c, 0x78, 0x61, 0x38, 0x22, 0x09, 0x2d, 0x2d, 0x20, 0x55,
  0x2b, 0x65, 0x30, 0x36, 0x38, 0x0d, 0x0a, 0x49, 0x43, 0x4f, 0x4e, 0x5f,
  0x46, 0x41, 0x5f, 0x50, 0x45, 0x4f, 0x50, 0x4c, 0x45, 0x5f, 0x43, 0x41,
  0x52, 0x52, 0x59, 0x5f, 0x42, 0x4f, 0x58, 0x20, 0x3d, 0x20, 0x22, 0x5c,
  0x78, 0x65, 0x66, 0x5c, 0x78, 0x39, 0x33, 0x5c, 0x78, 0x38, 0x65, 0x22,
  0x09, 0x2d, 0x2d, 0x20, 0x55, 0x2b, 0x66, 0x34, 0x63, 0x65, 0x0d, 0x0a,
  0x49, 0x43, 0x4f, 0x4e, 0x5f, 0x46, 0x41, 0x5f, 0x50, 0x45, 0x4f, 0x50,
  0x4c, 0x45, 0x5f, 0x47, 0x52, 0x4f, 0x55, 0x50, 0x20, 0x3d, 0x20, 0x22,
  0x5c, 0x78, 0x65, 0x65, 0x5c, 0x78, 0x39, 0x34, 0x5c, 0x78, 0x62, 0x33,
  0x22, 0x09, 0x2d, 0x2d, 0x20, 0x55, 0x2b, 0x65, 0x35, 0x33, 0x33, 0x0d,
  0x0a, 0x49, 0x43, 0x4f, 0x4e, 0x5f, 0x46, 0x41, 0x5f, 0x50, 0x45, 0x4f,
  0x50, 0x4c, 0x45, 0x5f, 0x4c, 0x49, 0x4e, 0x45, 0x20, 0x3d, 0x20, 0x22,
  0x5c, 0x78, 0x65, 0x65, 0x5c, 0x78, 0x39, 0x34, 0x5c, 0x78, 0x62, 0x34,
  0x22, 0x09, 0x2d, 0x2d, 0x20, 0x55, 0x2b, 0x65, 0x35, 0x33, 0x34, 0x0d,
  0x0a, 0x49, 0x43, 0x4f, 0x4e, 0x5f, 0x46, 0x41, 0x5f, 0x50, 0x45, 0x4f,
  0x50, 0x4c, 0x45, 0x5f, 0x50, 0x55, 0x4c, 0x4c, 0x49, 0x4e, 0x47, 0x20,
  0x3d, 0x20, 0x22, 0x5c, 0x78, 0x65, 0x65, 0x5c, 0x78, 0x39, 0x34, 0x5c,
  0x78, 0x62, 0x35, 0x22, 0x09, 0x2d, 0x2d, 0x20, 0x55, 0x2b, 0x65, 0x35,
  0x33, 0x35, 0x0d, 0x0a, 0x49, 0x43, 0x4f, 0x4e, 0x5f, 0x46, 0x41, 0x5f,
  0x50, 0x45, 0x4f, 0x50, 0x4c, 0x45, 0x5f, 0x52, 0x4f, 0x42, 0x42, 0x45,
  0x52, 0x59, 0x20, 0x3d, 0x20, 0x22, 0x5c, 0x78, 0x65, 0x65, 0x5c, 0x78,
  0x39, 0x34, 0x5c, 0x78, 0x62, 0x36, 0x22, 0x09, 0x2d, 0x2d, 0x20, 0x55,
  0x2b, 0x65, 0x35, 0x33, 0x36, 0x0d, 0x0a, 0x49, 0x43, 0x4f, 0x4e, 0x5f,
  0x46, 0x41, 0x5f, 0x50, 0x45, 0x4f, 0x50, 0x4c, 0x45, 0x5f, 0x52, 0x4f,
  0x4f, 0x46, 0x20, 0x3d, 0x20, 0x22, 0x5c, 0x78, 0x65, 0x65, 0x5c, 0x78,
  0x39, 0x34, 0x5c, 0x78, 0x62, 0x37, 0x22, 0x09, 0x2d, 0x2d, 0x20, 0x55,
  0x2b, 0x65, 0x35, 0x33, 0x37, 0x0d, 0x0a, 0x49, 0x43, 0x4f, 0x4e, 0x5f,
  0x46, 0x41, 0x5f, 0x50, 0x45, 0x50, 0x50, 0x45, 0x52, 0x5f, 0x48, 0x4f,
  0x54, 0x20, 0x3d, 0x20, 0x22, 0x5c, 0x78, 0x65, 0x66, 0x5c, 0x78, 0x61,
  0x30, 0x5c, 0x78, 0x39, 0x36, 0x22, 0x09, 0x2d, 0x2d, 0x20, 0x55, 0x2b,
  0x66, 0x38, 0x31, 0x36, 0x0d, 0x0a, 0x49, 0x43, 0x4f, 0x4e, 0x5f, 0x46,
  0x41, 0x5f, 0x50, 0x45, 0x52, 0x43, 0x45, 0x4e, 0x54, 0x20, 0x3d, 0x20,
  0x22, 0x25, 0x22, 0x09, 0x2d, 0x2d, 0x20, 0x55, 0x2b, 0x30, 0x30, 0x32,
  0x35, 0x0d, 0x0a, 0x49, 0x43, 0x4f, 0x4e, 0x5f, 0x46, 0x41, 0x5f, 0x50,
  0x45, 0x52, 0x53, 0x4f, 0x4e, 0x20, 0x3d, 0x20, 0x22, 0x5c, 0x78, 0x65,
  0x66, 0x5c, 0x78, 0x38, 0x36, 0x5c, 0x78, 0x38, 0x33, 0x22, 0x09, 0x2d,
  0x2d, 0x20, 0x55, 0x2b, 0x66, 0x31, 0x38, 0x33, 0x0d, 0x0a, 0x49, 0x43,
  0x4f, 0x4e, 0x5f, 0x46, 0x41, 0x5f, 0x50, 0x45, 0x52, 0x53, 0x4f, 0x4e,
  0x5f, 0x41, 0x52, 0x52, 0x4f, 0x57, 0x5f, 0x44, 0x4f, 0x57, 0x4e, 0x5f,
  0x54, 0x4f, 0x5f, 0x4c, 0x49, 0x4e, 0x45, 0x20, 0x3d, 0x20, 0x22, 0x5c,
  0x78, 0x65, 0x65, 0x5c, 0x78, 0x39, 0x34, 0x5c, 0x78, 0x62, 0x38, 0x22,
  0x09, 0x2d, 0x2d, 0x20, 0x55, 0x2b, 0x65, 0x35, 0x33, 0x38, 0x0d, 0x0a,
  0x49, 0x43, 0x4f, 0x4e, 0x5f, 0x46, 0x41, 0x5f, 0x50, 0x45, 0x52, 0x53,
  0x4f, 0x4e, 0x5f, 0x41, 0x52, 0x52, 0x4f, 0x57, 0x5f, 0x55, 0x50, 0x5f,
  0x46, 0x52, 0x4f, 0x4d, 0x5f, 0x4c, 0x49, 0x4e, 0x45, 0x20, 0x3d, 0x20,
  0x22, 0x5c, 0x78, 0x65, 0x65, 0x5c, 0x78, 0x39, 0x34, 0x5c, 0x78, 0x62,
  0x39, 0x22, 0x09, 0x2d, 0x2d, 0x20, 0x55, 0x2b, 0x65, 0x35, 0x33, 0x39,
  0x0d, 0x0a, 0x49, 0x43, 0x4f, 0x4e, 0x5f, 0x46, 0x41, 0x5f, 0x50, 0x45,
  0x52, 0x53, 0x4f, 0x4e, 0x5f, 0x42, 0x49, 0x4b, 0x49, 0x4e, 0x47, 0x20,
  0x3d, 0x20, 0x22, 0x5c, 0x78, 0x65, 0x66, 0x5c, 0x78, 0x61, 0x31, 0x5c,
  0x78, 0x38, 0x61, 0x22, 0x09, 0x2d, 0x2d, 0x20, 0x55, 0x2b, 0x66, 0x38,
  0x34, 0x61, 0x0d, 0x0a, 0x49, 0x43, 0x4f, 0x4e, 0x5f, 0x46, 0x41, 0x5f,
  0x50, 0x45, 0x52, 0x53, 0x4f, 0x4e, 0x5f, 0x42, 0x4f, 0x4f, 0x54, 0x48,
  0x20, 0x3d, 0x20, 0x22, 0x5c, 0x78, 0x65, 0x66, 0x5c, 0x78, 0x39, 0x64,
  0x5c, 0x78, 0x39, 0x36, 0x22, 0x09, 0x2d, 0x2d, 0x20, 0x55, 0x2b, 0x66,
  0x37, 0x35, 0x36, 0x0d, 0x0a, 0x49, 0x43, 0x4f, 0x4e, 0x5f, 0x46, 0x41,
  0x5f, 0x50, 0x45, 0x52, 0x53, 0x4f, 0x4e, 0x5f, 0x42, 0x52, 0x45, 0x41,
  0x53, 0x54, 0x46, 0x45, 0x45, 0x44, 0x49, 0x4e, 0x47, 0x20, 0x3d, 0x20,
  0x22, 0x5c, 0x78, 0x65, 0x65, 0x5c, 0x78, 0x39, 0x34, 0x5c, 0x78, 0x62,
  0x61, 0x22, 0x09, 0x2d, 0x2d, 0x20, 0x55, 0x2b, 0x65, 0x35, 0x33, 0x61,
  0x0d, 0x0a, 0x49, 0x43, 0x4f, 0x4e, 0x5f, 0x46, 0x41, 0x5f, 0x50, 0x45,
  0x52, 0x53, 0x4f, 0x4e, 0x5f, 0x42, 0x55, 0x52, 0x53, 0x54, 0x20, 0x3d,
  0x20, 0x22, 0x5c, 0x78, 0x65, 0x65, 0x5c, 0x78, 0x39, 0x34, 0x5c, 0x78,
  0x62, 0x62, 0x22, 0x09, 0x2d, 0x2d, 0x20, 0x55, 0x2b, 0x65, 0x35, 0x33,
  0x62, 0x0d, 0x0a, 0x49, 0x43, 0x4f, 0x4e, 0x5f, 0x46, 0x41, 0x5f, 0x50,
  0x45, 0x52, 0x53, 0x4f, 0x4e, 0x5f, 0x43, 0x41, 0x4e, 0x45, 0x20, 0x3d,
  0x20, 0x22, 0x5c, 0x78, 0x65, 0x65, 0x5c, 0x78, 0x39, 0x34, 0x5c, 0x78,
  0x62, 0x63, 0x22, 0x09, 0x2d, 0x2d, 0x20, 0x55, 0x2b, 0x65, 0x35, 0x33,
  0x63, 0x0d, 0x0a, 0x49, 0x43, 0x4f, 0x4e, 0x5f, 0x46, 0x41, 0x5f, 0x50,
  0x45, 0x52, 0x53, 0x4f, 0x4e, 0x5f, 0x43, 0x48, 0x41, 0x4c, 0x4b, 0x42,
  0x4f, 0x41, 0x52, 0x44, 0x20, 0x3d, 0x20, 0x22, 0x5c, 0x78, 0x65, 0x65,
  0x5c, 0x78, 0x39, 0x34, 0x5c, 0x78, 0x62, 0x64, 0x22, 0x09, 0x2d, 0x2d,
  0x20, 0x55, 0x2b, 0x65, 0x35, 0x33, 0x64, 0x0d, 0x0a, 0x49, 0x43, 0x4f,
  0x4e, 0x5f, 0x46, 0x41, 0x5f, 0x50, 0x45, 0x52, 0x53, 0x4f, 0x4e, 0x5f,
  0x43, 0x49, 0x52, 0x43, 0x4c, 0x45, 0x5f, 0x43, 0x48, 0x45, 0x43, 0x4b,
  0x20, 0x3d, 0x20, 0x22, 0x5c, 0x78, 0x65, 0x65, 0x5c, 0x78, 0x39, 0x34,
  0x5c, 0x78, 0x62, 0x65, 0x22, 0x09, 0x2d, 0x2d, 0x20, 0x55, 0x2b, 0x65,
  0x35, 0x33, 0x65, 0x0d, 0x0a, 0x49, 0x43, 0x4f, 0x4e, 0x5f, 0x46, 0x41,
  0x5f, 0x50, 0x45, 0x52, 0x53, 0x4f, 0x4e, 0x5f, 0x43, 0x49, 0x52, 0x43,
  0x4c, 0x45, 0x5f, 0x45, 0x58, 0x43, 0x4c, 0x41, 0x4d, 0x41, 0x54, 0x49,
  0x4f, 0x4e, 0x20, 0x3d, 0x20, 0x22, 0x5c, 0x78, 0x65, 0x65, 0x5c, 0x78,
  0x39, 0x34, 0x5c, 0x78, 0x62, 0x66, 0x22, 0x09, 0x2d, 0x2d, 0x20, 0x55,
  0x2b, 0x65, 0x35, 0x33, 0x66, 0x0d, 0x0a, 0x49, 0x43, 0x4f, 0x4e, 0x5f,
  0x46, 0x41, 0x5f, 0x50, 0x45, 0x52, 0x53, 0x4f, 0x4e, 0x5f, 0x43, 0x49,
  0x52, 0x43, 0x4c, 0x45, 0x5f, 0x4d, 0x49, 0x4e, 0x55, 0x53, 0x20, 0x3d,
  0x20, 0x22, 0x5c, 0x78, 0x65, 0x65, 0x5c, 0x78, 0x39, 0x35, 0x5c, 0x78,
  0x38, 0x30, 0x22, 0x09, 0x2d, 0x2d, 0x20, 0x55, 0x2b, 0x65, 0x35, 0x34,
  0x30, 0x0d, 0x0a, 0x49, 0x43, 0x4f, 0x4e, 0x5f, 0x46, 0x41, 0x5f, 0x50,
  0x45, 0x52, 0x53, 0x4f, 0x4e, 0x5f, 0x43, 0x49, 0x52, 0x43, 0x4c, 0x45,
  0x5f, 0x50, 0x4c, 0x55, 0x53, 0x20, 0x3d, 0x20, 0x22, 0x5c, 0x78, 0x65,
  0x65, 0x5c, 0x78, 0x39, 0x35, 0x5c, 0x78, 0x38, 0x31, 0x22, 0x09, 0x2d,
  0x2d, 0x20, 0x55, 0x2b, 0x65, 0x35, 0x34, 0x31, 0x0d, 0x0a, 0x49, 0x43,
  0x4f, 0x4e, 0x5f, 0x46, 0x41, 0x5f, 0x50, 0x45, 0x52, 0x53, 0x4f, 0x4e,
  0x5f, 0x43, 0x49, 0x52, 0x43, 0x4c, 0x45, 0x5f, 0x51, 0x55, 0x45, 0x53,
  0x54, 0x49, 0x4f, 0x4e, 0x20, 0x3d, 0x20, 0x22, 0x5c, 0x78, 0x65, 0x65,
  0x5c, 0x78, 0x39, 0x35, 0x5c, 0x78, 0x38, 0x32, 0x22, 0x09, 0x2d, 0x2d,
  0x20, 0x55, 0x2b, 0x65, 0x35, 0x34, 0x32, 0x0d, 0x0a, 0x49, 0x43, 0x4f,
  0x4e, 0x5f, 0x46, 0x41, 0x5f, 0x50, 0x45, 0x52, 0x53, 0x4f, 0x4e, 0x5f,
  0x43, 0x49, 0x52, 0x43, 0x4c, 0x45, 0x5f, 0x58, 0x4d, 0x41, 0x52, 0x4b,
  0x20, 0x3d, 0x20, 0x22, 0x5c, 0x78, 0x65, 0x65, 0x5c, 0x78, 0x39, 0x35,
  0x5c, 0x78, 0x38, 0x33, 0x22, 0x09, 0x2d, 0x2d, 0x20, 0x55, 0x2b, 0x65,
  0x35, 0x34, 0x33, 0x0d, 0x0a, 0x49, 0x43, 0x4f, 0x4e, 0x5f, 0x46, 0x41,
  0x5f, 0x50, 0x45, 0x52, 0x53, 0x4f, 0x4e, 0x5f, 0x44, 0x49, 0x47, 0x47,
  0x49, 0x4e, 0x47, 0x20, 0x3d, 0x20, 0x22, 0x5c, 0x78, 0x65, 0x66, 0x5c,
  0x78, 0x61, 0x31, 0x5c, 0x78, 0x39, 0x65, 0x22, 0x09, 0x2d, 0x2d, 0x20,
  0x55, 0x2b, 0x66, 0x38, 0x35, 0x65, 0x0d, 0x0a, 0x49, 0x43, 0x4f, 0x4e,
  0x5f, 0x46, 0x41, 0x5f, 0x50, 0x45, 0x52, 0x53, 0x4f, 0x4e, 0x5f, 0x44,
  0x4f, 0x54, 0x53, 0x5f, 0x46, 0x52, 0x4f, 0x4d, 0x5f, 0x4c, 0x49, 0x4e,
  0x45, 0x20, 0x3d, 0x20, 0x22, 0x5c, 0x78, 0x65, 0x66, 0x5c, 0x78, 0x39,
  0x31, 0x5c, 0x78, 0x62, 0x30, 0x22, 0x09, 0x2d, 0x2d, 0x20, 0x55, 0x2b,
  0x66, 0x34, 0x37, 0x30, 0x0d, 0x0a, 0x49, 0x43, 0x4f, 0x4e, 0x5f, 0x46,
  0x41, 0x5f, 0x50, 0x45, 0x52, 0x53, 0x4f, 0x4e, 0x5f, 0x44, 0x52, 0x45,
  0x53, 0x53, 0x20, 0x3d, 0x20, 0x22, 0x5c, 0x78, 0x65, 0x66, 0x5c, 0x78,
  0x38, 0x36, 0x5c, 0x78, 0x38, 0x32, 0x22, 0x09, 0x2d, 0x2d, 0x20, 0x55,
  0x2b, 0x66, 0x31, 0x38, 0x32, 0x0d, 0x0a, 0x49, 0x43, 0x4f, 0x4e, 0x5f,
  0x46, 0x41, 0x5f, 0x50, 0x45, 0x52, 0x53, 0x4f, 0x4e, 0x5f, 0x44, 0x52,
  0x45, 0x53, 0x53, 0x5f, 0x42, 0x55, 0x52, 0x53, 0x54, 0x20, 0x3d, 0x20,
  0x22, 0x5c, 0x78, 0x65, 0x65, 0x5c, 0x78, 0x39, 0x35, 0x5c, 0x78, 0x38,
  0x34, 0x22, 0x09, 0x2d, 0x2d, 0x20, 0x55, 0x2b, 0x65, 0x35, 0x34, 0x34,
  0x0d, 0x0a, 0x49, 0x43, 0x4f, 0x4e, 0x5f, 0x46, 0x41, 0x5f, 0x50, 0x45,
  0x52, 0x53, 0x4f, 0x4e, 0x5f, 0x44, 0x52, 0x4f, 0x57, 0x4e, 0x49, 0x4e,
  0x47, 0x20, 0x3d, 0x20, 0x22, 0x5c, 0x78, 0x65, 0x65, 0x5c, 0x78, 0x39,
  0x35, 0x5c, 0x78, 0x38, 0x35, 0x22, 0x09, 0x2d, 0x2d, 0x20, 0x55, 0x2b,
  0x65, 0x35, 0x34, 0x35, 0x0d, 0x0a, 0x49, 0x43, 0x4f, 0x4e, 0x5f, 0x46,
  0x41, 0x5f, 0x50, 0x45, 0x52, 0x53, 0x4f, 0x4e, 0x5f, 0x46, 0x41, 0x4c,
  0x4c, 0x49, 0x4e, 0x47, 0x20, 0x3d, 0x20, 0x22, 0x5c, 0x78, 0x65, 0x65,
  0x5c, 0x78, 0x39, 0x35, 0x5c, 0x78, 0x38, 0x36, 0x22, 0x09, 0x2d, 0x2d,
  0x20, 0x55, 0x2b, 0x65, 0x35, 0x34, 0x36, 0x0d, 0x0a, 0x49, 0x43, 0x4f,
  0x4e, 0x5f, 0x46, 0x41, 0x5f, 0x50, 0x45, 0x52, 0x53, 0x4f, 0x4e, 0x5f,
  0x46, 0x41, 0x4c, 0x4c, 0x49, 0x4e, 0x47, 0x5f, 0x42, 0x55, 0x52, 0x53,
  0x54, 0x20, 0x3d, 0x20, 0x22, 0x5c, 0x78, 0x65, 0x65, 0x5c, 0x78, 0x39,
  0x35, 0x5c, 0x78, 0x38, 0x37, 0x22, 0x09, 0x2d, 0x2d, 0x20, 0x55, 0x2b,
  0x65, 0x35, 0x34, 0x37, 0x0d, 0x0a, 0x49, 0x43, 0x4f, 0x4e, 0x5f, 0x46,
  0x41, 0x5f, 0x50, 0x45, 0x52, 0x53, 0x4f, 0x4e, 0x5f, 0x48, 0x41, 0x4c,
  0x46, 0x5f, 0x44, 0x52, 0x45, 0x53, 0x53, 0x20, 0x3d, 0x20, 0x22, 0x5c,
  0x78, 0x65, 0x65, 0x5c, 0x78, 0x39, 0x35, 0x5c, 0x78, 0x38, 0x38, 0x22,
  0x09, 0x2d, 0x2d, 0x20, 0x55, 0x2b, 0x65, 0x35, 0x34, 0x38, 0x0d, 0x0a,
  0x49, 0x43, 0x4f, 0x4e, 0x5f, 0x46, 0x41, 0x5f, 0x50, 0x45, 0x52, 0x53,
  0x4f, 0x4e, 0x5f, 0x48, 0x41, 0x52, 0x41, 0x53, 0x53, 0x49, 0x4e, 0x47,
  0x20, 0x3d, 0x20, 0x22, 0x5c, 0x78, 0x65, 0x65, 0x5c, 0x78, 0x39, 0x35,
  0x5c, 0x78, 0x38, 0x39, 0x22, 0x09, 0x2d, 0x2d, 0x20, 0x55, 0x2b, 0x65,
  0x35, 0x34, 0x39, 0x0d, 0x0a, 0x49, 0x43, 0x4f, 0x4e, 0x5f, 0x46, 0x41,
  0x5f, 0x50, 0x45, 0x52, 0x53, 0x4f, 0x4e, 0x5f, 0x48, 0x49, 0x4b, 0x49,
  0x4e, 0x47, 0x20, 0x3d, 0x20, 0x22, 0x5c, 0x78, 0x65, 0x66, 0x5c, 0x78,
  0x39, 0x62, 0x5c, 0x78, 0x61, 0x63, 0x22, 0x09, 0x2d, 0x2d, 0x20, 0x55,
  0x2b, 0x66, 0x36, 0x65, 0x63, 0x0d, 0x0a, 0x49, 0x43, 0x4f, 0x4e, 0x5f,
  0x46, 0x41, 0x5f, 0x50, 0x45, 0x52, 0x53, 0x4f, 0x4e, 0x5f, 0x4d, 0x49,
  0x4c, 0x49, 0x54, 0x41, 0x52, 0x59, 0x5f, 0x50, 0x4f, 0x49, 0x4e, 0x54,
  0x49, 0x4e, 0x47, 0x20, 0x3d, 0x20, 0x22, 0x5c, 0x78, 0x65, 0x65, 0x5c,
  0x78, 0x39, 0x35, 0x5c, 0x78, 0x38, 0x61, 0x22, 0x09, 0x2d, 0x2d, 0x20,
  0x55, 0x2b, 0x65, 0x35, 0x34, 0x61, 0x0d, 0x0a, 0x49, 0x43, 0x4f, 0x4e,
  0x5f, 0x46, 0x41, 0x5f, 0x50, 0x45, 0x52, 0x53, 0x4f, 0x4e, 0x5f, 0x4d,
  0x49, 0x4c, 0x49, 0x54, 0x41, 0x52, 0x59, 0x5f, 0x52, 0x49, 0x46, 0x4c,
  0x45, 0x20, 0x3d, 0x20, 0x22, 0x5c, 0x78, 0x65, 0x65, 0x5c, 0x78, 0x39,
  0x35, 0x5c, 0x78, 0x38, 0x62, 0x22, 0x09, 0x2d, 0x2d, 0x20, 0x55, 0x2b,
  0x65, 0x35, 0x34, 0x62, 0x0d, 0x0a, 0x49, 0x43, 0x4f, 0x4e, 0x5f, 0x46,
  0x41, 0x5f, 0x50, 0x45, 0x52, 0x53, 0x4f, 0x4e, 0x5f, 0x4d, 0x49, 0x4c,
  0x49, 0x54, 0x41, 0x52, 0x59, 0x5f, 0x54, 0x4f, 0x5f, 0x50, 0x45, 0x52,
  0x53, 0x4f, 0x4e, 0x20, 0x3d, 0x20, 0x22, 0x5c, 0x78, 0x65, 0x65, 0x5c,
  0x78, 0x39, 0x35, 0x5c, 0x78, 0x38, 0x63, 0x22, 0x09, 0x2d, 0x2d, 0x20,
  0x55, 0x2b, 0x65, 0x35, 0x34, 0x63, 0x0d, 0x0a, 0x49, 0x43, 0x4f, 0x4e,
  0x5f, 0x46, 0x41, 0x5f, 0x50, 0x45, 0x52, 0x53, 0x4f, 0x4e, 0x5f, 0x50,
  0x52, 0x41, 0x59, 0x49, 0x4e, 0x47, 0x20, 0x3d, 0x20, 0x22, 0x5c, 0x78,
  0x65, 0x66, 0x5c, 0x78, 0x39, 0x61, 0x5c, 0x78, 0x38, 0x33, 0x22, 0x09,
  0x2d, 0x2d, 0x20, 0x55, 0x2b, 0x66, 0x36, 0x38, 0x33, 0x0d, 0x0a, 0x49,
  0x43, 0x4f, 0x4e, 0x5f, 0x46, 0x41, 0x5f, 0x50, 0x45, 0x52, 0x53, 0x4f,
  0x4e, 0x5f, 0x50, 0x52, 0x45, 0x47, 0x4e, 0x41, 0x4e, 0x54, 0x20, 0x3d,
  0x20, 0x22, 0x5c, 0x78, 0x65, 0x65, 0x5c, 0x78, 0x38, 0x63, 0x5c, 0x78,
  0x39, 0x65, 0x22, 0x09, 0x2d, 0x2d, 0x20, 0x55, 0x2b, 0x65, 0x33, 0x31,
  0x65, 0x0d, 0x0a, 0x49, 0x43, 0x4f, 0x4e, 0x5f, 0x46, 0x41, 0x5f, 0x50,
  0x45, 0x52, 0x53, 0x4f, 0x4e, 0x5f, 0x52, 0x41, 0x59, 0x53, 0x20, 0x3d,
  0x20, 0x22, 0x5c, 0x78, 0x65, 0x65, 0x5c, 0x78, 0x39, 0x35, 0x5c, 0x78,
  0x38, 0x64, 0x22, 0x09, 0x2d, 0x2d, 0x20, 0x55, 0x2b, 0x65, 0x35, 0x34,
  0x64, 0x0d, 0x0a, 0x49, 0x43, 0x4f, 0x4e, 0x5f, 0x46, 0x41, 0x5f, 0x50,
  0x45, 0x52, 0x53, 0x4f, 0x4e, 0x5f, 0x52, 0x49, 0x46, 0x4c, 0x45, 0x20,
  0x3d, 0x20, 0x22, 0x5c, 0x78, 0x65, 0x65, 0x5c, 0x78, 0x39, 0x35, 0x5c,
  0x78, 0x38, 0x65, 0x22, 0x09, 0x2d, 0x2d, 0x20, 0x55, 0x2b, 0x65, 0x35,
  0x34, 0x65, 0x0d, 0x0a, 0x49, 0x43, 0x4f, 0x4e, 0x5f, 0x46, 0x41, 0x5f,
  0x50, 0x45, 0x52, 0x53, 0x4f, 0x4e, 0x5f, 0x52, 0x55, 0x4e, 0x4e, 0x49,
  0x4e, 0x47, 0x20, 0x3d, 0x20, 0x22, 0x5c, 0x78, 0x65, 0x66, 0x5c, 0x78,
  0x39, 0x63, 0x5c, 0x78, 0x38, 0x63, 0x22, 0x09, 0x2d, 0x2d, 0x20, 0x55,
  0x2b, 0x66, 0x37, 0x30, 0x63, 0x0d, 0x0a, 0x49, 0x43, 0x4f, 0x4e, 0x5f,
  0x46, 0x41, 0x5f, 0x50, 0x45, 0x52, 0x53, 0x4f, 0x4e, 0x5f, 0x53, 0x48,
  0x45, 0x4c, 0x54, 0x45, 0x52, 0x20, 0x3d, 0x20, 0x22, 0x5c, 0x78, 0x65,
  0x65, 0x5c, 0x78, 0x39, 0x35, 0x5c, 0x78, 0x38, 0x66, 0x22, 0x09, 0x2d,
  0x2d, 0x20, 0x55, 0x2b, 0x65, 0x35, 0x34, 0x66, 0x0d, 0x0a, 0x49, 0x43,
  0x4f, 0x4e, 0x5f, 0x46, 0x41, 0x5f, 0x50, 0x45, 0x52, 0x53, 0x4f, 0x4e,
  0x5f, 0x53, 0x4b, 0x41, 0x54, 0x49, 0x4e, 0x47, 0x20, 0x3d, 0x20, 0x22,
  0x5c, 0x78, 0x65, 0x66, 0x5c, 0x78, 0x39, 0x66, 0x5c, 0x78, 0x38, 0x35,
  0x22, 0x09, 0x2d, 0x2d, 0x20, 0x55, 0x2b, 0x66, 0x37, 0x63, 0x35, 0x0d,
  0x0a, 0x49, 0x43, 0x4f, 0x4e, 0x5f, 0x46, 0x41, 0x5f, 0x50, 0x45, 0x52,
  0x53, 0x4f, 0x4e, 0x5f, 0x53, 0x4b, 0x49, 0x49, 0x4e, 0x47, 0x20, 0x3d,
  0x20, 0x22, 0x5c, 0x78, 0x65, 0x66, 0x5c, 0x78, 0x39, 0x66, 0x5c, 0x78,
  0x38, 0x39, 0x22, 0x09, 0x2d, 0x2d, 0x20, 0x55, 0x2b, 0x66, 0x37, 0x63,
  0x39, 0x0d, 0x0a, 0x49, 0x43, 0x4f, 0x4e, 0x5f, 0x46, 0x41, 0x5f, 0x50,
  0x45, 0x52, 0x53, 0x4f, 0x4e, 0x5f, 0x53, 0x4b, 0x49, 0x49, 0x4e, 0x47,
  0x5f, 0x4e, 0x4f, 0x52, 0x44, 0x49, 0x43, 0x20, 0x3d, 0x20, 0x22, 0x5c,
  0x78, 0x65, 0x66, 0x5c, 0x78, 0x39, 0x66, 0x5c, 0x78, 0x38, 0x61, 0x22,
  0x09, 0x2d, 0x2d, 0x20, 0x55, 0x2b, 0x66, 0x37, 0x63, 0x61, 0x0d, 0x0a,
  0x49, 0x43, 0x4f, 0x4e, 0x5f, 0x46, 0x41, 0x5f, 0x50, 0x45, 0x52, 0x53,
  0x4f, 0x4e, 0x5f, 0x53, 0x4e, 0x4f, 0x57, 0x42, 0x4f, 0x41, 0x52, 0x44,
  0x49, 0x4e, 0x47, 0x20, 0x3d, 0x20, 0x22, 0x5c, 0x78, 0x65, 0x66, 0x5c,
  0x78, 0x39, 0x66, 0x5c, 0x78, 0x38, 0x65, 0x22, 0x09, 0x2d, 0x2d, 0x20,
  0x55, 0x2b, 0x66, 0x37, 0x63, 0x65, 0x0d, 0x0a, 0x49, 0x43, 0x4f, 0x4e,
  0x5f, 0x46, 0x41, 0x5f, 0x50, 0x45, 0x52, 0x53, 0x4f, 0x4e, 0x5f, 0x53,
  0x57, 0x49, 0x4d, 0x4d, 0x49, 0x4e, 0x47, 0x20, 0x3d, 0x20, 0x22, 0x5c,
  0x78, 0x65, 0x66, 0x5c, 0x78, 0x39, 0x37, 0x5c, 0x78, 0x38, 0x34, 0x22,
  0x09, 0x2d, 0x2d, 0x20, 0x55, 0x2b, 0x66, 0x35, 0x63, 0x34, 0x0d, 0x0a,
  0x49, 0x43, 0x4f, 0x4e, 0x5f, 0x46, 0x41, 0x5f, 0x50, 0x45, 0x52, 0x53,
  0x4f, 0x4e, 0x5f, 0x54, 0x48, 0x52, 0x4f, 0x55, 0x47, 0x48, 0x5f, 0x57,
  0x49, 0x4e, 0x44, 0x4f, 0x57, 0x20, 0x3d, 0x20, 0x22, 0x5c, 0x78, 0x65,
  0x65, 0x5c, 0x78, 0x39, 0x36, 0x5c, 0x78, 0x61, 0x39, 0x22, 0x09, 0x2d,
  0x2d, 0x20, 0x55, 0x2b, 0x65, 0x35, 0x61, 0x39, 0x0d, 0x0a, 0x49, 0x43,
  0x4f, 0x4e, 0x5f, 0x46, 0x41, 0x5f, 0x50, 0x45, 0x52, 0x53, 0x4f, 0x4e,
  0x5f, 0x57, 0x41, 0x4c, 0x4b, 0x49, 0x4e, 0x47, 0x20, 0x3d, 0x20, 0x22,
  0x5c, 0x78, 0x65, 0x66, 0x5c, 0x78, 0x39, 0x35, 0x5c, 0x78, 0x39, 0x34,
  0x22, 0x09, 0x2d, 0x2d, 0x20, 0x55, 0x2b, 0x66, 0x35, 0x35, 0x34, 0x0d,
  0x0a, 0x49, 0x43, 0x4f, 0x4e, 0x5f, 0x46, 0x41, 0x5f, 0x50, 0x45, 0x52,
  0x53, 0x4f, 0x4e, 0x5f, 0x57, 0x41, 0x4c, 0x4b, 0x49, 0x4e, 0x47, 0x5f,
  0x41, 0x52, 0x52, 0x4f, 0x57, 0x5f, 0x4c, 0x4f, 0x4f, 0x50, 0x5f, 0x4c,
  0x45, 0x46, 0x54, 0x20, 0x3d, 0x20, 0x22, 0x5c, 0x78, 0x65, 0x65, 0x5c,
  0x78, 0x39, 0x35, 0x5c, 0x78, 0x39, 0x31, 0x22, 0x09, 0x2d, 0x2d, 0x20,
  0x55, 0x2b, 0x65, 0x35, 0x35, 0x31, 0x0d, 0x0a, 0x49, 0x43, 0x4f, 0x4e,
  0x5f, 0x46, 0x41, 0x5f, 0x50, 0x45, 0x52, 0x53, 0x4f, 0x4e, 0x5f, 0x57,
  0x41, 0x4c, 0x4b, 0x49, 0x4e, 0x47, 0x5f, 0x41, 0x52, 0x52, 0x4f, 0x57,
  0x5f, 0x52, 0x49, 0x47, 0x48, 0x54, 0x20, 0x3d, 0x20, 0x22, 0x5c, 0x78,
  0x65, 0x65, 0x5c, 0x78, 0x39, 0x35, 0x5c, 0x78, 0x39, 0x32, 0x22, 0x09,
  0x2d, 0x2d, 0x20, 0x55, 0x2b, 0x65, 0x35, 0x35, 0x32, 0x0d, 0x0a, 0x49,
  0x43, 0x4f, 0x4e, 0x5f, 0x46, 0x41, 0x5f, 0x50, 0x45, 0x52, 0x53, 0x4f,
  0x4e, 0x5f, 0x57, 0x41, 0x4c, 0x4b, 0x49, 0x4e, 0x47, 0x5f, 0x44, 0x41,
  0x53, 0x48, 0x45, 0x44, 0x5f, 0x4c, 0x49, 0x4e, 0x45, 0x5f, 0x41, 0x52,
  0x52, 0x4f, 0x57, 0x5f, 0x52, 0x49, 0x47, 0x48, 0x54, 0x20, 0x3d, 0x20,
  0x22, 0x5c, 0x78, 0x65, 0x65, 0x5c, 0x78, 0x39, 0x35, 0x5c, 0x78, 0x39,
  0x33, 0x22, 0x09, 0x2d, 0x2d, 0x20, 0x55, 0x2b, 0x65, 0x35, 0x35, 0x33,
  0x0d, 0x0a, 0x49, 0x43, 0x4f, 0x4e, 0x5f, 0x46, 0x41, 0x5f, 0x50, 0x45,
  0x52, 0x53, 0x4f, 0x4e, 0x5f, 0x57, 0x41, 0x4c, 0x4b, 0x49, 0x4e, 0x47,
  0x5f, 0x4c, 0x55, 0x47, 0x47, 0x41, 0x47, 0x45, 0x20, 0x3d, 0x20, 0x22,
  0x5c, 0x78, 0x65, 0x65, 0x5c, 0x78, 0x39, 0x35, 0x5c, 0x78, 0x39, 0x34,
  0x22, 0x09, 0x2d, 0x2d, 0x20, 0x55, 0x2b, 0x65, 0x35, 0x35, 0x34, 0x0d,
  0x0a, 0x49, 0x43, 0x4f, 0x4e, 0x5f, 0x46, 0x41, 0x5f, 0x50, 0x45, 0x52,
  0x53, 0x4f, 0x4e, 0x5f, 0x57, 0x41, 0x4c, 0x4b, 0x49, 0x4e, 0x47, 0x5f,
  0x57, 0x49, 0x54, 0x48, 0x5f, 0x43, 0x41, 0x4e, 0x45, 0x20, 0x3d, 0x20,
  0x22, 0x5c, 0x78, 0x65, 0x66, 0x5c, 0x78, 0x38, 0x61, 0x5c, 0x78, 0x39,
  0x64, 0x22, 0x09, 0x2d, 0x2d, 0x20, 0x55, 0x2b, 0x66, 0x32, 0x39, 0x64,
  0x0d, 0x0a, 0x49, 0x43, 0x4f, 0x4e, 0x5f, 0x46, 0x41, 0x5f, 0x50, 0x45,
  0x53, 0x45, 0x54, 0x41, 0x5f, 0x53, 0x49, 0x47, 0x4e, 0x20, 0x3d, 0x20,
  0x22, 0x5c, 0x78, 0x65, 0x65, 0x5c, 0x78, 0x38, 0x38, 0x5c, 0x78, 0x61,
  0x31, 0x22, 0x09, 0x2d, 0x2d, 0x20, 0x55, 0x2b, 0x65, 0x32, 0x32, 0x31,
  0x0d, 0x0a, 0x49, 0x43, 0x4f, 0x4e, 0x5f, 0x46, 0x41, 0x5f, 0x50, 0x45,
  0x53, 0x4f, 0x5f, 0x53, 0x49, 0x47, 0x4e, 0x20, 0x3d, 0x20, 0x22, 0x5c,
  0x78, 0x65, 0x65, 0x5c, 0x78, 0x38, 0x38, 0x5c, 0x78, 0x61, 0x32, 0x22,
  0x09, 0x2d, 0x2d, 0x20, 0x55, 0x2b, 0x65, 0x32, 0x32, 0x32, 0x0d, 0x0a,
  0x49, 0x43, 0x4f, 0x4e, 0x5f, 0x46, 0x41, 0x5f, 0x50, 0x48, 0x4f, 0x4e,
  0x45, 0x20, 0x3d, 0x20, 0x22, 0x5c, 0x78, 0x65, 0x66, 0x5c, 0x78, 0x38,
  0x32, 0x5c, 0x78, 0x39, 0x35, 0x22, 0x09, 0x2d, 0x2d, 0x20, 0x55, 0x2b,
  0x66, 0x30, 0x39, 0x35, 0x0d, 0x0a, 0x49, 0x43, 0x4f, 0x4e, 0x5f, 0x46,
  0x41, 0x5f, 0x50, 0x48, 0x4f, 0x4e, 0x45, 0x5f, 0x46, 0x4c, 0x49, 0x50,
  0x20, 0x3d, 0x20, 0x22, 0x5c, 0x78, 0x65, 0x66, 0x5c, 0x78, 0x61, 0x31,
  0x5c, 0x78, 0x62, 0x39, 0x22, 0x09, 0x2d, 0x2d, 0x20, 0x55, 0x2b, 0x66,
  0x38, 0x37, 0x39, 0x0d, 0x0a, 0x49, 0x43, 0x4f, 0x4e, 0x5f, 0x46, 0x41,
  0x5f, 0x50, 0x48, 0x4f, 0x4e, 0x45, 0x5f, 0x53, 0x4c, 0x41, 0x53, 0x48,
  0x20, 0x3d, 0x20, 0x22, 0x5c, 0x78, 0x65, 0x66, 0x5c, 0x78, 0x38, 0x66,
  0x5c, 0x78, 0x39, 0x64, 0x22, 0x09, 0x2d, 0x2d, 0x20, 0x55, 0x2b, 0x66,
  0x33, 0x64, 0x64, 0x0d, 0x0a, 0x49, 0x43, 0x4f, 0x4e, 0x5f, 0x46, 0x41,
  0x5f, 0x50, 0x48, 0x4f, 0x4e, 0x45, 0x5f, 0x56, 0x4f, 0x4c, 0x55, 0x4d,
  0x45, 0x20, 0x3d, 0x20, 0x22, 0x5c, 0x78, 0x65, 0x66, 0x5c, 0x78, 0x38,
  0x61, 0x5c, 0x78, 0x61, 0x30, 0x22, 0x09, 0x2d, 0x2d, 0x20, 0x55, 0x2b,
  0x66, 0x32, 0x61, 0x30, 0x0d, 0x0a, 0x49, 0x43, 0x4f, 0x4e, 0x5f, 0x46,
  0x41, 0x5f, 0x50, 0x48, 0x4f, 0x54, 0x4f, 0x5f, 0x46, 0x49, 0x4c, 0x4d,
  0x20, 0x3d, 0x20, 0x22, 0x5c, 0x78, 0x65, 0x66, 0x5c, 0x78, 0x61, 0x31,
  0x5c, 0x78, 0x62, 0x63, 0x22, 0x09, 0x2d, 0x2d, 0x20, 0x55, 0x2b, 0x66,
  0x38, 0x37, 0x63, 0x0d, 0x0a, 0x49, 0x43, 0x4f, 0x4e, 0x5f, 0x46, 0x41,
  0x5f, 0x50, 0x49, 0x47, 0x47, 0x59, 0x5f, 0x42, 0x41, 0x4e, 0x4b, 0x20,
  0x3d, 0x20, 0x22, 0x5c, 0x78, 0x65, 0x66, 0x5c, 0x78, 0x39, 0x33, 0x5c,
  0x78, 0x39, 0x33, 0x22, 0x09, 0x2d, 0x2d, 0x20, 0x55, 0x2b, 0x66, 0x34,
  0x64, 0x33, 0x0d, 0x0a, 0x49, 0x43, 0x4f, 0x4e, 0x5f, 0x46, 0x41, 0x5f,
  0x50, 0x49, 0x4c, 0x4c, 0x53, 0x20, 0x3d, 0x20, 0x22, 0x5c, 0x78, 0x65,
  0x66, 0x5c, 0x78, 0x39, 0x32, 0x5c, 0x78, 0x38, 0x34, 0x22, 0x09, 0x2d,
  0x2d, 0x20, 0x55, 0x2b, 0x66, 0x34, 0x38, 0x34, 0x0d, 0x0a, 0x49, 0x43,
  0x4f, 0x4e, 0x5f, 0x46, 0x41, 0x5f, 0x50, 0x49, 0x5a, 0x5a, 0x41, 0x5f,
  0x53, 0x4c, 0x49, 0x43, 0x45, 0x20, 0x3d, 0x20, 0x22, 0x5c, 0x78, 0x65,
  0x66, 0x5c, 0x78, 0x61, 0x30, 0x5c, 0x78, 0x39, 0x38, 0x22, 0x09, 0x2d,
  0x2d, 0x20, 0x55, 0x2b, 0x66, 0x38, 0x31, 0x38, 0x0d, 0x0a, 0x49, 0x43,
  0x4f, 0x4e, 0x5f, 0x46, 0x41, 0x5f, 0x50, 0x4c, 0x41, 0x43, 0x45, 0x5f,
  0x4f, 0x46, 0x5f, 0x57, 0x4f, 0x52, 0x53, 0x48, 0x49, 0x50, 0x20, 0x3d,
  0x20, 0x22, 0x5c, 0x78, 0x65, 0x66, 0x5c, 0x78, 0x39, 0x39, 0x5c, 0x78,
  0x62, 0x66, 0x22, 0x09, 0x2d, 0x2d, 0x20, 0x55, 0x2b, 0x66, 0x36, 0x37,
  0x66, 0x0d, 0x0a, 0x49, 0x43, 0x4f, 0x4e, 0x5f, 0x46, 0x41, 0x5f, 0x50,
  0x4c, 0x41, 0x4e, 0x45, 0x20, 0x3d, 0x20, 0x22, 0x5c, 0x78, 0x65, 0x66,
  0x5c, 0x78, 0x38, 0x31, 0x5c, 0x78, 0x62, 0x32, 0x22, 0x09, 0x2d, 0x2d,
  0x20, 0x55, 0x2b, 0x66, 0x30, 0x37, 0x32, 0x0d, 0x0a, 0x49, 0x43, 0x4f,
  0x4e, 0x5f, 0x46, 0x41, 0x5f, 0x50, 0x4c, 0x41, 0x4e, 0x45, 0x5f, 0x41,
  0x52, 0x52, 0x49, 0x56, 0x41, 0x4c, 0x20, 0x3d, 0x20, 0x22, 0x5c, 0x78,
  0x65, 0x66, 0x5c, 0x78, 0x39, 0x36, 0x5c, 0x78, 0x61, 0x66, 0x22, 0x09,
  0x2d, 0x2d, 0x20, 0x55, 0x2b, 0x66, 0x35, 0x61, 0x66, 0x0d, 0x0a, 0x49,
  0x43, 0x4f, 0x4e, 0x5f, 0x46, 0x41, 0x5f, 0x50, 0x4c, 0x41, 0x4e, 0x45,
  0x5f, 0x43, 0x49, 0x52, 0x43, 0x4c, 0x45, 0x5f, 0x43, 0x48, 0x45, 0x43,
  0x4b, 0x20, 0x3d, 0x20, 0x22, 0x5c, 0x78, 0x65, 0x65, 0x5c, 0x78, 0x39,
  0x35, 0x5c, 0x78, 0x39, 0x35, 0x22, 0x09, 0x2d, 0x2d, 0x20, 0x55, 0x2b,
  0x65, 0x35, 0x35, 0x35, 0x0d, 0x0a, 0x49, 0x43, 0x4f, 0x4e, 0x5f, 0x46,
  0x41, 0x5f, 0x50, 0x4c, 0x41, 0x4e, 0x45, 0x5f, 0x43, 0x49, 0x52, 0x43,
  0x4c, 0x45, 0x5f, 0x45, 0x58, 0x43, 0x4c, 0x41, 0x4d, 0x41, 0x54, 0x49,
  0x4f, 0x4e, 0x20, 0x3d, 0x20, 0x22, 0x5c, 0x78, 0x65, 0x65, 0x5c, 0x78,
  0x39, 0x35, 0x5c, 0x78, 0x39, 0x36, 0x22, 0x09, 0x2d, 0x2d, 0x20, 0x55,
  0x2b, 0x65, 0x35, 0x35, 0x36, 0x0d, 0x0a, 0x49, 0x43, 0x4f, 0x4e, 0x5f,
  0x46, 0x41, 0x5f, 0x50, 0x4c, 0x41, 0x4e, 0x45, 0x5f, 0x43, 0x49, 0x52,
  0x43, 0x4c, 0x45, 0x5f, 0x58, 0x4d, 0x41, 0x52, 0x4b, 0x20, 0x3d, 0x20,
  0x22, 0x5c, 0x78, 0x65, 0x65, 0x5c, 0x78, 0x39, 0x35, 0x5c, 0x78, 0x39,
  0x37, 0x22, 0x09, 0x2d, 0x2d, 0x20, 0x55, 0x2b, 0x65, 0x35, 0x35, 0x37,
  0x0d, 0x0a, 0x49, 0x43, 0x4f, 0x4e, 0x5f, 0x46, 0x41, 0x5f, 0x50, 0x4c,
  0x41, 0x4e, 0x45, 0x5f, 0x44, 0x45, 0x50, 0x41, 0x52, 0x54, 0x55, 0x52,
  0x45, 0x20, 0x3d, 0x20, 0x22, 0x5c, 0x78, 0x65, 0x66, 0x5c, 0x78, 0x39,
  0x36, 0x5c, 0x78, 0x62, 0x30, 0x22, 0x09, 0x2d, 0x2d, 0x20, 0x55, 0x2b,
  0x66, 0x35, 0x62, 0x30, 0x0d, 0x0a, 0x49, 0x43, 0x4f, 0x4e, 0x5f, 0x46,
  0x41, 0x5f, 0x50, 0x4c, 0x41, 0x4e, 0x45, 0x5f, 0x4c, 0x4f, 0x43, 0x4b,
  0x20, 0x3d, 0x20, 0x22, 0x5c, 0x78, 0x65, 0x65, 0x5c, 0x78, 0x39, 0x35,
  0x5c, 0x78, 0x39, 0x38, 0x22, 0x09, 0x2d, 0x2d, 0x20, 0x55, 0x2b, 0x65,
  0x35, 0x35, 0x38, 0x0d, 0x0a, 0x49, 0x43, 0x4f, 0x4e, 0x5f, 0x46, 0x41,
  0x5f, 0x50, 0x4c, 0x41, 0x4e, 0x45, 0x5f, 0x53, 0x4c, 0x41, 0x53, 0x48,
  0x20, 0x3d, 0x20, 0x22, 0x5c, 0x78, 0x65, 0x65, 0x5c, 0x78, 0x38, 0x31,
  0x5c, 0x78, 0x61, 0x39, 0x22, 0x09, 0x2d, 0x2d, 0x20, 0x55, 0x2b, 0x65,
  0x30, 0x36, 0x39, 0x0d, 0x0a, 0x49, 0x43, 0x4f, 0x4e, 0x5f, 0x46, 0x41,
  0x5f, 0x50, 0x4c, 0x41, 0x4e, 0x45, 0x5f, 0x55, 0x50, 0x20, 0x3d, 0x20,
  0x22, 0x5c, 0x78, 0x65, 0x65, 0x5c, 0x78, 0x38, 0x38, 0x5c, 0x78, 0x61,
  0x64, 0x22, 0x09, 0x2d, 0x2d, 0x20, 0x55, 0x2b, 0x65, 0x32, 0x32, 0x64,
  0x0d, 0x0a, 0x49, 0x43, 0x4f, 0x4e, 0x5f, 0x46, 0x41, 0x5f, 0x50, 0x4c,
  0x41, 0x4e, 0x54, 0x5f, 0x57, 0x49, 0x4c, 0x54, 0x20, 0x3d, 0x20, 0x22,
  0x5c, 0x78, 0x65, 0x65, 0x5c, 0x78, 0x39, 0x36, 0x5c, 0x78, 0x61, 0x61,
  0x22, 0x09, 0x2d, 0x2d, 0x20, 0x55, 0x2b, 0x65, 0x35, 0x61, 0x61, 0x0d,
  0x0a, 0x49, 0x43, 0x4f, 0x4e, 0x5f, 0x46, 0x41, 0x5f, 0x50, 0x4c, 0x41,
  0x54, 0x45, 0x5f, 0x57, 0x48, 0x45, 0x41, 0x54, 0x20, 0x3d, 0x20, 0x22,
  0x5c, 0x78, 0x65, 0x65, 0x5c, 0x78, 0x39, 0x35, 0x5c, 0x78, 0x39, 0x61,
  0x22, 0x09, 0x2d, 0x2d, 0x20, 0x55, 0x2b, 0x65, 0x35, 0x35, 0x61, 0x0d,
  0x0a, 0x49, 0x43, 0x4f, 0x4e, 0x5f, 0x46, 0x41, 0x5f, 0x50, 0x4c, 0x41,
  0x59, 0x20, 0x3d, 0x20, 0x22, 0x5c, 0x78, 0x65, 0x66, 0x5c, 0x78, 0x38,
  0x31, 0x5c, 0x78, 0x38, 0x62, 0x22, 0x09, 0x2d, 0x2d, 0x20, 0x55, 0x2b,
  0x66, 0x30, 0x34, 0x62, 0x0d, 0x0a, 0x49, 0x43, 0x4f, 0x4e, 0x5f, 0x46,
  0x41, 0x5f, 0x50, 0x4c, 0x55, 0x47, 0x20, 0x3d, 0x20, 0x22, 0x5c, 0x78,
  0x65, 0x66, 0x5c, 0x78, 0x38, 0x37, 0x5c, 0x78, 0x61, 0x36, 0x22, 0x09,
  0x2d, 0x2d, 0x20, 0x55, 0x2b, 0x66, 0x31, 0x65, 0x36, 0x0d, 0x0a, 0x49,
  0x43, 0x4f, 0x4e, 0x5f, 0x46, 0x41, 0x5f, 0x50, 0x4c, 0x55, 0x47, 0x5f,
  0x43, 0x49, 0x52, 0x43, 0x4c, 0x45, 0x5f, 0x42, 0x4f, 0x4c, 0x54, 0x20,
  0x3d, 0x20, 0x22, 0x5c, 0x78, 0x65, 0x65, 0x5c, 0x78, 0x39, 0x35, 0x5c,
  0x78, 0x39, 0x62, 0x22, 0x09, 0x2d, 0x2d, 0x20, 0x55, 0x2b, 0x65, 0x35,
  0x35, 0x62, 0x0d, 0x0a, 0x49, 0x43, 0x4f, 0x4e, 0x5f, 0x46, 0x41, 0x5f,
  0x50, 0x4c, 0x55, 0x47, 0x5f, 0x43, 0x49, 0x52, 0x43, 0x4c, 0x45, 0x5f,
  0x43, 0x48, 0x45, 0x43, 0x4b, 0x20, 0x3d, 0x20, 0x22, 0x5c, 0x78, 0x65,
  0x65, 0x5c, 0x78, 0x39, 0x35, 0x5c, 0x78, 0x39, 0x63, 0x22, 0x09, 0x2d,
  0x2d, 0x20, 0x55, 0x2b, 0x65, 0x35, 0x35, 0x63, 0x0d, 0x0a, 0x49, 0x43,
  0x4f, 0x4e, 0x5f, 0x46, 0x41, 0x5f, 0x50, 0x4c, 0x55, 0x47, 0x5f, 0x43,
  0x49, 0x52, 0x43, 0x4c, 0x45, 0x5f, 0x45, 0x58, 0x43, 0x4c, 0x41, 0x4d,
  0x41, 0x54, 0x49, 0x4f, 0x4e, 0x20, 0x3d, 0x20, 0x22, 0x5c, 0x78, 0x65,
  0x65, 0x5c, 0x78, 0x39, 0x35, 0x5c, 0x78, 0x39, 0x64, 0x22, 0x09, 0x2d,
  0x2d, 0x20, 0x55, 0x2b, 0x65, 0x35, 0x35, 0x64, 0x0d, 0x0a, 0x49, 0x43,
  0x4f, 0x4e, 0x5f, 0x46, 0x41, 0x5f, 0x50, 0x4c, 0x55, 0x47, 0x5f, 0x43,
  0x49, 0x52, 0x43, 0x4c, 0x45, 0x5f, 0x4d, 0x49, 0x4e, 0x55, 0x53, 0x20,
  0x3d, 0x20, 0x22, 0x5c, 0x78, 0x65, 0x65, 0x5c, 0x78, 0x39, 0x35, 0x5c,
  0x78, 0x39, 0x65, 0x22, 0x09, 0x2d, 0x2d, 0x20, 0x55, 0x2b, 0x65, 0x35,
  0x35, 0x65, 0x0d, 0x0a, 0x49, 0x43, 0x4f, 0x4e, 0x5f, 0x46, 0x41, 0x5f,
  0x50, 0x4c, 0x55, 0x47, 0x5f, 0x43, 0x49, 0x52, 0x43, 0x4c, 0x45, 0x5f,
  0x50, 0x4c, 0x55, 0x53, 0x20, 0x3d, 0x20, 0x22, 0x5c, 0x78, 0x65, 0x65,
  0x5c, 0x78, 0x39, 0x35, 0x5c, 0x78, 0x39, 0x66, 0x22, 0x09, 0x2d, 0x2d,
  0x20, 0x55, 0x2b, 0x65, 0x35, 0x35, 0x66, 0x0d, 0x0a, 0x49, 0x43, 0x4f,
  0x4e, 0x5f, 0x46, 0x41, 0x5f, 0x50, 0x4c, 0x55, 0x47, 0x5f, 0x43, 0x49,
  0x52, 0x43, 0x4c, 0x45, 0x5f, 0x58, 0x4d, 0x41, 0x52, 0x4b, 0x20, 0x3d,
  0x20, 0x22, 0x5c, 0x78, 0x65, 0x65, 0x5c, 0x78, 0x39, 0x35, 0x5c, 0x78,
  0x61, 0x30, 0x22, 0x09, 0x2d, 0x2d, 0x20, 0x55, 0x2b, 0x65, 0x35, 0x36,
  0x30, 0x0d, 0x0a, 0x49, 0x43, 0x4f, 0x4e, 0x5f, 0x46, 0x41, 0x5f, 0x50,
  0x4c, 0x55, 0x53, 0x20, 0x3d, 0x20, 0x22, 0x2b, 0x22, 0x09, 0x2d, 0x2d,
  0x20, 0x55, 0x2b, 0x30, 0x30, 0x32, 0x62, 0x0d, 0x0a, 0x49, 0x43, 0x4f,
  0x4e, 0x5f, 0x46, 0x41, 0x5f, 0x50, 0x4c, 0x55, 0x53, 0x5f, 0x4d, 0x49,
  0x4e, 0x55, 0x53, 0x20, 0x3d, 0x20, 0x22, 0x5c, 0x78, 0x65, 0x65, 0x5c,
  0x78, 0x39, 0x30, 0x5c, 0x78, 0x62, 0x63, 0x22, 0x09, 0x2d, 0x2d, 0x20,
  0x55, 0x2b, 0x65, 0x34, 0x33, 0x63, 0x0d, 0x0a, 0x49, 0x43, 0x4f, 0x4e,
  0x5f, 0x46, 0x41, 0x5f, 0x50, 0x4f, 0x44, 0x43, 0x41, 0x53, 0x54, 0x20,
  0x3d, 0x20, 0x22, 0x5c, 0x78, 0x65, 0x66, 0x5c, 0x78, 0x38, 0x62, 0x5c,
  0x78, 0x38, 0x65, 0x22, 0x09, 0x2d, 0x2d, 0x20, 0x55, 0x2b, 0x66, 0x32,
  0x63, 0x65, 0x0d, 0x0a, 0x49, 0x43, 0x4f, 0x4e, 0x5f, 0x46, 0x41, 0x5f,
  0x50, 0x4f, 0x4f, 0x20, 0x3d, 0x20, 0x22, 0x5c, 0x78, 0x65, 0x66, 0x5c,
  0x78, 0x38, 0x62, 0x5c, 0x78, 0x62, 0x65, 0x22, 0x09, 0x2d, 0x2d, 0x20,
  0x55, 0x2b, 0x66, 0x32, 0x66, 0x65, 0x0d, 0x0a, 0x49, 0x43, 0x4f, 0x4e,
  0x5f, 0x46, 0x41, 0x5f, 0x50, 0x4f, 0x4f, 0x5f, 0x53, 0x54, 0x4f, 0x52,
  0x4d, 0x20, 0x3d, 0x20, 0x22, 0x5c, 0x78, 0x65, 0x66, 0x5c, 0x78, 0x39,
  0x64, 0x5c, 0x78, 0x39, 0x61, 0x22, 0x09, 0x2d, 0x2d, 0x20, 0x55, 0x2b,
  0x66, 0x37, 0x35, 0x61, 0x0d, 0x0a, 0x49, 0x43, 0x4f, 0x4e, 0x5f, 0x46,
  0x41, 0x5f, 0x50, 0x4f, 0x4f, 0x50, 0x20, 0x3d, 0x20, 0x22, 0x5c, 0x78,
  0x65, 0x66, 0x5c, 0x78, 0x39, 0x38, 0x5c, 0x78, 0x39, 0x39, 0x22, 0x09,
  0x2d, 0x2d, 0x20, 0x55, 0x2b, 0x66, 0x36, 0x31, 0x39, 0x0d, 0x0a, 0x49,
  0x43, 0x4f, 0x4e, 0x5f, 0x46, 0x41, 0x5f, 0x50, 0x4f, 0x57, 0x45, 0x52,
  0x5f, 0x4f, 0x46, 0x46, 0x20, 0x3d, 0x20, 0x22, 0x5c, 0x78, 0x65, 0x66,
  0x5c, 0x78, 0x38, 0x30, 0x5c, 0x78, 0x39, 0x31, 0x22, 0x09, 0x2d, 0x2d,
  0x20, 0x55, 0x2b, 0x66, 0x30, 0x31, 0x31, 0x0d, 0x0a, 0x49, 0x43, 0x4f,
  0x4e, 0x5f, 0x46, 0x41, 0x5f, 0x50, 0x52, 0x45, 0x53, 0x43, 0x52, 0x49,
  0x50, 0x54, 0x49, 0x4f, 0x4e, 0x20, 0x3d, 0x20, 0x22, 0x5c, 0x78, 0x65,
  0x66, 0x5c, 0x78, 0x39, 0x36, 0x5c, 0x78, 0x62, 0x31, 0x22, 0x09, 0x2d,
  0x2d, 0x20, 0x55, 0x2b, 0x66, 0x35, 0x62, 0x31, 0x0d, 0x0a, 0x49, 0x43,
  0x4f, 0x4e, 0x5f, 0x46, 0x41, 0x5f, 0x50, 0x52, 0x45, 0x53, 0x43, 0x52,
  0x49, 0x50, 0x54, 0x49, 0x4f, 0x4e, 0x5f, 0x42, 0x4f, 0x54, 0x54, 0x4c,
  0x45, 0x20, 0x3d, 0x20, 0x22, 0x5c, 0x78, 0x65, 0x66, 0x5c, 0x78, 0x39,
  0x32, 0x5c, 0x78, 0x38, 0x35, 0x22, 0x09, 0x2d, 0x2d, 0x20, 0x55, 0x2b,
  0x66, 0x34, 0x38, 0x35, 0x0d, 0x0a, 0x49, 0x43, 0x4f, 0x4e, 0x5f, 0x46,
  0x41, 0x5f, 0x50, 0x52, 0x45, 0x53, 0x43, 0x52, 0x49, 0x50, 0x54, 0x49,
  0x4f, 0x4e, 0x5f, 0x42, 0x4f, 0x54, 0x54, 0x4c, 0x45, 0x5f, 0x4d, 0x45,
  0x44, 0x49, 0x43, 0x41, 0x4c, 0x20, 0x3d, 0x20, 0x22, 0x5c, 0x78, 0x65,
  0x66, 0x5c, 0x78, 0x39, 0x32, 0x5c, 0x78, 0x38, 0x36, 0x22, 0x09, 0x2d,
  0x2d, 0x20, 0x55, 0x2b, 0x66, 0x34, 0x38, 0x36, 0x0d, 0x0a, 0x49, 0x43,
  0x4f, 0x4e, 0x5f, 0x46, 0x41, 0x5f, 0x50, 0x52, 0x49, 0x4e, 0x54, 0x20,
  0x3d, 0x20, 0x22, 0x5c, 0x78, 0x65, 0x66, 0x5c, 0x78, 0x38, 0x30, 0x5c,
  0x78, 0x61, 0x66, 0x22, 0x09, 0x2d, 0x2d, 0x20, 0x55, 0x2b, 0x66, 0x30,
  0x32, 0x66, 0x0d, 0x0a, 0x49, 0x43, 0x4f, 0x4e, 0x5f, 0x46, 0x41, 0x5f,
  0x50, 0x55, 0x4d, 0x50, 0x5f, 0x4d, 0x45, 0x44, 0x49, 0x43, 0x41, 0x4c,
  0x20, 0x3d, 0x20, 0x22, 0x5c, 0x78, 0x65, 0x65, 0x5c, 0x78, 0x38, 0x31,
  0x5c, 0x78, 0x61, 0x61, 0x22, 0x09, 0x2d, 0x2d, 0x20, 0x55, 0x2b, 0x65,
  0x30, 0x36, 0x61, 0x0d, 0x0a, 0x49, 0x43, 0x4f, 0x4e, 0x5f, 0x46, 0x41,
  0x5f, 0x50, 0x55, 0x4d, 0x50, 0x5f, 0x53, 0x4f, 0x41, 0x50, 0x20, 0x3d,
  0x20, 0x22, 0x5c, 0x78, 0x65, 0x65, 0x5c, 0x78, 0x38, 0x31, 0x5c, 0x78,
  0x61, 0x62, 0x22, 0x09, 0x2d, 0x2d, 0x20, 0x55, 0x2b, 0x65, 0x30, 0x36,
  0x62, 0x0d, 0x0a, 0x49, 0x43, 0x4f, 0x4e, 0x5f, 0x46, 0x41, 0x5f, 0x50,
  0x55, 0x5a, 0x5a, 0x4c, 0x45, 0x5f, 0x50, 0x49, 0x45, 0x43, 0x45, 0x20,
  0x3d, 0x20, 0x22, 0x5c, 0x78, 0x65, 0x66, 0x5c, 0x78, 0x38, 0x34, 0x5c,
  0x78, 0x61, 0x65, 0x22, 0x09, 0x2d, 0x2d, 0x20, 0x55, 0x2b, 0x66, 0x31,
  0x32, 0x65, 0x0d, 0x0a, 0x49, 0x43, 0x4f, 0x4e, 0x5f, 0x46, 0x41, 0x5f,
  0x51, 0x20, 0x3d, 0x20, 0x22, 0x51, 0x22, 0x09, 0x2d, 0x2d, 0x20, 0x55,
  0x2b, 0x30, 0x30, 0x35, 0x31, 0x0d, 0x0a, 0x49, 0x43, 0x4f, 0x4e, 0x5f,
  0x46, 0x41, 0x5f, 0x51, 0x52, 0x43, 0x4f, 0x44, 0x45, 0x20, 0x3d, 0x20,
  0x22, 0x5c, 0x78, 0x65, 0x66, 0x5c, 0x78, 0x38, 0x30, 0x5c, 0x78, 0x61,
  0x39, 0x22, 0x09, 0x2d, 0x2d, 0x20, 0x55, 0x2b, 0x66, 0x30, 0x32, 0x39,
  0x0d, 0x0a, 0x49, 0x43, 0x4f, 0x4e, 0x5f, 0x46, 0x41, 0x5f, 0x51, 0x55,
  0x45, 0x53, 0x54, 0x49, 0x4f, 0x4e, 0x20, 0x3d, 0x20, 0x22, 0x3f, 0x22,
  0x09, 0x2d, 0x2d, 0x20, 0x55, 0x2b, 0x30, 0x30, 0x33, 0x66, 0x0d, 0x0a,
  0x49, 0x43, 0x4f, 0x4e, 0x5f, 0x46, 0x41, 0x5f, 0x51, 0x55, 0x4f, 0x54,
  0x45, 0x5f, 0x4c, 0x45, 0x46, 0x54, 0x20, 0x3d, 0x20, 0x22, 0x5c, 0x78,
  0x65, 0x66, 0x5c, 0x78, 0x38, 0x34, 0x5c, 0x78, 0x38, 0x64, 0x22, 0x09,
  0x2d, 0x2d, 0x20, 0x55, 0x2b, 0x66, 0x31, 0x30, 0x64, 0x0d, 0x0a, 0x49,
  0x43, 0x4f, 0x4e, 0x5f, 0x46, 0x41, 0x5f, 0x51, 0x55, 0x4f, 0x54, 0x45,
  0x5f, 0x52, 0x49, 0x47, 0x48, 0x54, 0x20, 0x3d, 0x20, 0x22, 0x5c, 0x78,
  0x65, 0x66, 0x5c, 0x78, 0x38, 0x34, 0x5c, 0x78, 0x38, 0x65, 0x22, 0x09,
  0x2d, 0x2d, 0x20, 0x55, 0x2b, 0x66, 0x31, 0x30, 0x65, 0x0d, 0x0a, 0x49,
  0x43, 0x4f, 0x4e, 0x5f, 0x46, 0x41, 0x5f, 0x52, 0x20, 0x3d, 0x20, 0x22,
  0x52, 0x22, 0x09, 0x2d, 0x2d, 0x20, 0x55, 0x2b, 0x30, 0x30, 0x35, 0x32,
  0x0d, 0x0a, 0x49, 0x43, 0x4f, 0x4e, 0x5f, 0x46, 0x41, 0x5f, 0x52, 0x41,
  0x44, 0x49, 0x41, 0x54, 0x49, 0x4f, 0x4e, 0x20, 0x3d, 0x20, 0x22, 0x5c,
  0x78, 0x65, 0x66, 0x5c, 0x78, 0x39, 0x65, 0x5c, 0x78, 0x62, 0x39, 0x22,
  0x09, 0x2d, 0x2d, 0x20, 0x55, 0x2b, 0x66, 0x37, 0x62, 0x39, 0x0d, 0x0a,
  0x49, 0x43, 0x4f, 0x4e, 0x5f, 0x46, 0x41, 0x5f, 0x52, 0x41, 0x44, 0x49,
  0x4f, 0x20, 0x3d, 0x20, 0x22, 0x5c, 0x78, 0x65, 0x66, 0x5c, 0x78, 0x61,
  0x33, 0x5c, 0x78, 0x39, 0x37, 0x22, 0x09, 0x2d, 0x2d, 0x20, 0x55, 0x2b,
  0x66, 0x38, 0x64, 0x37, 0x0d, 0x0a, 0x49, 0x43, 0x4f, 0x4e, 0x5f, 0x46,
  0x41, 0x5f, 0x52, 0x41, 0x49, 0x4e, 0x42, 0x4f, 0x57, 0x20, 0x3d, 0x20,
  0x22, 0x5c, 0x78, 0x65, 0x66, 0x5c, 0x78, 0x39, 0x64, 0x5c, 0x78, 0x39,
  0x62, 0x22, 0x09, 0x2d, 0x2d, 0x20, 0x55, 0x2b, 0x66, 0x37, 0x35, 0x62,
  0x0d, 0x0a, 0x49, 0x43, 0x4f, 0x4e, 0x5f, 0x46, 0x41, 0x5f, 0x52, 0x41,
  0x4e, 0x4b, 0x49, 0x4e, 0x47, 0x5f, 0x53, 0x54, 0x41, 0x52, 0x20, 0x3d,
  0x20, 0x22, 0x5c, 0x78, 0x65, 0x65, 0x5c, 0x78, 0x39, 0x35, 0x5c, 0x78,
  0x61, 0x31, 0x22, 0x09, 0x2d, 0x2d, 0x20, 0x55, 0x2b, 0x65, 0x35, 0x36,
  0x31, 0x0d, 0x0a, 0x49, 0x43, 0x4f, 0x4e, 0x5f, 0x46, 0x41, 0x5f, 0x52,
  0x45, 0x43, 0x45, 0x49, 0x50, 0x54, 0x20, 0x3d, 0x20, 0x22, 0x5c, 0x78,
  0x65, 0x66, 0x5c, 0x78, 0x39, 0x35, 0x5c, 0x78, 0x38, 0x33, 0x22, 0x09,
  0x2d, 0x2d, 0x20, 0x55, 0x2b, 0x66, 0x35, 0x34, 0x33, 0x0d, 0x0a, 0x49,
  0x43, 0x4f, 0x4e, 0x5f, 0x46, 0x41, 0x5f, 0x52, 0x45, 0x43, 0x4f, 0x52,
  0x44, 0x5f, 0x56, 0x49, 0x4e, 0x59, 0x4c, 0x20, 0x3d, 0x20, 0x22, 0x5c,
  0x78, 0x65, 0x66, 0x5c, 0x78, 0x61, 0x33, 0x5c, 0x78, 0x39, 0x39, 0x22,
  0x09, 0x2d, 0x2d, 0x20, 0x55, 0x2b, 0x66, 0x38, 0x64, 0x39, 0x0d, 0x0a,
  0x49, 0x43, 0x4f, 0x4e, 0x5f, 0x46, 0x41, 0x5f, 0x52, 0x45, 0x43, 0x54,
  0x41, 0x4e, 0x47, 0x4c, 0x45, 0x5f, 0x41, 0x44, 0x20, 0x3d, 0x20, 0x22,
  0x5c, 0x78, 0x65, 0x66, 0x5c, 0x78, 0x39, 0x39, 0x5c, 0x78, 0x38, 0x31,
  0x22, 0x09, 0x2d, 0x2d, 0x20, 0x55, 0x2b, 0x66, 0x36, 0x34, 0x31, 0x0d,
  0x0a, 0x49, 0x43, 0x4f, 0x4e, 0x5f, 0x46, 0x41, 0x5f, 0x52, 0x45, 0x43,
  0x54, 0x41, 0x4e, 0x47, 0x4c, 0x45, 0x5f, 0x4c, 0x49, 0x53, 0x54, 0x20,
  0x3d, 0x20, 0x22, 0x5c, 0x78, 0x65, 0x66, 0x5c, 0x78, 0x38, 0x30, 0x5c,
  0x78, 0x61, 0x32, 0x22, 0x09, 0x2d, 0x2d, 0x20, 0x55, 0x2b, 0x66, 0x30,
  0x32, 0x32, 0x0d, 0x0a, 0x49, 0x43, 0x4f, 0x4e, 0x5f, 0x46, 0x41, 0x5f,
  0x52, 0x45, 0x43, 0x54, 0x41, 0x4e, 0x47, 0x4c, 0x45, 0x5f, 0x58, 0x4d,
  0x41, 0x52, 0x4b, 0x20, 0x3d, 0x20, 0x22, 0x5c, 0x78, 0x65, 0x66, 0x5c,
  0x78, 0x39, 0x30, 0x5c, 0x78, 0x39, 0x30, 0x22, 0x09, 0x2d, 0x2d, 0x20,
  0x55, 0x2b, 0x66, 0x34, 0x31, 0x30, 0x0d, 0x0a, 0x49, 0x43, 0x4f, 0x4e,
  0x5f, 0x46, 0x41, 0x5f, 0x52, 0x45, 0x43, 0x59, 0x43, 0x4c, 0x45, 0x20,
  0x3d, 0x20, 0x22, 0x5c, 0x78, 0x65, 0x66, 0x5c, 0x78, 0x38, 0x36, 0x5c,
  0x78, 0x62, 0x38, 0x22, 0x09, 0x2d, 0x2d, 0x20, 0x55, 0x2b, 0x66, 0x31,
  0x62, 0x38, 0x0d, 0x0a, 0x49, 0x43, 0x4f, 0x4e, 0x5f, 0x46, 0x41, 0x5f,
  0x52, 0x45, 0x47, 0x49, 0x53, 0x54, 0x45, 0x52, 0x45, 0x44, 0x20, 0x3d,
  0x20, 0x22, 0x5c, 0x78, 0x65, 0x66, 0x5c, 0x78, 0x38, 0x39, 0x5c, 0x78,
  0x39, 0x64, 0x22, 0x09, 0x2d, 0x2d, 0x20, 0x55, 0x2b, 0x66, 0x32, 0x35,
  0x64, 0x0d, 0x0a, 0x49, 0x43, 0x4f, 0x4e, 0x5f, 0x46, 0x41, 0x5f, 0x52,
  0x45, 0x50, 0x45, 0x41, 0x54, 0x20, 0x3d, 0x20, 0x22, 0x5c, 0x78, 0x65,
  0x66, 0x5c, 0x78, 0x38, 0x64, 0x5c, 0x78, 0x61, 0x33, 0x22, 0x09, 0x2d,
  0x2d, 0x20, 0x55, 0x2b, 0x66, 0x33, 0x36, 0x33, 0x0d, 0x0a, 0x49, 0x43,
  0x4f, 0x4e, 0x5f, 0x46, 0x41, 0x5f, 0x52, 0x45, 0x50, 0x4c, 0x59, 0x20,
  0x3d, 0x20, 0x22, 0x5c, 0x78, 0x65, 0x66, 0x5c, 0x78, 0x38, 0x66, 0x5c,
  0x78, 0x61, 0x35, 0x22, 0x09, 0x2d, 0x2d, 0x20, 0x55, 0x2b, 0x66, 0x33,
  0x65, 0x35, 0x0d, 0x0a, 0x49, 0x43, 0x4f, 0x4e, 0x5f, 0x46, 0x41, 0x5f,
  0x52, 0x45, 0x50, 0x4c, 0x59, 0x5f, 0x41, 0x4c, 0x4c, 0x20, 0x3d, 0x20,
  0x22, 0x5c, 0x78, 0x65, 0x66, 0x5c, 0x78, 0x38, 0x34, 0x5c, 0x78, 0x61,
  0x32, 0x22, 0x09, 0x2d, 0x2d, 0x20, 0x55, 0x2b, 0x66, 0x31, 0x32, 0x32,
  0x0d, 0x0a, 0x49, 0x43, 0x4f, 0x4e, 0x5f, 0x46, 0x41, 0x5f, 0x52, 0x45,
  0x50, 0x55, 0x42, 0x4c, 0x49, 0x43, 0x41, 0x4e, 0x20, 0x3d, 0x20, 0x22,
  0x5c, 0x78, 0x65, 0x66, 0x5c, 0x78, 0x39, 0x64, 0x5c, 0x78, 0x39, 0x65,
  0x22, 0x09, 0x2d, 0x2d, 0x20, 0x55, 0x2b, 0x66, 0x37, 0x35, 0x65, 0x0d,
  0x0a, 0x49, 0x43, 0x4f, 0x4e, 0x5f, 0x46, 0x41, 0x5f, 0x52, 0x45, 0x53,
  0x54, 0x52, 0x4f, 0x4f, 0x4d, 0x20, 0x3d, 0x20, 0x22, 0x5c, 0x78, 0x65,
  0x66, 0x5c, 0x78, 0x39, 0x65, 0x5c, 0x78, 0x62, 0x64, 0x22, 0x09, 0x2d,
  0x2d, 0x20, 0x55, 0x2b, 0x66, 0x37, 0x62, 0x64, 0x0d, 0x0a, 0x49, 0x43,
  0x4f, 0x4e, 0x5f, 0x46, 0x41, 0x5f, 0x52, 0x45, 0x54, 0x57, 0x45, 0x45,
  0x54, 0x20, 0x3d, 0x20, 0x22, 0x5c, 0x78, 0x65, 0x66, 0x5c, 0x78, 0x38,
  0x31, 0x5c, 0x78, 0x62, 0x39, 0x22, 0x09, 0x2d, 0x2d, 0x20, 0x55, 0x2b,
  0x66, 0x30, 0x37, 0x39, 0x0d, 0x0a, 0x49, 0x43, 0x4f, 0x4e, 0x5f, 0x46,
  0x41, 0x5f, 0x52, 0x49, 0x42, 0x42, 0x4f, 0x4e, 0x20, 0x3d, 0x20, 0x22,
  0x5c, 0x78, 0x65, 0x66, 0x5c, 0x78, 0x39, 0x33, 0x5c, 0x78, 0x39, 0x36,
  0x22, 0x09, 0x2d, 0x2d, 0x20, 0x55, 0x2b, 0x66, 0x34, 0x64, 0x36, 0x0d,
  0x0a, 0x49, 0x43, 0x4f, 0x4e, 0x5f, 0x46, 0x41, 0x5f, 0x52, 0x49, 0x47,
  0x48, 0x54, 0x5f, 0x46, 0x52, 0x4f, 0x4d, 0x5f, 0x42, 0x52, 0x41, 0x43,
  0x4b, 0x45, 0x54, 0x20, 0x3d, 0x20, 0x22, 0x5c, 0x78, 0x65, 0x66, 0x5c,
  0x78, 0x38, 0x62, 0x5c, 0x78, 0x62, 0x35, 0x22, 0x09, 0x2d, 0x2d, 0x20,
  0x55, 0x2b, 0x66, 0x32, 0x66, 0x35, 0x0d, 0x0a, 0x49, 0x43, 0x4f, 0x4e,
  0x5f, 0x46, 0x41, 0x5f, 0x52, 0x49, 0x47, 0x48, 0x54, 0x5f, 0x4c, 0x45,
  0x46, 0x54, 0x20, 0x3d, 0x20, 0x22, 0x5c, 0x78, 0x65, 0x66, 0x5c, 0x78,
  0x38, 0x64, 0x5c, 0x78, 0x61, 0x32, 0x22, 0x09, 0x2d, 0x2d, 0x20, 0x55,
  0x2b, 0x66, 0x33, 0x36, 0x32, 0x0d, 0x0a, 0x49, 0x43, 0x4f, 0x4e, 0x5f,
  0x46, 0x41, 0x5f, 0x52, 0x49, 0x47, 0x48, 0x54, 0x5f, 0x4c, 0x4f, 0x4e,
  0x47, 0x20, 0x3d, 0x20, 0x22, 0x5c, 0x78, 0x65, 0x66, 0x5c, 0x78, 0x38,
  0x63, 0x5c, 0x78, 0x38, 0x62, 0x22, 0x09, 0x2d, 0x2d, 0x20, 0x55, 0x2b,
  0x66, 0x33, 0x30, 0x62, 0x0d, 0x0a, 0x49, 0x43, 0x4f, 0x4e, 0x5f, 0x46,
  0x41, 0x5f, 0x52, 0x49, 0x47, 0x48, 0x54, 0x5f, 0x54, 0x4f, 0x5f, 0x42,
  0x52, 0x41, 0x43, 0x4b, 0x45, 0x54, 0x20, 0x3d, 0x20, 0x22, 0x5c, 0x78,
  0x65, 0x66, 0x5c, 0x78, 0x38, 0x62, 0x5c, 0x78, 0x62, 0x36, 0x22, 0x09,
  0x2d, 0x2d, 0x20, 0x55, 0x2b, 0x66, 0x32, 0x66, 0x36, 0x0d, 0x0a, 0x49,
  0x43, 0x4f, 0x4e, 0x5f, 0x46, 0x41, 0x5f, 0x52, 0x49, 0x4e, 0x47, 0x20,
  0x3d, 0x20, 0x22, 0x5c, 0x78, 0x65, 0x66, 0x5c, 0x78, 0x39, 0x63, 0x5c,
  0x78, 0x38, 0x62, 0x22, 0x09, 0x2d, 0x2d, 0x20, 0x55, 0x2b, 0x66, 0x37,
  0x30, 0x62, 0x0d, 0x0a, 0x49, 0x43, 0x4f, 0x4e, 0x5f, 0x46, 0x41, 0x5f,
  0x52, 0x4f, 0x41, 0x44, 0x20, 0x3d, 0x20, 0x22, 0x5c, 0x78, 0x65, 0x66,
  0x5c, 0x78, 0x38, 0x30, 0x5c, 0x78, 0x39, 0x38, 0x22, 0x09, 0x2d, 0x2d,
  0x20, 0x55, 0x2b, 0x66, 0x30, 0x31, 0x38, 0x0d, 0x0a, 0x49, 0x43, 0x4f,
  0x4e, 0x5f, 0x46, 0x41, 0x5f, 0x52, 0x4f, 0x41, 0x44, 0x5f, 0x42, 0x41,
  0x52, 0x52, 0x49, 0x45, 0x52, 0x20, 0x3d, 0x20, 0x22, 0x5c, 0x78, 0x65,
  0x65, 0x5c, 0x78, 0x39, 0x35, 0x5c, 0x78, 0x61, 0x32, 0x22, 0x09, 0x2d,
  0x2d, 0x20, 0x55, 0x2b, 0x65, 0x35, 0x36, 0x32, 0x0d, 0x0a, 0x49, 0x43,
  0x4f, 0x4e, 0x5f, 0x46, 0x41, 0x5f, 0x52, 0x4f, 0x41, 0x44, 0x5f, 0x42,
  0x52, 0x49, 0x44, 0x47, 0x45, 0x20, 0x3d, 0x20, 0x22, 0x5c, 0x78, 0x65,
  0x65, 0x5c, 0x78, 0x39, 0x35, 0x5c, 0x78, 0x61, 0x33, 0x22, 0x09, 0x2d,
  0x2d, 0x20, 0x55, 0x2b, 0x65, 0x35, 0x36, 0x33, 0x0d, 0x0a, 0x49, 0x43,
  0x4f, 0x4e, 0x5f, 0x46, 0x41, 0x5f, 0x52, 0x4f, 0x41, 0x44, 0x5f, 0x43,
  0x49, 0x52, 0x43, 0x4c, 0x45, 0x5f, 0x43, 0x48, 0x45, 0x43, 0x4b, 0x20,
  0x3d, 0x20, 0x22, 0x5c, 0x78, 0x65, 0x65, 0x5c, 0x78, 0x39, 0x35, 0x5c,
  0x78, 0x61, 0x34, 0x22, 0x09, 0x2d, 0x2d, 0x20, 0x55, 0x2b, 0x65, 0x35,
  0x36, 0x34, 0x0d, 0x0a, 0x49, 0x43, 0x4f, 0x4e, 0x5f, 0x46, 0x41, 0x5f,
  0x52, 0x4f, 0x41, 0x44, 0x5f, 0x43, 0x49, 0x52, 0x43, 0x4c, 0x45, 0x5f,
  0x45, 0x58, 0x43, 0x4c, 0x41, 0x4d, 0x41, 0x54, 0x49, 0x4f, 0x4e, 0x20,
  0x3d, 0x20, 0x22, 0x5c, 0x78, 0x65, 0x65, 0x5c, 0x78, 0x39, 0x35, 0x5c,
  0x78, 0x61, 0x35, 0x22, 0x09, 0x2d, 0x2d, 0x20, 0x55, 0x2b, 0x65, 0x35,
  0x36, 0x35, 0x0d, 0x0a, 0x49, 0x43, 0x4f, 0x4e, 0x5f, 0x46, 0x41, 0x5f,
  0x52, 0x4f, 0x41, 0x44, 0x5f, 0x43, 0x49, 0x52, 0x43, 0x4c, 0x45, 0x5f,
  0x58, 0x4d, 0x41, 0x52, 0x4b, 0x20, 0x3d, 0x20, 0x22, 0x5c, 0x78, 0x65,
  0x65, 0x5c, 0x78, 0x39, 0x35, 0x5c, 0x78, 0x61, 0x36, 0x22, 0x09, 0x2d,
  0x2d, 0x20, 0x55, 0x2b, 0x65, 0x35, 0x36, 0x36, 0x0d, 0x0a, 0x49, 0x43,
  0x4f, 0x4e, 0x5f, 0x46, 0x41, 0x5f, 0x52, 0x4f, 0x41, 0x44, 0x5f, 0x4c,
  0x4f, 0x43, 0x4b, 0x20, 0x3d, 0x20, 0x22, 0x5c, 0x78, 0x65, 0x65, 0x5c,
  0x78, 0x39, 0x35, 0x5c, 0x78, 0x61, 0x37, 0x22, 0x09, 0x2d, 0x2d, 0x20,
  0x55, 0x2b, 0x65, 0x35, 0x36, 0x37, 0x0d, 0x0a, 0x49, 0x43, 0x4f, 0x4e,
  0x5f, 0x46, 0x41, 0x5f, 0x52, 0x4f, 0x41, 0x44, 0x5f, 0x53, 0x50, 0x49,
  0x4b, 0x45, 0x53, 0x20, 0x3d, 0x20, 0x22, 0x5c, 0x78, 0x65, 0x65, 0x5c,
  0x78, 0x39, 0x35, 0x5c, 0x78, 0x61, 0x38, 0x22, 0x09, 0x2d, 0x2d, 0x20,
  0x55, 0x2b, 0x65, 0x35, 0x36, 0x38, 0x0d, 0x0a, 0x49, 0x43, 0x4f, 0x4e,
  0x5f, 0x46, 0x41, 0x5f, 0x52, 0x4f, 0x42, 0x4f, 0x54, 0x20, 0x3d, 0x20,
  0x22, 0x5c, 0x78, 0x65, 0x66, 0x5c, 0x78, 0x39, 0x35, 0x5c, 0x78, 0x38,
  0x34, 0x22, 0x09, 0x2d, 0x2d, 0x20, 0x55, 0x2b, 0x66, 0x35, 0x34, 0x34,
  0x0d, 0x0a, 0x49, 0x43, 0x4f, 0x4e, 0x5f, 0x46, 0x41, 0x5f, 0x52, 0x4f,
  0x43, 0x4b, 0x45, 0x54, 0x20, 0x3d, 0x20, 0x22, 0x5c, 0x78, 0x65, 0x66,
  0x5c, 0x78, 0x38, 0x34, 0x5c, 0x78, 0x62, 0x35, 0x22, 0x09, 0x2d, 0x2d,
  0x20, 0x55, 0x2b, 0x66, 0x31, 0x33, 0x35, 0x0d, 0x0a, 0x49, 0x43, 0x4f,
  0x4e, 0x5f, 0x46, 0x41, 0x5f, 0x52, 0x4f, 0x54, 0x41, 0x54, 0x45, 0x20,
  0x3d, 0x20, 0x22, 0x5c, 0x78, 0x65, 0x66, 0x5c, 0x78, 0x38, 0x62, 0x5c,
  0x78, 0x62, 0x31, 0x22, 0x09, 0x2d, 0x2d, 0x20, 0x55, 0x2b, 0x66, 0x32,
  0x66, 0x31, 0x0d, 0x0a, 0x49, 0x43, 0x4f, 0x4e, 0x5f, 0x46, 0x41, 0x5f,
  0x52, 0x4f, 0x54, 0x41, 0x54, 0x45, 0x5f, 0x4c, 0x45, 0x46, 0x54, 0x20,
  0x3d, 0x20, 0x22, 0x5c, 0x78, 0x65, 0x66, 0x5c, 0x78, 0x38, 0x62, 0x5c,
  0x78, 0x61, 0x61, 0x22, 0x09, 0x2d, 0x2d, 0x20, 0x55, 0x2b, 0x66, 0x32,
  0x65, 0x61, 0x0d, 0x0a, 0x49, 0x43, 0x4f, 0x4e, 0x5f, 0x46, 0x41, 0x5f,
  0x52, 0x4f, 0x54, 0x41, 0x54, 0x45, 0x5f, 0x52, 0x49, 0x47, 0x48, 0x54,
  0x20, 0x3d, 0x20, 0x22, 0x5c, 0x78, 0x65, 0x66, 0x5c, 0x78, 0x38, 0x62,
  0x5c, 0x78, 0x62, 0x39, 0x22, 0x09, 0x2d, 0x2d, 0x20, 0x55, 0x2b, 0x66,
  0x32, 0x66, 0x39, 0x0d, 0x0a, 0x49, 0x43, 0x4f, 0x4e, 0x5f, 0x46, 0x41,
  0x5f, 0x52, 0x4f, 0x55, 0x54, 0x45, 0x20, 0x3d, 0x20, 0x22, 0x5c, 0x78,
  0x65, 0x66, 0x5c, 0x78, 0x39, 0x33, 0x5c, 0x78, 0x39, 0x37, 0x22, 0x09,
  0x2d, 0x2d, 0x20, 0x55, 0x2b, 0x66, 0x34, 0x64, 0x37, 0x0d, 0x0a, 0x49,
  0x43, 0x4f, 0x4e, 0x5f, 0x46, 0x41, 0x5f, 0x52, 0x53, 0x53, 0x20, 0x3d,
  0x20, 0x22, 0x5c, 0x78, 0x65, 0x66, 0x5c, 0x78, 0x38, 0x32, 0x5c, 0x78,
  0x39, 0x65, 0x22, 0x09, 0x2d, 0x2d, 0x20, 0x55, 0x2b, 0x66, 0x30, 0x39,
  0x65, 0x0d, 0x0a, 0x49, 0x43, 0x4f, 0x4e, 0x5f, 0x46, 0x41, 0x5f, 0x52,
  0x55, 0x42, 0x4c, 0x45, 0x5f, 0x53, 0x49, 0x47, 0x4e, 0x20, 0x3d, 0x20,
  0x22, 0x5c, 0x78, 0x65, 0x66, 0x5c, 0x78, 0x38, 0x35, 0x5c, 0x78, 0x39,
  0x38, 0x22, 0x09, 0x2d, 0x2d, 0x20, 0x55, 0x2b, 0x66, 0x31, 0x35, 0x38,
  0x0d, 0x0a, 0x49, 0x43, 0x4f, 0x4e, 0x5f, 0x46, 0x41, 0x5f, 0x52, 0x55,
  0x47, 0x20, 0x3d, 0x20, 0x22, 0x5c, 0x78, 0x65, 0x65, 0x5c, 0x78, 0x39,
  0x35, 0x5c, 0x78, 0x61, 0x39, 0x22, 0x09, 0x2d, 0x2d, 0x20, 0x55, 0x2b,
  0x65, 0x35, 0x36, 0x39, 0x0d, 0x0a, 0x49, 0x43, 0x4f, 0x4e, 0x5f, 0x46,
  0x41, 0x5f, 0x52, 0x55, 0x4c, 0x45, 0x52, 0x20, 0x3d, 0x20, 0x22, 0x5c,
  0x78, 0x65, 0x66, 0x5c, 0x78, 0x39, 0x35, 0x5c, 0x78, 0x38, 0x35, 0x22,
  0x09, 0x2d, 0x2d, 0x20, 0x55, 0x2b, 0x66, 0x35, 0x34, 0x35, 0x0d, 0x0a,
  0x49, 0x43, 0x4f, 0x4e, 0x5f, 0x46, 0x41, 0x5f, 0x52, 0x55, 0x4c, 0x45,
  0x52, 0x5f, 0x43, 0x4f, 0x4d, 0x42, 0x49, 0x4e, 0x45, 0x44, 0x20, 0x3d,
  0x20, 0x22, 0x5c, 0x78, 0x65, 0x66, 0x5c, 0x78, 0x39, 0x35, 0x5c, 0x78,
  0x38, 0x36, 0x22, 0x09, 0x2d, 0x2d, 0x20, 0x55, 0x2b, 0x66, 0x35, 0x34,
  0x36, 0x0d, 0x0a, 0x49, 0x43, 0x4f, 0x4e, 0x5f, 0x46, 0x41, 0x5f, 0x52,
  0x55, 0x4c, 0x45, 0x52, 0x5f, 0x48, 0x4f, 0x52, 0x49, 0x5a, 0x4f, 0x4e,
  0x54, 0x41, 0x4c, 0x20, 0x3d, 0x20, 0x22, 0x5c, 0x78, 0x65, 0x66, 0x5c,
  0x78, 0x39, 0x35, 0x5c, 0x78, 0x38, 0x37, 0x22, 0x09, 0x2d, 0x2d, 0x20,
  0x55, 0x2b, 0x66, 0x35, 0x34, 0x37, 0x0d, 0x0a, 0x49, 0x43, 0x4f, 0x4e,
  0x5f, 0x46, 0x41, 0x5f, 0x52, 0x55, 0x4c, 0x45, 0x52, 0x5f, 0x56, 0x45,
  0x52, 0x54, 0x49, 0x43, 0x41, 0x4c, 0x20, 0x3d, 0x20, 0x22, 0x5c, 0x78,
  0x65, 0x66, 0x5c, 0x78, 0x39, 0x35, 0x5c, 0x78, 0x38, 0x38, 0x22, 0x09,
  0x2d, 0x2d, 0x20, 0x55, 0x2b, 0x66, 0x35, 0x34, 0x38, 0x0d, 0x0a, 0x49,
  0x43, 0x4f, 0x4e, 0x5f, 0x46, 0x41, 0x5f, 0x52, 0x55, 0x50, 0x45, 0x45,
  0x5f, 0x53, 0x49, 0x47, 0x4e, 0x20, 0x3d, 0x20, 0x22, 0x5c, 0x78, 0x65,
  0x66, 0x5c, 0x78, 0x38, 0x35, 0x5c, 0x78, 0x39, 0x36, 0x22, 0x09, 0x2d,
  0x2d, 0x20, 0x55, 0x2b, 0x66, 0x31, 0x35, 0x36, 0x0d, 0x0a, 0x49, 0x43,
  0x4f, 0x4e, 0x5f, 0x46, 0x41, 0x5f, 0x52, 0x55, 0x50, 0x49, 0x41, 0x48,
  0x5f, 0x53, 0x49, 0x47, 0x4e, 0x20, 0x3d, 0x20, 0x22, 0x5c, 0x78, 0x65,
  0x65, 0x5c, 0x78, 0x38, 0x38, 0x5c, 0x78, 0x62, 0x64, 0x22, 0x09, 0x2d,
  0x2d, 0x20, 0x55, 0x2b, 0x65, 0x32, 0x33, 0x64, 0x0d, 0x0a, 0x49, 0x43,
  0x4f, 0x4e, 0x5f, 0x46, 0x41, 0x5f, 0x53, 0x20, 0x3d, 0x20, 0x22, 0x53,
  0x22, 0x09, 0x2d, 0x2d, 0x20, 0x55, 0x2b, 0x30, 0x30, 0x35, 0x33, 0x0d,
  0x0a, 0x49, 0x43, 0x4f, 0x4e, 0x5f, 0x46, 0x41, 0x5f, 0x53, 0x41, 0x43,
  0x4b, 0x5f, 0x44, 0x4f, 0x4c, 0x4c, 0x41, 0x52, 0x20, 0x3d, 0x20, 0x22,
  0x5c, 0x78, 0x65, 0x66, 0x5c, 0x78, 0x61, 0x30, 0x5c, 0x78, 0x39, 0x64,
  0x22, 0x09, 0x2d, 0x2d, 0x20, 0x55, 0x2b, 0x66, 0x38, 0x31, 0x64, 0x0d,
  0x0a, 0x49, 0x43, 0x4f, 0x4e, 0x5f, 0x46, 0x41, 0x5f, 0x53, 0x41, 0x43,
  0x4b, 0x5f, 0x58, 0x4d, 0x41, 0x52, 0x4b, 0x20, 0x3d, 0x20, 0x22, 0x5c,
  0x78, 0x65, 0x65, 0x5c, 0x78, 0x39, 0x35, 0x5c, 0x78, 0x61, 0x61, 0x22,
  0x09, 0x2d, 0x2d, 0x20, 0x55, 0x2b, 0x65, 0x35, 0x36, 0x61, 0x0d, 0x0a,
  0x49, 0x43, 0x4f, 0x4e, 0x5f, 0x46, 0x41, 0x5f, 0x53, 0x41, 0x49, 0x4c,
  0x42, 0x4f, 0x41, 0x54, 0x20, 0x3d, 0x20, 0x22, 0x5c, 0x78, 0x65, 0x65,
  0x5c, 0x78, 0x39, 0x31, 0x5c, 0x78, 0x38, 0x35, 0x22, 0x09, 0x2d, 0x2d,
  0x20, 0x55, 0x2b, 0x65, 0x34, 0x34, 0x35, 0x0d, 0x0a, 0x49, 0x43, 0x4f,
  0x4e, 0x5f, 0x46, 0x41, 0x5f, 0x53, 0x41, 0x54, 0x45, 0x4c, 0x4c, 0x49,
  0x54, 0x45, 0x20, 0x3d, 0x20, 0x22, 0x5c, 0x78, 0x65, 0x66, 0x5c, 0x78,
  0x39, 0x65, 0x5c, 0x78, 0x62, 0x66, 0x22, 0x09, 0x2d, 0x2d, 0x20, 0x55,
  0x2b, 0x66, 0x37, 0x62, 0x66, 0x0d, 0x0a, 0x49, 0x43, 0x4f, 0x4e, 0x5f,
  0x46, 0x41, 0x5f, 0x53, 0x41, 0x54, 0x45, 0x4c, 0x4c, 0x49, 0x54, 0x45,
  0x5f, 0x44, 0x49, 0x53, 0x48, 0x20, 0x3d, 0x20, 0x22, 0x5c, 0x78, 0x65,
  0x66, 0x5c, 0x78, 0x39, 0x66, 0x5c, 0x78, 0x38, 0x30, 0x22, 0x09, 0x2d,
  0x2d, 0x20, 0x55, 0x2b, 0x66, 0x37, 0x63, 0x30, 0x0d, 0x0a, 0x49, 0x43,
  0x4f, 0x4e, 0x5f, 0x46, 0x41, 0x5f, 0x53, 0x43, 0x41, 0x4c, 0x45, 0x5f,
  0x42, 0x41, 0x4c, 0x41, 0x4e, 0x43, 0x45, 0x44, 0x20, 0x3d, 0x20, 0x22,
  0x5c, 0x78, 0x65, 0x66, 0x5c, 0x78, 0x38, 0x39, 0x5c, 0x78, 0x38, 0x65,
  0x22, 0x09, 0x2d, 0x2d, 0x20, 0x55, 0x2b, 0x66, 0x32, 0x34, 0x65, 0x0d,
  0x0a, 0x49, 0x43, 0x4f, 0x4e, 0x5f, 0x46, 0x41, 0x5f, 0x53, 0x43, 0x41,
  0x4c, 0x45, 0x5f, 0x55, 0x4e, 0x42, 0x41, 0x4c, 0x41, 0x4e, 0x43, 0x45,
  0x44, 0x20, 0x3d, 0x20, 0x22, 0x5c, 0x78, 0x65, 0x66, 0x5c, 0x78, 0x39,
  0x34, 0x5c, 0x78, 0x39, 0x35, 0x22, 0x09, 0x2d, 0x2d, 0x20, 0x55, 0x2b,
  0x66, 0x35, 0x31, 0x35, 0x0d, 0x0a, 0x49, 0x43, 0x4f, 0x4e, 0x5f, 0x46,
  0x41, 0x5f, 0x53, 0x43, 0x41, 0x4c, 0x45, 0x5f, 0x55, 0x4e, 0x42, 0x41,
  0x4c, 0x41, 0x4e, 0x43, 0x45, 0x44, 0x5f, 0x46, 0x4c, 0x49, 0x50, 0x20,
  0x3d, 0x20, 0x22, 0x5c, 0x78, 0x65, 0x66, 0x5c, 0x78, 0x39, 0x34, 0x5c,
  0x78, 0x39, 0x36, 0x22, 0x09, 0x2d, 0x2d, 0x20, 0x55, 0x2b, 0x66, 0x35,
  0x31, 0x36, 0x0d, 0x0a, 0x49, 0x43, 0x4f, 0x4e, 0x5f, 0x46, 0x41, 0x5f,
  0x53, 0x43, 0x48, 0x4f, 0x4f, 0x4c, 0x20, 0x3d, 0x20, 0x22, 0x5c, 0x78,
  0x65, 0x66, 0x5c, 0x78, 0x39, 0x35, 0x5c, 0x78, 0x38, 0x39, 0x22, 0x09,
  0x2d, 0x2d, 0x20, 0x55, 0x2b, 0x66, 0x35, 0x34, 0x39, 0x0d, 0x0a, 0x49,
  0x43, 0x4f, 0x4e, 0x5f, 0x46, 0x41, 0x5f, 0x53, 0x43, 0x48, 0x4f, 0x4f,
  0x4c, 0x5f, 0x43, 0x49, 0x52, 0x43, 0x4c, 0x45, 0x5f, 0x43, 0x48, 0x45,
  0x43, 0x4b, 0x20, 0x3d, 0x20, 0x22, 0x5c, 0x78, 0x65, 0x65, 0x5c, 0x78,
  0x39, 0x35, 0x5c, 0x78, 0x61, 0x62, 0x22, 0x09, 0x2d, 0x2d, 0x20, 0x55,
  0x2b, 0x65, 0x35, 0x36, 0x62, 0x0d, 0x0a, 0x49, 0x43, 0x4f, 0x4e, 0x5f,
  0x46, 0x41, 0x5f, 0x53, 0x43, 0x48, 0x4f, 0x4f, 0x4c, 0x5f, 0x43, 0x49,
  0x52, 0x43, 0x4c, 0x45, 0x5f, 0x45, 0x58, 0x43, 0x4c, 0x41, 0x4d, 0x41,
  0x54, 0x49, 0x4f, 0x4e, 0x20, 0x3d, 0x20, 0x22, 0x5c, 0x78, 0x65, 0x65,
  0x5c, 0x78, 0x39, 0x35, 0x5c, 0x78, 0x61, 0x63, 0x22, 0x09, 0x2d, 0x2d,
  0x20, 0x55, 0x2b, 0x65, 0x35, 0x36, 0x63, 0x0d, 0x0a, 0x49, 0x43, 0x4f,
  0x4e, 0x5f, 0x46, 0x41, 0x5f, 0x53, 0x43, 0x48, 0x4f, 0x4f, 0x4c, 0x5f,
  0x43, 0x49, 0x52, 0x43, 0x4c, 0x45, 0x5f, 0x58, 0x4d, 0x41, 0x52, 0x4b,
  0x20, 0x3d, 0x20, 0x22, 0x5c, 0x78, 0x65, 0x65, 0x5c, 0x78, 0x39, 0x35,
  0x5c, 0x78, 0x61, 0x64, 0x22, 0x09, 0x2d, 0x2d, 0x20, 0x55, 0x2b, 0x65,
  0x35, 0x36, 0x64, 0x0d, 0x0a, 0x49, 0x43, 0x4f, 0x4e, 0x5f, 0x46, 0x41,
  0x5f, 0x53, 0x43, 0x48, 0x4f, 0x4f, 0x4c, 0x5f, 0x46, 0x4c, 0x41, 0x47,
  0x20, 0x3d, 0x20, 0x22, 0x5c, 0x78, 0x65, 0x65, 0x5c, 0x78, 0x39, 0x35,
  0x5c, 0x78, 0x61, 0x65, 0x22, 0x09, 0x2d, 0x2d, 0x20, 0x55, 0x2b, 0x65,
  0x35, 0x36, 0x65, 0x0d, 0x0a, 0x49, 0x43, 0x4f, 0x4e, 0x5f, 0x46, 0x41,
  0x5f, 0x53, 0x43, 0x48, 0x4f, 0x4f, 0x4c, 0x5f, 0x4c, 0x4f, 0x43, 0x4b,
  0x20, 0x3d, 0x20, 0x22, 0x5c, 0x78, 0x65, 0x65, 0x5c, 0x78, 0x39, 0x35,
  0x5c, 0x78, 0x61, 0x66, 0x22, 0x09, 0x2d, 0x2d, 0x20, 0x55, 0x2b, 0x65,
  0x35, 0x36, 0x66, 0x0d, 0x0a, 0x49, 0x43, 0x4f, 0x4e, 0x5f, 0x46, 0x41,
  0x5f, 0x53, 0x43, 0x49, 0x53, 0x53, 0x4f, 0x52, 0x53, 0x20, 0x3d, 0x20,
  0x22, 0x5c, 0x78, 0x65, 0x66, 0x5c, 0x78, 0x38, 0x33, 0x5c, 0x78, 0x38,
  0x34, 0x22, 0x09, 0x2d, 0x2d, 0x20, 0x55, 0x2b, 0x66, 0x30, 0x63, 0x34,
  0x0d, 0x0a, 0x49, 0x43, 0x4f, 0x4e, 0x5f, 0x46, 0x41, 0x5f, 0x53, 0x43,
  0x52, 0x45, 0x57, 0x44, 0x52, 0x49, 0x56, 0x45, 0x52, 0x20, 0x3d, 0x20,
  0x22, 0x5c, 0x78, 0x65, 0x66, 0x5c, 0x78, 0x39, 0x35, 0x5c, 0x78, 0x38,
  0x61, 0x22, 0x09, 0x2d, 0x2d, 0x20, 0x55, 0x2b, 0x66, 0x35, 0x34, 0x61,
  0x0d, 0x0a, 0x49, 0x43, 0x4f, 0x4e, 0x5f, 0x46, 0x41, 0x5f, 0x53, 0x43,
  0x52, 0x45, 0x57, 0x44, 0x52, 0x49, 0x56, 0x45, 0x52, 0x5f, 0x57, 0x52,
  0x45, 0x4e, 0x43, 0x48, 0x20, 0x3d, 0x20, 0x22, 0x5c, 0x78, 0x65, 0x66,
  0x5c, 0x78, 0x39, 0x66, 0x5c, 0x78, 0x39, 0x39, 0x22, 0x09, 0x2d, 0x2d,
  0x20, 0x55, 0x2b, 0x66, 0x37, 0x64, 0x39, 0x0d, 0x0a, 0x49, 0x43, 0x4f,
  0x4e, 0x5f, 0x46, 0x41, 0x5f, 0x53, 0x43, 0x52, 0x4f, 0x4c, 0x4c, 0x20,
  0x3d, 0x20, 0x22, 0x5c, 0x78, 0x65, 0x66, 0x5c, 0x78, 0x39, 0x63, 0x5c,
  0x78, 0x38, 0x65, 0x22, 0x09, 0x2d, 0x2d, 0x20, 0x55, 0x2b, 0x66, 0x37,
  0x30, 0x65, 0x0d, 0x0a, 0x49, 0x43, 0x4f, 0x4e, 0x5f, 0x46, 0x41, 0x5f,
  0x53, 0x43, 0x52, 0x4f, 0x4c, 0x4c, 0x5f, 0x54, 0x4f, 0x52, 0x41, 0x48,
  0x20, 0x3d, 0x20, 0x22, 0x5c, 0x78, 0x65, 0x66, 0x5c, 0x78, 0x39, 0x61,
  0x5c, 0x78, 0x61, 0x30, 0x22, 0x09, 0x2d, 0x2d, 0x20, 0x55, 0x2b, 0x66,
  0x36, 0x61, 0x30, 0x0d, 0x0a, 0x49, 0x43, 0x4f, 0x4e, 0x5f, 0x46, 0x41,
  0x5f, 0x53, 0x44, 0x5f, 0x43, 0x41, 0x52, 0x44, 0x20, 0x3d, 0x20, 0x22,
  0x5c, 0x78, 0x65, 0x66, 0x5c, 0x78, 0x39, 0x66, 0x5c, 0x78, 0x38, 0x32,
  0x22, 0x09, 0x2d, 0x2d, 0x20, 0x55, 0x2b, 0x66, 0x37, 0x63, 0x32, 0x0d,
  0x0a, 0x49, 0x43, 0x4f, 0x4e, 0x5f, 0x46, 0x41, 0x5f, 0x53, 0x45, 0x43,
  0x54, 0x49, 0x4f, 0x4e, 0x20, 0x3d, 0x20, 0x22, 0x5c, 0x78, 0x65, 0x65,
  0x5c, 0x78, 0x39, 0x31, 0x5c, 0x78, 0x38, 0x37, 0x22, 0x09, 0x2d, 0x2d,
  0x20, 0x55, 0x2b, 0x65, 0x34, 0x34, 0x37, 0x0d, 0x0a, 0x49, 0x43, 0x4f,
  0x4e, 0x5f, 0x46, 0x41, 0x5f, 0x53, 0x45, 0x45, 0x44, 0x4c, 0x49, 0x4e,
  0x47, 0x20, 0x3d, 0x20, 0x22, 0x5c, 0x78, 0x65, 0x66, 0x5c, 0x78, 0x39,
  0x33, 0x5c, 0x78, 0x39, 0x38, 0x22, 0x09, 0x2d, 0x2d, 0x20, 0x55, 0x2b,
  0x66, 0x34, 0x64, 0x38, 0x0d, 0x0a, 0x49, 0x43, 0x4f, 0x4e, 0x5f, 0x46,
  0x41, 0x5f, 0x53, 0x45, 0x50, 0x54, 0x41, 0x47, 0x4f, 0x4e, 0x20, 0x3d,
  0x20, 0x22, 0x5c, 0x78, 0x65, 0x65, 0x5c, 0x78, 0x61, 0x30, 0x5c, 0x78,
  0x61, 0x30, 0x22, 0x09, 0x2d, 0x2d, 0x20, 0x55, 0x2b, 0x65, 0x38, 0x32,
  0x30, 0x0d, 0x0a, 0x49, 0x43, 0x4f, 0x4e, 0x5f, 0x46, 0x41, 0x5f, 0x53,
  0x45, 0x52, 0x56, 0x45, 0x52, 0x20, 0x3d, 0x20, 0x22, 0x5c, 0x78, 0x65,
  0x66, 0x5c, 0x78, 0x38, 0x38, 0x5c, 0x78, 0x62, 0x33, 0x22, 0x09, 0x2d,
  0x2d, 0x20, 0x55, 0x2b, 0x66, 0x32, 0x33, 0x33, 0x0d, 0x0a, 0x49, 0x43,
  0x4f, 0x4e, 0x5f, 0x46, 0x41, 0x5f, 0x53, 0x48, 0x41, 0x50, 0x45, 0x53,
  0x20, 0x3d, 0x20, 0x22, 0x5c, 0x78, 0x65, 0x66, 0x5c, 0x78, 0x39, 0x38,
  0x5c, 0x78, 0x39, 0x66, 0x22, 0x09, 0x2d, 0x2d, 0x20, 0x55, 0x2b, 0x66,
  0x36, 0x31, 0x66, 0x0d, 0x0a, 0x49, 0x43, 0x4f, 0x4e, 0x5f, 0x46, 0x41,
  0x5f, 0x53, 0x48, 0x41, 0x52, 0x45, 0x20, 0x3d, 0x20, 0x22, 0x5c, 0x78,
  0x65, 0x66, 0x5c, 0x78, 0x38, 0x31, 0x5c, 0x78, 0x61, 0x34, 0x22, 0x09,
  0x2d, 0x2d, 0x20, 0x55, 0x2b, 0x66, 0x30, 0x36, 0x34, 0x0d, 0x0a, 0x49,
  0x43, 0x4f, 0x4e, 0x5f, 0x46, 0x41, 0x5f, 0x53, 0x48, 0x41, 0x52, 0x45,
  0x5f, 0x46, 0x52, 0x4f, 0x4d, 0x5f, 0x53, 0x51, 0x55, 0x41, 0x52, 0x45,
  0x20, 0x3d, 0x20, 0x22, 0x5c, 0x78, 0x65, 0x66, 0x5c, 0x78, 0x38, 0x35,
  0x5c, 0x78, 0x38, 0x64, 0x22, 0x09, 0x2d, 0x2d, 0x20, 0x55, 0x2b, 0x66,
  0x31, 0x34, 0x64, 0x0d, 0x0a, 0x49, 0x43, 0x4f, 0x4e, 0x5f, 0x46, 0x41,
  0x5f, 0x53, 0x48, 0x41, 0x52, 0x45, 0x5f, 0x4e, 0x4f, 0x44, 0x45, 0x53,
  0x20, 0x3d, 0x20, 0x22, 0x5c, 0x78, 0x65, 0x66, 0x5c, 0x78, 0x38, 0x37,
  0x5c, 0x78, 0x61, 0x30, 0x22, 0x09, 0x2d, 0x2d, 0x20, 0x55, 0x2b, 0x66,
  0x31, 0x65, 0x30, 0x0d, 0x0a, 0x49, 0x43, 0x4f, 0x4e, 0x5f, 0x46, 0x41,
  0x5f, 0x53, 0x48, 0x45, 0x45, 0x54, 0x5f, 0x50, 0x4c, 0x41, 0x53, 0x54,
  0x49, 0x43, 0x20, 0x3d, 0x20, 0x22, 0x5c, 0x78, 0x65, 0x65, 0x5c, 0x78,
  0x39, 0x35, 0x5c, 0x78, 0x62, 0x31, 0x22, 0x09, 0x2d, 0x2d, 0x20, 0x55,
  0x2b, 0x65, 0x35, 0x37, 0x31, 0x0d, 0x0a, 0x49, 0x43, 0x4f, 0x4e, 0x5f,
  0x46, 0x41, 0x5f, 0x53, 0x48, 0x45, 0x4b, 0x45, 0x4c, 0x5f, 0x53, 0x49,
  0x47, 0x4e, 0x20, 0x3d, 0x20, 0x22, 0x5c, 0x78, 0x65, 0x66, 0x5c, 0x78,
  0x38, 0x38, 0x5c, 0x78, 0x38, 0x62, 0x22, 0x09, 0x2d, 0x2d, 0x20, 0x55,
  0x2b, 0x66, 0x32, 0x30, 0x62, 0x0d, 0x0a, 0x49, 0x43, 0x4f, 0x4e, 0x5f,
  0x46, 0x41, 0x5f, 0x53, 0x48, 0x49, 0x45, 0x4c, 0x44, 0x20, 0x3d, 0x20,
  0x22, 0x5c, 0x78, 0x65, 0x66, 0x5c, 0x78, 0x38, 0x34, 0x5c, 0x78, 0x62,
  0x32, 0x22, 0x09, 0x2d, 0x2d, 0x20, 0x55, 0x2b, 0x66, 0x31, 0x33, 0x32,
  0x0d, 0x0a, 0x49, 0x43, 0x4f, 0x4e, 0x5f, 0x46, 0x41, 0x5f, 0x53, 0x48,
  0x49, 0x45, 0x4c, 0x44, 0x5f, 0x43, 0x41, 0x54, 0x20, 0x3d, 0x20, 0x22,
  0x5c, 0x78, 0x65, 0x65, 0x5c, 0x78, 0x39, 0x35, 0x5c, 0x78, 0x62, 0x32,
  0x22, 0x09, 0x2d, 0x2d, 0x20, 0x55, 0x2b, 0x65, 0x35, 0x37, 0x32, 0x0d,
  0x0a, 0x49, 0x43, 0x4f, 0x4e, 0x5f, 0x46, 0x41, 0x5f, 0x53, 0x48, 0x49,
  0x45, 0x4c, 0x44, 0x5f, 0x44, 0x4f, 0x47, 0x20, 0x3d, 0x20, 0x22, 0x5c,
  0x78, 0x65, 0x65, 0x5c, 0x78, 0x39, 0x35, 0x5c, 0x78, 0x62, 0x33, 0x22,
  0x09, 0x2d, 0x2d, 0x20, 0x55, 0x2b, 0x65, 0x35, 0x37, 0x33, 0x0d, 0x0a,
  0x49, 0x43, 0x4f, 0x4e, 0x5f, 0x46, 0x41, 0x5f, 0x53, 0x48, 0x49, 0x45,
  0x4c, 0x44, 0x5f, 0x48, 0x41, 0x4c, 0x56, 0x45, 0x44, 0x20, 0x3d, 0x20,
  0x22, 0x5c, 0x78, 0x65, 0x66, 0x5c, 0x78, 0x38, 0x66, 0x5c, 0x78, 0x61,
  0x64, 0x22, 0x09, 0x2d, 0x2d, 0x20, 0x55, 0x2b, 0x66, 0x33, 0x65, 0x64,
  0x0d, 0x0a, 0x49, 0x43, 0x4f, 0x4e, 0x5f, 0x46, 0x41, 0x5f, 0x53, 0x48,
  0x49, 0x45, 0x4c, 0x44, 0x5f, 0x48, 0x45, 0x41, 0x52, 0x54, 0x20, 0x3d,
  0x20, 0x22, 0x5c, 0x78, 0x65, 0x65, 0x5c, 0x78, 0x39, 0x35, 0x5c, 0x78,
  0x62, 0x34, 0x22, 0x09, 0x2d, 0x2d, 0x20, 0x55, 0x2b, 0x65, 0x35, 0x37,
  0x34, 0x0d, 0x0a, 0x49, 0x43, 0x4f, 0x4e, 0x5f, 0x46, 0x41, 0x5f, 0x53,
  0x48, 0x49, 0x45, 0x4c, 0x44, 0x5f, 0x56, 0x49, 0x52, 0x55, 0x53, 0x20,
  0x3d, 0x20, 0x22, 0x5c, 0x78, 0x65, 0x65, 0x5c, 0x78, 0x38, 0x31, 0x5c,
  0x78, 0x61, 0x63, 0x22, 0x09, 0x2d, 0x2d, 0x20, 0x55, 0x2b, 0x65, 0x30,
  0x36, 0x63, 0x0d, 0x0a, 0x49, 0x43, 0x4f, 0x4e, 0x5f, 0x46, 0x41, 0x5f,
  0x53, 0x48, 0x49, 0x50, 0x20, 0x3d, 0x20, 0x22, 0x5c, 0x78, 0x65, 0x66,
  0x5c, 0x78, 0x38, 0x38, 0x5c, 0x78, 0x39, 0x61, 0x22, 0x09, 0x2d, 0x2d,
  0x20, 0x55, 0x2b, 0x66, 0x32, 0x31, 0x61, 0x0d, 0x0a, 0x49, 0x43, 0x4f,
  0x4e, 0x5f, 0x46, 0x41, 0x5f, 0x53, 0x48, 0x49, 0x52, 0x54, 0x20, 0x3d,
  0x20, 0x22, 0x5c, 0x78, 0x65, 0x66, 0x5c, 0x78, 0x39, 0x35, 0x5c, 0x78,
  0x39, 0x33, 0x22, 0x09, 0x2d, 0x2d, 0x20, 0x55, 0x2b, 0x66, 0x35, 0x35,
  0x33, 0x0d, 0x0a, 0x49, 0x43, 0x4f, 0x4e, 0x5f, 0x46, 0x41, 0x5f, 0x53,
  0x48, 0x4f, 0x45, 0x5f, 0x50, 0x52, 0x49, 0x4e, 0x54, 0x53, 0x20, 0x3d,
  0x20, 0x22, 0x5c, 0x78, 0x65, 0x66, 0x5c, 0x78, 0x39, 0x35, 0x5c, 0x78,
  0x38, 0x62, 0x22, 0x09, 0x2d, 0x2d, 0x20, 0x55, 0x2b, 0x66, 0x35, 0x34,
  0x62, 0x0d, 0x0a, 0x49, 0x43, 0x4f, 0x4e, 0x5f, 0x46, 0x41, 0x5f, 0x53,
  0x48, 0x4f, 0x50, 0x20, 0x3d, 0x20, 0x22, 0x5c, 0x78, 0x65, 0x66, 0x5c,
  0x78, 0x39, 0x35, 0x5c, 0x78, 0x38, 0x66, 0x22, 0x09, 0x2d, 0x2d, 0x20,
  0x55, 0x2b, 0x66, 0x35, 0x34, 0x66, 0x0d, 0x0a, 0x49, 0x43, 0x4f, 0x4e,
  0x5f, 0x46, 0x41, 0x5f, 0x53, 0x48, 0x4f, 0x50, 0x5f, 0x4c, 0x4f, 0x43,
  0x4b, 0x20, 0x3d, 0x20, 0x22, 0x5c, 0x78, 0x65, 0x65, 0x5c, 0x78, 0x39,
  0x32, 0x5c, 0x78, 0x61, 0x35, 0x22, 0x09, 0x2d, 0x2d, 0x20, 0x55, 0x2b,
  0x65, 0x34, 0x61, 0x35, 0x0d, 0x0a, 0x49, 0x43, 0x4f, 0x4e, 0x5f, 0x46,
  0x41, 0x5f, 0x53, 0x48, 0x4f, 0x50, 0x5f, 0x53, 0x4c, 0x41, 0x53, 0x48,
  0x20, 0x3d, 0x20, 0x22, 0x5c, 0x78, 0x65, 0x65, 0x5c, 0x78, 0x38, 0x31,
  0x5c, 0x78, 0x62, 0x30, 0x22, 0x09, 0x2d, 0x2d, 0x20, 0x55, 0x2b, 0x65,
  0x30, 0x37, 0x30, 0x0d, 0x0a, 0x49, 0x43, 0x4f, 0x4e, 0x5f, 0x46, 0x41,
  0x5f, 0x53, 0x48, 0x4f, 0x57, 0x45, 0x52, 0x20, 0x3d, 0x20, 0x22, 0x5c,
  0x78, 0x65, 0x66, 0x5c, 0x78, 0x38, 0x62, 0x5c, 0x78, 0x38, 0x63, 0x22,
  0x09, 0x2d, 0x2d, 0x20, 0x55, 0x2b, 0x66, 0x32, 0x63, 0x63, 0x0d, 0x0a,
  0x49, 0x43, 0x4f, 0x4e, 0x5f, 0x46, 0x41, 0x5f, 0x53, 0x48, 0x52, 0x49,
  0x4d, 0x50, 0x20, 0x3d, 0x20, 0x22, 0x5c, 0x78, 0x65, 0x65, 0x5c, 0x78,
  0x39, 0x31, 0x5c, 0x78, 0x38, 0x38, 0x22, 0x09, 0x2d, 0x2d, 0x20, 0x55,
  0x2b, 0x65, 0x34, 0x34, 0x38, 0x0d, 0x0a, 0x49, 0x43, 0x4f, 0x4e, 0x5f,
  0x46, 0x41, 0x5f, 0x53, 0x48, 0x55, 0x46, 0x46, 0x4c, 0x45, 0x20, 0x3d,
  0x20, 0x22, 0x5c, 0x78, 0x65, 0x66, 0x5c, 0x78, 0x38, 0x31, 0x5c, 0x78,
  0x62, 0x34, 0x22, 0x09, 0x2d, 0x2d, 0x20, 0x55, 0x2b, 0x66, 0x30, 0x37,
  0x34, 0x0d, 0x0a, 0x49, 0x43, 0x4f, 0x4e, 0x5f, 0x46, 0x41, 0x5f, 0x53,
  0x48, 0x55, 0x54, 0x54, 0x4c, 0x45, 0x5f, 0x53, 0x50, 0x41, 0x43, 0x45,
  0x20, 0x3d, 0x20, 0x22, 0x5c, 0x78, 0x65, 0x66, 0x5c, 0x78, 0x38, 0x36,
  0x5c, 0x78, 0x39, 0x37, 0x22, 0x09, 0x2d, 0x2d, 0x20, 0x55, 0x2b, 0x66,
  0x31, 0x39, 0x37, 0x0d, 0x0a, 0x49, 0x43, 0x4f, 0x4e, 0x5f, 0x46, 0x41,
  0x5f, 0x53, 0x49, 0x47, 0x4e, 0x5f, 0x48, 0x41, 0x4e, 0x47, 0x49, 0x4e,
  0x47, 0x20, 0x3d, 0x20, 0x22, 0x5c, 0x78, 0x65, 0x66, 0x5c, 0x78, 0x39,
  0x33, 0x5c, 0x78, 0x39, 0x39, 0x22, 0x09, 0x2d, 0x2d, 0x20, 0x55, 0x2b,
  0x66, 0x34, 0x64, 0x39, 0x0d, 0x0a, 0x49, 0x43, 0x4f, 0x4e, 0x5f, 0x46,
  0x41, 0x5f, 0x53, 0x49, 0x47, 0x4e, 0x41, 0x4c, 0x20, 0x3d, 0x20, 0x22,
  0x5c, 0x78, 0x65, 0x66, 0x5c, 0x78, 0x38, 0x30, 0x5c, 0x78, 0x39, 0x32,
  0x22, 0x09, 0x2d, 0x2d, 0x20, 0x55, 0x2b, 0x66, 0x30, 0x31, 0x32, 0x0d,
  0x0a, 0x49, 0x43, 0x4f, 0x4e, 0x5f, 0x46, 0x41, 0x5f, 0x53, 0x49, 0x47,
  0x4e, 0x41, 0x54, 0x55, 0x52, 0x45, 0x20, 0x3d, 0x20, 0x22, 0x5c, 0x78,
  0x65, 0x66, 0x5c, 0x78, 0x39, 0x36, 0x5c, 0x78, 0x62, 0x37, 0x22, 0x09,
  0x2d, 0x2d, 0x20, 0x55, 0x2b, 0x66, 0x35, 0x62, 0x37, 0x0d, 0x0a, 0x49,
  0x43, 0x4f, 0x4e, 0x5f, 0x46, 0x41, 0x5f, 0x53, 0x49, 0x47, 0x4e, 0x53,
  0x5f, 0x50, 0x4f, 0x53, 0x54, 0x20, 0x3d, 0x20, 0x22, 0x5c, 0x78, 0x65,
  0x66, 0x5c, 0x78, 0x38, 0x39, 0x5c, 0x78, 0x62, 0x37, 0x22, 0x09, 0x2d,
  0x2d, 0x20, 0x55, 0x2b, 0x66, 0x32, 0x37, 0x37, 0x0d, 0x0a, 0x49, 0x43,
  0x4f, 0x4e, 0x5f, 0x46, 0x41, 0x5f, 0x53, 0x49, 0x4d, 0x5f, 0x43, 0x41,
  0x52, 0x44, 0x20, 0x3d, 0x20, 0x22, 0x5c, 0x78, 0x65, 0x66, 0x5c, 0x78,
  0x39, 0x66, 0x5c, 0x78, 0x38, 0x34, 0x22, 0x09, 0x2d, 0x2d, 0x20, 0x55,
  0x2b, 0x66, 0x37, 0x63, 0x34, 0x0d, 0x0a, 0x49, 0x43, 0x4f, 0x4e, 0x5f,
  0x46, 0x41, 0x5f, 0x53, 0x49, 0x4e, 0x47, 0x4c, 0x45, 0x5f, 0x51, 0x55,
  0x4f, 0x54, 0x45, 0x5f, 0x4c, 0x45, 0x46, 0x54, 0x20, 0x3d, 0x20, 0x22,
  0x5c, 0x78, 0x65, 0x65, 0x5c, 0x78, 0x61, 0x30, 0x5c, 0x78, 0x39, 0x62,
  0x22, 0x09, 0x2d, 0x2d, 0x20, 0x55, 0x2b, 0x65, 0x38, 0x31, 0x62, 0x0d,
  0x0a, 0x49, 0x43, 0x4f, 0x4e, 0x5f, 0x46, 0x41, 0x5f, 0x53, 0x49, 0x4e,
  0x47, 0x4c, 0x45, 0x5f, 0x51, 0x55, 0x4f, 0x54, 0x45, 0x5f, 0x52, 0x49,
  0x47, 0x48, 0x54, 0x20, 0x3d, 0x20, 0x22, 0x5c, 0x78, 0x65, 0x65, 0x5c,
  0x78, 0x61, 0x30, 0x5c, 0x78, 0x39, 0x63, 0x22, 0x09, 0x2d, 0x2d, 0x20,
  0x55, 0x2b, 0x65, 0x38, 0x31, 0x63, 0x0d, 0x0a, 0x49, 0x43, 0x4f, 0x4e,
  0x5f, 0x46, 0x41, 0x5f, 0x53, 0x49, 0x4e, 0x4b, 0x20, 0x3d, 0x20, 0x22,
  0x5c, 0x78, 0x65, 0x65, 0x5c, 0x78, 0x38, 0x31, 0x5c, 0x78, 0x61, 0x64,
  0x22, 0x09, 0x2d, 0x2d, 0x20, 0x55, 0x2b, 0x65, 0x30, 0x36, 0x64, 0x0d,
  0x0a, 0x49, 0x43, 0x4f, 0x4e, 0x5f, 0x46, 0x41, 0x5f, 0x53, 0x49, 0x54,
  0x45, 0x4d, 0x41, 0x50, 0x20, 0x3d, 0x20, 0x22, 0x5c, 0x78, 0x65, 0x66,
  0x5c, 0x78, 0x38, 0x33, 0x5c, 0x78, 0x61, 0x38, 0x22, 0x09, 0x2d, 0x2d,
  0x20, 0x55, 0x2b, 0x66, 0x30, 0x65, 0x38, 0x0d, 0x0a, 0x49, 0x43, 0x4f,
  0x4e, 0x5f, 0x46, 0x41, 0x5f, 0x53, 0x4b, 0x55, 0x4c, 0x4c, 0x20, 0x3d,
  0x20, 0x22, 0x5c, 0x78, 0x65, 0x66, 0x5c, 0x78, 0x39, 0x35, 0x5c, 0x78,
  0x38, 0x63, 0x22, 0x09, 0x2d, 0x2d, 0x20, 0x55, 0x2b, 0x66, 0x35, 0x34,
  0x63, 0x0d, 0x0a, 0x49, 0x43, 0x4f, 0x4e, 0x5f, 0x46, 0x41, 0x5f, 0x53,
  0x4b, 0x55, 0x4c, 0x4c, 0x5f, 0x43, 0x52, 0x4f, 0x53, 0x53, 0x42, 0x4f,
  0x4e, 0x45, 0x53, 0x20, 0x3d, 0x20, 0x22, 0x5c, 0x78, 0x65, 0x66, 0x5c,
  0x78, 0x39, 0x63, 0x5c, 0x78, 0x39, 0x34, 0x22, 0x09, 0x2d, 0x2d, 0x20,
  0x55, 0x2b, 0x66, 0x37, 0x31, 0x34, 0x0d, 0x0a, 0x49, 0x43, 0x4f, 0x4e,
  0x5f, 0x46, 0x41, 0x5f, 0x53, 0x4c, 0x41, 0x53, 0x48, 0x20, 0x3d, 0x20,
  0x22, 0x5c, 0x78, 0x65, 0x66, 0x5c, 0x78, 0x39, 0x63, 0x5c, 0x78, 0x39,
  0x35, 0x22, 0x09, 0x2d, 0x2d, 0x20, 0x55, 0x2b, 0x66, 0x37, 0x31, 0x35,
  0x0d, 0x0a, 0x49, 0x43, 0x4f, 0x4e, 0x5f, 0x46, 0x41, 0x5f, 0x53, 0x4c,
  0x45, 0x49, 0x47, 0x48, 0x20, 0x3d, 0x20, 0x22, 0x5c, 0x78, 0x65, 0x66,
  0x5c, 0x78, 0x39, 0x66, 0x5c, 0x78, 0x38, 0x63, 0x22, 0x09, 0x2d, 0x2d,
  0x20, 0x55, 0x2b, 0x66, 0x37, 0x63, 0x63, 0x0d, 0x0a, 0x49, 0x43, 0x4f,
  0x4e, 0x5f, 0x46, 0x41, 0x5f, 0x53, 0x4c, 0x49, 0x44, 0x45, 0x52, 0x53,
  0x20, 0x3d, 0x20, 0x22, 0x5c, 0x78, 0x65, 0x66, 0x5c, 0x78, 0x38, 0x37,
  0x5c, 0x78, 0x39, 0x65, 0x22, 0x09, 0x2d, 0x2d, 0x20, 0x55, 0x2b, 0x66,
  0x31, 0x64, 0x65, 0x0d, 0x0a, 0x49, 0x43, 0x4f, 0x4e, 0x5f, 0x46, 0x41,
  0x5f, 0x53, 0x4d, 0x4f, 0x47, 0x20, 0x3d, 0x20, 0x22, 0x5c, 0x78, 0x65,
  0x66, 0x5c, 0x78, 0x39, 0x64, 0x5c, 0x78, 0x39, 0x66, 0x22, 0x09, 0x2d,
  0x2d, 0x20, 0x55, 0x2b, 0x66, 0x37, 0x35, 0x66, 0x0d, 0x0a, 0x49, 0x43,
  0x4f, 0x4e, 0x5f, 0x46, 0x41, 0x5f, 0x53, 0x4d, 0x4f, 0x4b, 0x49, 0x4e,
  0x47, 0x20, 0x3d, 0x20, 0x22, 0x5c, 0x78, 0x65, 0x66, 0x5c, 0x78, 0x39,
  0x32, 0x5c, 0x78, 0x38, 0x64, 0x22, 0x09, 0x2d, 0x2d, 0x20, 0x55, 0x2b,
  0x66, 0x34, 0x38, 0x64, 0x0d, 0x0a, 0x49, 0x43, 0x4f, 0x4e, 0x5f, 0x46,
  0x41, 0x5f, 0x53, 0x4e, 0x4f, 0x57, 0x46, 0x4c, 0x41, 0x4b, 0x45, 0x20,
  0x3d, 0x20, 0x22, 0x5c, 0x78, 0x65, 0x66, 0x5c, 0x78, 0x38, 0x62, 0x5c,
  0x78, 0x39, 0x63, 0x22, 0x09, 0x2d, 0x2d, 0x20, 0x55, 0x2b, 0x66, 0x32,
  0x64, 0x63, 0x0d, 0x0a, 0x49, 0x43, 0x4f, 0x4e, 0x5f, 0x46, 0x41, 0x5f,
  0x53, 0x4e, 0x4f, 0x57, 0x4d, 0x41, 0x4e, 0x20, 0x3d, 0x20, 0x22, 0x5c,
  0x78, 0x65, 0x66, 0x5c, 0x78, 0x39, 0x66, 0x5c, 0x78, 0x39, 0x30, 0x22,
  0x09, 0x2d, 0x2d, 0x20, 0x55, 0x2b, 0x66, 0x37, 0x64, 0x30, 0x0d, 0x0a,
  0x49, 0x43, 0x4f, 0x4e, 0x5f, 0x46, 0x41, 0x5f, 0x53, 0x4e, 0x4f, 0x57,
  0x50, 0x4c, 0x4f, 0x57, 0x20, 0x3d, 0x20, 0x22, 0x5c, 0x78, 0x65, 0x66,
  0x5c, 0x78, 0x39, 0x66, 0x5c, 0x78, 0x39, 0x32, 0x22, 0x09, 0x2d, 0x2d,
  0x20, 0x55, 0x2b, 0x66, 0x37, 0x64, 0x32, 0x0d, 0x0a, 0x49, 0x43, 0x4f,
  0x4e, 0x5f, 0x46, 0x41, 0x5f, 0x53, 0x4f, 0x41, 0x50, 0x20, 0x3d, 0x20,
  0x22, 0x5c, 0x78, 0x65, 0x65, 0x5c, 0x78, 0x38, 0x31, 0x5c, 0x78, 0x61,
  0x65, 0x22, 0x09, 0x2d, 0x2d, 0x20, 0x55, 0x2b, 0x65, 0x30, 0x36, 0x65,
  0x0d, 0x0a, 0x49, 0x43, 0x4f, 0x4e, 0x5f, 0x46, 0x41, 0x5f, 0x53, 0x4f,
  0x43, 0x4b, 0x53, 0x20, 0x3d, 0x20, 0x22, 0x5c, 0x78, 0x65, 0x66, 0x5c,
  0x78, 0x39, 0x61, 0x5c, 0x78, 0x39, 0x36, 0x22, 0x09, 0x2d, 0x2d, 0x20,
  0x55, 0x2b, 0x66, 0x36, 0x39, 0x36, 0x0d, 0x0a, 0x49, 0x43, 0x4f, 0x4e,
  0x5f, 0x46, 0x41, 0x5f, 0x53, 0x4f, 0x4c, 0x41, 0x52, 0x5f, 0x50, 0x41,
  0x4e, 0x45, 0x4c, 0x20, 0x3d, 0x20, 0x22, 0x5c, 0x78, 0x65, 0x66, 0x5c,
  0x78, 0x39, 0x36, 0x5c, 0x78, 0x62, 0x61, 0x22, 0x09, 0x2d, 0x2d, 0x20,
  0x55, 0x2b, 0x66, 0x35, 0x62, 0x61, 0x0d, 0x0a, 0x49, 0x43, 0x4f, 0x4e,
  0x5f, 0x46, 0x41, 0x5f, 0x53, 0x4f, 0x52, 0x54, 0x20, 0x3d, 0x20, 0x22,
  0x5c, 0x78, 0x65, 0x66, 0x5c, 0x78, 0x38, 0x33, 0x5c, 0x78, 0x39, 0x63,
  0x22, 0x09, 0x2d, 0x2d, 0x20, 0x55, 0x2b, 0x66, 0x30, 0x64, 0x63, 0x0d,
  0x0a, 0x49, 0x43, 0x4f, 0x4e, 0x5f, 0x46, 0x41, 0x5f, 0x53, 0x4f, 0x52,
  0x54, 0x5f, 0x44, 0x4f, 0x57, 0x4e, 0x20, 0x3d, 0x20, 0x22, 0x5c, 0x78,
  0x65, 0x66, 0x5c, 0x78, 0x38, 0x33, 0x5c, 0x78, 0x39, 0x64, 0x22, 0x09,
  0x2d, 0x2d, 0x20, 0x55, 0x2b, 0x66, 0x30, 0x64, 0x64, 0x0d, 0x0a, 0x49,
  0x43, 0x4f, 0x4e, 0x5f, 0x46, 0x41, 0x5f, 0x53, 0x4f, 0x52, 0x54, 0x5f,
  0x55, 0x50, 0x20, 0x3d, 0x20, 0x22, 0x5c, 0x78, 0x65, 0x66, 0x5c, 0x78,
  0x38, 0x33, 0x5c, 0x78, 0x39, 0x65, 0x22, 0x09, 0x2d, 0x2d, 0x20, 0x55,
  0x2b, 0x66, 0x30, 0x64, 0x65, 0x0d, 0x0a, 0x49, 0x43, 0x4f, 0x4e, 0x5f,
  0x46, 0x41, 0x5f, 0x53, 0x50, 0x41, 0x20, 0x3d, 0x20, 0x22, 0x5c, 0x78,
  0x65, 0x66, 0x5c, 0x78, 0x39, 0x36, 0x5c, 0x78, 0x62, 0x62, 0x22, 0x09,
  0x2d, 0x2d, 0x20, 0x55, 0x2b, 0x66, 0x35, 0x62, 0x62, 0x0d, 0x0a, 0x49,
  0x43, 0x4f, 0x4e, 0x5f, 0x46, 0x41, 0x5f, 0x53, 0x50, 0x41, 0x47, 0x48,
  0x45, 0x54, 0x54, 0x49, 0x5f, 0x4d, 0x4f, 0x4e, 0x53, 0x54, 0x45, 0x52,
  0x5f, 0x46, 0x4c, 0x59, 0x49, 0x4e, 0x47, 0x20, 0x3d, 0x20, 0x22, 0x5c,
  0x78, 0x65, 0x66, 0x5c, 0x78, 0x39, 0x39, 0x5c, 0x78, 0x62, 0x62, 0x22,
  0x09, 0x2d, 0x2d, 0x20, 0x55, 0x2b, 0x66, 0x36, 0x37, 0x62, 0x0d, 0x0a,
  0x49, 0x43, 0x4f, 0x4e, 0x5f, 0x46, 0x41, 0x5f, 0x53, 0x50, 0x45, 0x4c,
  0x4c, 0x5f, 0x43, 0x48, 0x45, 0x43, 0x4b, 0x20, 0x3d, 0x20, 0x22, 0x5c,
  0x78, 0x65, 0x66, 0x5c, 0x78, 0x61, 0x32, 0x5c, 0x78, 0x39, 0x31, 0x22,
  0x09, 0x2d, 0x2d, 0x20, 0x55, 0x2b, 0x66, 0x38, 0x39, 0x31, 0x0d, 0x0a,
  0x49, 0x43, 0x4f, 0x4e, 0x5f, 0x46, 0x41, 0x5f, 0x53, 0x50, 0x49, 0x44,
  0x45, 0x52, 0x20, 0x3d, 0x20, 0x22, 0x5c, 0x78, 0x65, 0x66, 0x5c, 0x78,
  0x39, 0x63, 0x5c, 0x78, 0x39, 0x37, 0x22, 0x09, 0x2d, 0x2d, 0x20, 0x55,
  0x2b, 0x66, 0x37, 0x31, 0x37, 0x0d, 0x0a, 0x49, 0x43, 0x4f, 0x4e, 0x5f,
  0x46, 0x41, 0x5f, 0x53, 0x50, 0x49, 0x4e, 0x4e, 0x45, 0x52, 0x20, 0x3d,
  0x20, 0x22, 0x5c, 0x78, 0x65, 0x66, 0x5c, 0x78, 0x38, 0x34, 0x5c, 0x78,
  0x39, 0x30, 0x22, 0x09, 0x2d, 0x2d, 0x20, 0x55, 0x2b, 0x66, 0x31, 0x31,
  0x30, 0x0d, 0x0a, 0x49, 0x43, 0x4f, 0x4e, 0x5f, 0x46, 0x41, 0x5f, 0x53,
  0x50, 0x49, 0x52, 0x41, 0x4c, 0x20, 0x3d, 0x20, 0x22, 0x5c, 0x78, 0x65,
  0x65, 0x5c, 0x78, 0x61, 0x30, 0x5c, 0x78, 0x38, 0x61, 0x22, 0x09, 0x2d,
  0x2d, 0x20, 0x55, 0x2b, 0x65, 0x38, 0x30, 0x61, 0x0d, 0x0a, 0x49, 0x43,
  0x4f, 0x4e, 0x5f, 0x46, 0x41, 0x5f, 0x53, 0x50, 0x4c, 0x4f, 0x54, 0x43,
  0x48, 0x20, 0x3d, 0x20, 0x22, 0x5c, 0x78, 0x65, 0x66, 0x5c, 0x78, 0x39,
  0x36, 0x5c, 0x78, 0x62, 0x63, 0x22, 0x09, 0x2d, 0x2d, 0x20, 0x55, 0x2b,
  0x66, 0x35, 0x62, 0x63, 0x0d, 0x0a, 0x49, 0x43, 0x4f, 0x4e, 0x5f, 0x46,
  0x41, 0x5f, 0x53, 0x50, 0x4f, 0x4f, 0x4e, 0x20, 0x3d, 0x20, 0x22, 0x5c,
  0x78, 0x65, 0x66, 0x5c, 0x78, 0x38, 0x62, 0x5c, 0x78, 0x61, 0x35, 0x22,
  0x09, 0x2d, 0x2d, 0x20, 0x55, 0x2b, 0x66, 0x32, 0x65, 0x35, 0x0d, 0x0a,
  0x49, 0x43, 0x4f, 0x4e, 0x5f, 0x46, 0x41, 0x5f, 0x53, 0x50, 0x52, 0x41,
  0x59, 0x5f, 0x43, 0x41, 0x4e, 0x20, 0x3d, 0x20, 0x22, 0x5c, 0x78, 0x65,
  0x66, 0x5c, 0x78, 0x39, 0x36, 0x5c, 0x78, 0x62, 0x64, 0x22, 0x09, 0x2d,
  0x2d, 0x20, 0x55, 0x2b, 0x66, 0x35, 0x62, 0x64, 0x0d, 0x0a, 0x49, 0x43,
  0x4f, 0x4e, 0x5f, 0x46, 0x41, 0x5f, 0x53, 0x50, 0x52, 0x41, 0x59, 0x5f,
  0x43, 0x41, 0x4e, 0x5f, 0x53, 0x50, 0x41, 0x52, 0x4b, 0x4c, 0x45, 0x53,
  0x20, 0x3d, 0x20, 0x22, 0x5c, 0x78, 0x65, 0x66, 0x5c, 0x78, 0x39, 0x37,
  0x5c, 0x78, 0x39, 0x30, 0x22, 0x09, 0x2d, 0x2d, 0x20, 0x55, 0x2b, 0x66,
  0x35, 0x64, 0x30, 0x0d, 0x0a, 0x49, 0x43, 0x4f, 0x4e, 0x5f, 0x46, 0x41,
  0x5f, 0x53, 0x51, 0x55, 0x41, 0x52, 0x45, 0x20, 0x3d, 0x20, 0x22, 0x5c,
  0x78, 0x65, 0x66, 0x5c, 0x78, 0x38, 0x33, 0x5c, 0x78, 0x38, 0x38, 0x22,
  0x09, 0x2d, 0x2d, 0x20, 0x55, 0x2b, 0x66, 0x30, 0x63, 0x38, 0x0d, 0x0a,
  0x49, 0x43, 0x4f, 0x4e, 0x5f, 0x46, 0x41, 0x5f, 0x53, 0x51, 0x55, 0x41,
  0x52, 0x45, 0x5f, 0x41, 0x52, 0x52, 0x4f, 0x57, 0x5f, 0x55, 0x50, 0x5f,
  0x52, 0x49, 0x47, 0x48, 0x54, 0x20, 0x3d, 0x20, 0x22, 0x5c, 0x78, 0x65,
  0x66, 0x5c, 0x78, 0x38, 0x35, 0x5c, 0x78, 0x38, 0x63, 0x22, 0x09, 0x2d,
  0x2d, 0x20, 0x55, 0x2b, 0x66, 0x31, 0x34, 0x63, 0x0d, 0x0a, 0x49, 0x43,
  0x4f, 0x4e, 0x5f, 0x46, 0x41, 0x5f, 0x53, 0x51, 0x55, 0x41, 0x52, 0x45,
  0x5f, 0x42, 0x49, 0x4e, 0x41, 0x52, 0x59, 0x20, 0x3d, 0x20, 0x22, 0x5c,
  0x78, 0x65, 0x65, 0x5c, 0x78, 0x39, 0x61, 0x5c, 0x78, 0x39, 0x62, 0x22,
  0x09, 0x2d, 0x2d, 0x20, 0x55, 0x2b, 0x65, 0x36, 0x39, 0x62, 0x0d, 0x0a,
  0x49, 0x43, 0x4f, 0x4e, 0x5f, 0x46, 0x41, 0x5f, 0x53, 0x51, 0x55, 0x41,
  0x52, 0x45, 0x5f, 0x43, 0x41, 0x52, 0x45, 0x54, 0x5f, 0x44, 0x4f, 0x57,
  0x4e, 0x20, 0x3d, 0x20, 0x22, 0x5c, 0x78, 0x65, 0x66, 0x5c, 0x78, 0x38,
  0x35, 0x5c, 0x78, 0x39, 0x30, 0x22, 0x09, 0x2d, 0x2d, 0x20, 0x55, 0x2b,
  0x66, 0x31, 0x35, 0x30, 0x0d, 0x0a, 0x49, 0x43, 0x4f, 0x4e, 0x5f, 0x46,
  0x41, 0x5f, 0x53, 0x51, 0x55, 0x41, 0x52, 0x45, 0x5f, 0x43, 0x41, 0x52,
  0x45, 0x54, 0x5f, 0x4c, 0x45, 0x46, 0x54, 0x20, 0x3d, 0x20, 0x22, 0x5c,
  0x78, 0x65, 0x66, 0x5c, 0x78, 0x38, 0x36, 0x5c, 0x78, 0x39, 0x31, 0x22,
  0x09, 0x2d, 0x2d, 0x20, 0x55, 0x2b, 0x66, 0x31, 0x39, 0x31, 0x0d, 0x0a,
  0x49, 0x43, 0x4f, 0x4e, 0x5f, 0x46, 0x41, 0x5f, 0x53, 0x51, 0x55, 0x41,
  0x52, 0x45, 0x5f, 0x43, 0x41, 0x52, 0x45, 0x54, 0x5f, 0x52, 0x49, 0x47,
  0x48, 0x54, 0x20, 0x3d, 0x20, 0x22, 0x5c, 0x78, 0x65, 0x66, 0x5c, 0x78,
  0x38, 0x35, 0x5c, 0x78, 0x39, 0x32, 0x22, 0x09, 0x2d, 0x2d, 0x20, 0x55,
  0x2b, 0x66, 0x31, 0x35, 0x32, 0x0d, 0x0a, 0x49, 0x43, 0x4f, 0x4e, 0x5f,
  0x46, 0x41, 0x5f, 0x53, 0x51, 0x55, 0x41, 0x52, 0x45, 0x5f, 0x43, 0x41,
  0x52, 0x45, 0x54, 0x5f, 0x55, 0x50, 0x20, 0x3d, 0x20, 0x22, 0x5c, 0x78,
  0x65, 0x66, 0x5c, 0x78, 0x38, 0x35, 0x5c, 0x78, 0x39, 0x31, 0x22, 0x09,
  0x2d, 0x2d, 0x20, 0x55, 0x2b, 0x66, 0x31, 0x35, 0x31, 0x0d, 0x0a, 0x49,
  0x43, 0x4f, 0x4e, 0x5f, 0x46, 0x41, 0x5f, 0x53, 0x51, 0x55, 0x41, 0x52,
  0x45, 0x5f, 0x43, 0x48, 0x45, 0x43, 0x4b, 0x20, 0x3d, 0x20, 0x22, 0x5c,
  0x78, 0x65, 0x66, 0x5c, 0x78, 0x38, 0x35, 0x5c, 0x78, 0x38, 0x61, 0x22,
  0x09, 0x2d, 0x2d, 0x20, 0x55, 0x2b, 0x66, 0x31, 0x34, 0x61, 0x0d, 0x0a,
  0x49, 0x43, 0x4f, 0x4e, 0x5f, 0x46, 0x41, 0x5f, 0x53, 0x51, 0x55, 0x41,
  0x52, 0x45, 0x5f, 0x45, 0x4e, 0x56, 0x45, 0x4c, 0x4f, 0x50, 0x45, 0x20,
  0x3d, 0x20, 0x22, 0x5c, 0x78, 0x65, 0x66, 0x5c, 0x78, 0x38, 0x36, 0x5c,
  0x78, 0x39, 0x39, 0x22, 0x09, 0x2d, 0x2d, 0x20, 0x55, 0x2b, 0x66, 0x31,
  0x39, 0x39, 0x0d, 0x0a, 0x49, 0x43, 0x4f, 0x4e, 0x5f, 0x46, 0x41, 0x5f,
  0x53, 0x51, 0x55, 0x41, 0x52, 0x45, 0x5f, 0x46, 0x55, 0x4c, 0x4c, 0x20,
  0x3d, 0x20, 0x22, 0x5c, 0x78, 0x65, 0x66, 0x5c, 0x78, 0x39, 0x31, 0x5c,
  0x78, 0x39, 0x63, 0x22, 0x09, 0x2d, 0x2d, 0x20, 0x55, 0x2b, 0x66, 0x34,
  0x35, 0x63, 0x0d, 0x0a, 0x49, 0x43, 0x4f, 0x4e, 0x5f, 0x46, 0x41, 0x5f,
  0x53, 0x51, 0x55, 0x41, 0x52, 0x45, 0x5f, 0x48, 0x20, 0x3d, 0x20, 0x22,
  0x5c, 0x78, 0x65, 0x66, 0x5c, 0x78, 0x38, 0x33, 0x5c, 0x78, 0x62, 0x64,
  0x22, 0x09, 0x2d, 0x2d, 0x20, 0x55, 0x2b, 0x66, 0x30, 0x66, 0x64, 0x0d,
  0x0a, 0x49, 0x43, 0x4f, 0x4e, 0x5f, 0x46, 0x41, 0x5f, 0x53, 0x51, 0x55,
  0x41, 0x52, 0x45, 0x5f, 0x4d, 0x49, 0x4e, 0x55, 0x53, 0x20, 0x3d, 0x20,
  0x22, 0x5c, 0x78, 0x65, 0x66, 0x5c, 0x78, 0x38, 0x35, 0x5c, 0x78, 0x38,
  0x36, 0x22, 0x09, 0x2d, 0x2d, 0x20, 0x55, 0x2b, 0x66, 0x31, 0x34, 0x36,
  0x0d, 0x0a, 0x49, 0x43, 0x4f, 0x4e, 0x5f, 0x46, 0x41, 0x5f, 0x53, 0x51,
  0x55, 0x41, 0x52, 0x45, 0x5f, 0x4e, 0x46, 0x49, 0x20, 0x3d, 0x20, 0x22,
  0x5c, 0x78, 0x65, 0x65, 0x5c, 0x78, 0x39, 0x35, 0x5c, 0x78, 0x62, 0x36,
  0x22, 0x09, 0x2d, 0x2d, 0x20, 0x55, 0x2b, 0x65, 0x35, 0x37, 0x36, 0x0d,
  0x0a, 0x49, 0x43, 0x4f, 0x4e, 0x5f, 0x46, 0x41, 0x5f, 0x53, 0x51, 0x55,
  0x41, 0x52, 0x45, 0x5f, 0x50, 0x41, 0x52, 0x4b, 0x49, 0x4e, 0x47, 0x20,
  0x3d, 0x20, 0x22, 0x5c, 0x78, 0x65, 0x66, 0x5c, 0x78, 0x39, 0x35, 0x5c,
  0x78, 0x38, 0x30, 0x22, 0x09, 0x2d, 0x2d, 0x20, 0x55, 0x2b, 0x66, 0x35,
  0x34, 0x30, 0x0d, 0x0a, 0x49, 0x43, 0x4f, 0x4e, 0x5f, 0x46, 0x41, 0x5f,
  0x53, 0x51, 0x55, 0x41, 0x52, 0x45, 0x5f, 0x50, 0x45, 0x4e, 0x20, 0x3d,
  0x20, 0x22, 0x5c, 0x78, 0x65, 0x66, 0x5c, 0x78, 0x38, 0x35, 0x5c, 0x78,
  0x38, 0x62, 0x22, 0x09, 0x2d, 0x2d, 0x20, 0x55, 0x2b, 0x66, 0x31, 0x34,
  0x62, 0x0d, 0x0a, 0x49, 0x43, 0x4f, 0x4e, 0x5f, 0x46, 0x41, 0x5f, 0x53,
  0x51, 0x55, 0x41, 0x52, 0x45, 0x5f, 0x50, 0x45, 0x52, 0x53, 0x4f, 0x4e,
  0x5f, 0x43, 0x4f, 0x4e, 0x46, 0x49, 0x4e, 0x45, 0x44, 0x20, 0x3d, 0x20,
  0x22, 0x5c, 0x78, 0x65, 0x65, 0x5c, 0x78, 0x39, 0x35, 0x5c, 0x78, 0x62,
  0x37, 0x22, 0x09, 0x2d, 0x2d, 0x20, 0x55, 0x2b, 0x65, 0x35, 0x37, 0x37,
  0x0d, 0x0a, 0x49, 0x43, 0x4f, 0x4e, 0x5f, 0x46, 0x41, 0x5f, 0x53, 0x51,
  0x55, 0x41, 0x52, 0x45, 0x5f, 0x50, 0x48, 0x4f, 0x4e, 0x45, 0x20, 0x3d,
  0x20, 0x22, 0x5c, 0x78, 0x65, 0x66, 0x5c, 0x78, 0x38, 0x32, 0x5c, 0x78,
  0x39, 0x38, 0x22, 0x09, 0x2d, 0x2d, 0x20, 0x55, 0x2b, 0x66, 0x30, 0x39,
  0x38, 0x0d, 0x0a, 0x49, 0x43, 0x4f, 0x4e, 0x5f, 0x46, 0x41, 0x5f, 0x53,
  0x51, 0x55, 0x41, 0x52, 0x45, 0x5f, 0x50, 0x48, 0x4f, 0x4e, 0x45, 0x5f,
  0x46, 0x4c, 0x49, 0x50, 0x20, 0x3d, 0x20, 0x22, 0x5c, 0x78, 0x65, 0x66,
  0x5c, 0x78, 0x61, 0x31, 0x5c, 0x78, 0x62, 0x62, 0x22, 0x09, 0x2d, 0x2d,
  0x20, 0x55, 0x2b, 0x66, 0x38, 0x37, 0x62, 0x0d, 0x0a, 0x49, 0x43, 0x4f,
  0x4e, 0x5f, 0x46, 0x41, 0x5f, 0x53, 0x51, 0x55, 0x41, 0x52, 0x45, 0x5f,
  0x50, 0x4c, 0x55, 0x53, 0x20, 0x3d, 0x20, 0x22, 0x5c, 0x78, 0x65, 0x66,
  0x5c, 0x78, 0x38, 0x33, 0x5c, 0x78, 0x62, 0x65, 0x22, 0x09, 0x2d, 0x2d,
  0x20, 0x55, 0x2b, 0x66, 0x30, 0x66, 0x65, 0x0d, 0x0a, 0x49, 0x43, 0x4f,
  0x4e, 0x5f, 0x46, 0x41, 0x5f, 0x53, 0x51, 0x55, 0x41, 0x52, 0x45, 0x5f,
  0x50, 0x4f, 0x4c, 0x4c, 0x5f, 0x48, 0x4f, 0x52, 0x49, 0x5a, 0x4f, 0x4e,
  0x54, 0x41, 0x4c, 0x20, 0x3d, 0x20, 0x22, 0x5c, 0x78, 0x65, 0x66, 0x5c,
  0x78, 0x39, 0x61, 0x5c, 0x78, 0x38, 0x32, 0x22, 0x09, 0x2d, 0x2d, 0x20,
  0x55, 0x2b, 0x66, 0x36, 0x38, 0x32, 0x0d, 0x0a, 0x49, 0x43, 0x4f, 0x4e,
  0x5f, 0x46, 0x41, 0x5f, 0x53, 0x51, 0x55, 0x41, 0x52, 0x45, 0x5f, 0x50,
  0x4f, 0x4c, 0x4c, 0x5f, 0x56, 0x45, 0x52, 0x54, 0x49, 0x43, 0x41, 0x4c,
  0x20, 0x3d, 0x20, 0x22, 0x5c, 0x78, 0x65, 0x66, 0x5c, 0x78, 0x39, 0x61,
  0x5c, 0x78, 0x38, 0x31, 0x22, 0x09, 0x2d, 0x2d, 0x20, 0x55, 0x2b, 0x66,
  0x36, 0x38, 0x31, 0x0d, 0x0a, 0x49, 0x43, 0x4f, 0x4e, 0x5f, 0x46, 0x41,
  0x5f, 0x53, 0x51, 0x55, 0x41, 0x52, 0x45, 0x5f, 0x52, 0x4f, 0x4f, 0x54,
  0x5f, 0x56, 0x41, 0x52, 0x49, 0x41, 0x42, 0x4c, 0x45, 0x20, 0x3d, 0x20,
  0x22, 0x5c, 0x78, 0x65, 0x66, 0x5c, 0x78, 0x39, 0x61, 0x5c, 0x78, 0x39,
  0x38, 0x22, 0x09, 0x2d, 0x2d, 0x20, 0x55, 0x2b, 0x66, 0x36, 0x39, 0x38,
  0x0d, 0x0a, 0x49, 0x43, 0x4f, 0x4e, 0x5f, 0x46, 0x41, 0x5f, 0x53, 0x51,
  0x55, 0x41, 0x52, 0x45, 0x5f, 0x52, 0x53, 0x53, 0x20, 0x3d, 0x20, 0x22,
  0x5c, 0x78, 0x65, 0x66, 0x5c, 0x78, 0x38, 0x35, 0x5c, 0x78, 0x38, 0x33,
  0x22, 0x09, 0x2d, 0x2d, 0x20, 0x55, 0x2b, 0x66, 0x31, 0x34, 0x33, 0x0d,
  0x0a, 0x49, 0x43, 0x4f, 0x4e, 0x5f, 0x46, 0x41, 0x5f, 0x53, 0x51, 0x55,
  0x41, 0x52, 0x45, 0x5f, 0x53, 0x48, 0x41, 0x52, 0x45, 0x5f, 0x4e, 0x4f,
  0x44, 0x45, 0x53, 0x20, 0x3d, 0x20, 0x22, 0x5c, 0x78, 0x65, 0x66, 0x5c,
  0x78, 0x38, 0x37, 0x5c, 0x78, 0x61, 0x31, 0x22, 0x09, 0x2d, 0x2d, 0x20,
  0x55, 0x2b, 0x66, 0x31, 0x65, 0x31, 0x0d, 0x0a, 0x49, 0x43, 0x4f, 0x4e,
  0x5f, 0x46, 0x41, 0x5f, 0x53, 0x51, 0x55, 0x41, 0x52, 0x45, 0x5f, 0x55,
  0x50, 0x5f, 0x52, 0x49, 0x47, 0x48, 0x54, 0x20, 0x3d, 0x20, 0x22, 0x5c,
  0x78, 0x65, 0x66, 0x5c, 0x78, 0x38, 0x64, 0x5c, 0x78, 0x61, 0x30, 0x22,
  0x09, 0x2d, 0x2d, 0x20, 0x55, 0x2b, 0x66, 0x33, 0x36, 0x30, 0x0d, 0x0a,
  0x49, 0x43, 0x4f, 0x4e, 0x5f, 0x46, 0x41, 0x5f, 0x53, 0x51, 0x55, 0x41,
  0x52, 0x45, 0x5f, 0x56, 0x49, 0x52, 0x55, 0x53, 0x20, 0x3d, 0x20, 0x22,
  0x5c, 0x78, 0x65, 0x65, 0x5c, 0x78, 0x39, 0x35, 0x5c, 0x78, 0x62, 0x38,
  0x22, 0x09, 0x2d, 0x2d, 0x20, 0x55, 0x2b, 0x65, 0x35, 0x37, 0x38, 0x0d,
  0x0a, 0x49, 0x43, 0x4f, 0x4e, 0x5f, 0x46, 0x41, 0x5f, 0x53, 0x51, 0x55,
  0x41, 0x52, 0x45, 0x5f, 0x58, 0x4d, 0x41, 0x52, 0x4b, 0x20, 0x3d, 0x20,
  0x22, 0x5c, 0x78, 0x65, 0x66, 0x5c, 0x78, 0x38, 0x62, 0x5c, 0x78, 0x39,
  0x33, 0x22, 0x09, 0x2d, 0x2d, 0x20, 0x55, 0x2b, 0x66, 0x32, 0x64, 0x33,
  0x0d, 0x0a, 0x49, 0x43, 0x4f, 0x4e, 0x5f, 0x46, 0x41, 0x5f, 0x53, 0x54,
  0x41, 0x46, 0x46, 0x5f, 0x53, 0x4e, 0x41, 0x4b, 0x45, 0x20, 0x3d, 0x20,
  0x22, 0x5c, 0x78, 0x65, 0x65, 0x5c, 0x78, 0x39, 0x35, 0x5c, 0x78, 0x62,
  0x39, 0x22, 0x09, 0x2d, 0x2d, 0x20, 0x55, 0x2b, 0x65, 0x35, 0x37, 0x39,
  0x0d, 0x0a, 0x49, 0x43, 0x4f, 0x4e, 0x5f, 0x46, 0x41, 0x5f, 0x53, 0x54,
  0x41, 0x49, 0x52, 0x53, 0x20, 0x3d, 0x20, 0x22, 0x5c, 0x78, 0x65, 0x65,
  0x5c, 0x78, 0x38, 0x61, 0x5c, 0x78, 0x38, 0x39, 0x22, 0x09, 0x2d, 0x2d,
  0x20, 0x55, 0x2b, 0x65, 0x32, 0x38, 0x39, 0x0d, 0x0a, 0x49, 0x43, 0x4f,
  0x4e, 0x5f, 0x46, 0x41, 0x5f, 0x53, 0x54, 0x41, 0x4d, 0x50, 0x20, 0x3d,
  0x20, 0x22, 0x5c, 0x78, 0x65, 0x66, 0x5c, 0x78, 0x39, 0x36, 0x5c, 0x78,
  0x62, 0x66, 0x22, 0x09, 0x2d, 0x2d, 0x20, 0x55, 0x2b, 0x66, 0x35, 0x62,
  0x66, 0x0d, 0x0a, 0x49, 0x43, 0x4f, 0x4e, 0x5f, 0x46, 0x41, 0x5f, 0x53,
  0x54, 0x41, 0x50, 0x4c, 0x45, 0x52, 0x20, 0x3d, 0x20, 0x22, 0x5c, 0x78,
  0x65, 0x65, 0x5c, 0x78, 0x39, 0x36, 0x5c, 0x78, 0x61, 0x66, 0x22, 0x09,
  0x2d, 0x2d, 0x20, 0x55, 0x2b, 0x65, 0x35, 0x61, 0x66, 0x0d, 0x0a, 0x49,
  0x43, 0x4f, 0x4e, 0x5f, 0x46, 0x41, 0x5f, 0x53, 0x54, 0x41, 0x52, 0x20,
  0x3d, 0x20, 0x22, 0x5c, 0x78, 0x65, 0x66, 0x5c, 0x78, 0x38, 0x30, 0x5c,
  0x78, 0x38, 0x35, 0x22, 0x09, 0x2d, 0x2d, 0x20, 0x55, 0x2b, 0x66, 0x30,
  0x30, 0x35, 0x0d, 0x0a, 0x49, 0x43, 0x4f, 0x4e, 0x5f, 0x46, 0x41, 0x5f,
  0x53, 0x54, 0x41, 0x52, 0x5f, 0x41, 0x4e, 0x44, 0x5f, 0x43, 0x52, 0x45,
  0x53, 0x43, 0x45, 0x4e, 0x54, 0x20, 0x3d, 0x20, 0x22, 0x5c, 0x78, 0x65,
  0x66, 0x5c, 0x78, 0x39, 0x61, 0x5c, 0x78, 0x39, 0x39, 0x22, 0x09, 0x2d,
  0x2d, 0x20, 0x55, 0x2b, 0x66, 0x36, 0x39, 0x39, 0x0d, 0x0a, 0x49, 0x43,
  0x4f, 0x4e, 0x5f, 0x46, 0x41, 0x5f, 0x53, 0x54, 0x41, 0x52, 0x5f, 0x48,
  0x41, 0x4c, 0x46, 0x20, 0x3d, 0x20, 0x22, 0x5c, 0x78, 0x65, 0x66, 0x5c,
  0x78, 0x38, 0x32, 0x5c, 0x78, 0x38, 0x39, 0x22, 0x09, 0x2d, 0x2d, 0x20,
  0x55, 0x2b, 0x66, 0x30, 0x38, 0x39, 0x0d, 0x0a, 0x49, 0x43, 0x4f, 0x4e,
  0x5f, 0x46, 0x41, 0x5f, 0x53, 0x54, 0x41, 0x52, 0x5f, 0x48, 0x41, 0x4c,
  0x46, 0x5f, 0x53, 0x54, 0x52, 0x4f, 0x4b, 0x45, 0x20, 0x3d, 0x20, 0x22,
  0x5c, 0x78, 0x65, 0x66, 0x5c, 0x78, 0x39, 0x37, 0x5c, 0x78, 0x38, 0x30,
  0x22, 0x09, 0x2d, 0x2d, 0x20, 0x55, 0x2b, 0x66, 0x35, 0x63, 0x30, 0x0d,
  0x0a, 0x49, 0x43, 0x4f, 0x4e, 0x5f, 0x46, 0x41, 0x5f, 0x53, 0x54, 0x41,
  0x52, 0x5f, 0x4f, 0x46, 0x5f, 0x44, 0x41, 0x56, 0x49, 0x44, 0x20, 0x3d,
  0x20, 0x22, 0x5c, 0x78, 0x65, 0x66, 0x5c, 0x78, 0x39, 0x61, 0x5c, 0x78,
  0x39, 0x61, 0x22, 0x09, 0x2d, 0x2d, 0x20, 0x55, 0x2b, 0x66, 0x36, 0x39,
  0x61, 0x0d, 0x0a, 0x49, 0x43, 0x4f, 0x4e, 0x5f, 0x46, 0x41, 0x5f, 0x53,
  0x54, 0x41, 0x52, 0x5f, 0x4f, 0x46, 0x5f, 0x4c, 0x49, 0x46, 0x45, 0x20,
  0x3d, 0x20, 0x22, 0x5c, 0x78, 0x65, 0x66, 0x5c, 0x78, 0x39, 0x38, 0x5c,
  0x78, 0x61, 0x31, 0x22, 0x09, 0x2d, 0x2d, 0x20, 0x55, 0x2b, 0x66, 0x36,
  0x32, 0x31, 0x0d, 0x0a, 0x49, 0x43, 0x4f, 0x4e, 0x5f, 0x46, 0x41, 0x5f,
  0x53, 0x54, 0x45, 0x52, 0x4c, 0x49, 0x4e, 0x47, 0x5f, 0x53, 0x49, 0x47,
  0x4e, 0x20, 0x3d, 0x20, 0x22, 0x5c, 0x78, 0x65, 0x66, 0x5c, 0x78, 0x38,
  0x35, 0x5c, 0x78, 0x39, 0x34, 0x22, 0x09, 0x2d, 0x2d, 0x20, 0x55, 0x2b,
  0x66, 0x31, 0x35, 0x34, 0x0d, 0x0a, 0x49, 0x43, 0x4f, 0x4e, 0x5f, 0x46,
  0x41, 0x5f, 0x53, 0x54, 0x45, 0x54, 0x48, 0x4f, 0x53, 0x43, 0x4f, 0x50,
  0x45, 0x20, 0x3d, 0x20, 0x22, 0x5c, 0x78, 0x65, 0x66, 0x5c, 0x78, 0x38,
  0x33, 0x5c, 0x78, 0x62, 0x31, 0x22, 0x09, 0x2d, 0x2d, 0x20, 0x55, 0x2b,
  0x66, 0x30, 0x66, 0x31, 0x0d, 0x0a, 0x49, 0x43, 0x4f, 0x4e, 0x5f, 0x46,
  0x41, 0x5f, 0x53, 0x54, 0x4f, 0x50, 0x20, 0x3d, 0x20, 0x22, 0x5c, 0x78,
  0x65, 0x66, 0x5c, 0x78, 0x38, 0x31, 0x5c, 0x78, 0x38, 0x64, 0x22, 0x09,
  0x2d, 0x2d, 0x20, 0x55, 0x2b, 0x66, 0x30, 0x34, 0x64, 0x0d, 0x0a, 0x49,
  0x43, 0x4f, 0x4e, 0x5f, 0x46, 0x41, 0x5f, 0x53, 0x54, 0x4f, 0x50, 0x57,
  0x41, 0x54, 0x43, 0x48, 0x20, 0x3d, 0x20, 0x22, 0x5c, 0x78, 0x65, 0x66,
  0x5c, 0x78, 0x38, 0x62, 0x5c, 0x78, 0x62, 0x32, 0x22, 0x09, 0x2d, 0x2d,
  0x20, 0x55, 0x2b, 0x66, 0x32, 0x66, 0x32, 0x0d, 0x0a, 0x49, 0x43, 0x4f,
  0x4e, 0x5f, 0x46, 0x41, 0x5f, 0x53, 0x54, 0x4f, 0x50, 0x57, 0x41, 0x54,
  0x43, 0x48, 0x5f, 0x32, 0x30, 0x20, 0x3d, 0x20, 0x22, 0x5c, 0x78, 0x65,
  0x65, 0x5c, 0x78, 0x38, 0x31, 0x5c, 0x78, 0x61, 0x66, 0x22, 0x09, 0x2d,
  0x2d, 0x20, 0x55, 0x2b, 0x65, 0x30, 0x36, 0x66, 0x0d, 0x0a, 0x49, 0x43,
  0x4f, 0x4e, 0x5f, 0x46, 0x41, 0x5f, 0x53, 0x54, 0x4f, 0x52, 0x45, 0x20,
  0x3d, 0x20, 0x22, 0x5c, 0x78, 0x65, 0x66, 0x5c, 0x78, 0x39, 0x35, 0x5c,
  0x78, 0x38, 0x65, 0x22, 0x09, 0x2d, 0x2d, 0x20, 0x55, 0x2b, 0x66, 0x35,
  0x34, 0x65, 0x0d, 0x0a, 0x49, 0x43, 0x4f, 0x4e, 0x5f, 0x46, 0x41, 0x5f,
  0x53, 0x54, 0x4f, 0x52, 0x45, 0x5f, 0x53, 0x4c, 0x41, 0x53, 0x48, 0x20,
  0x3d, 0x20, 0x22, 0x5c, 0x78, 0x65, 0x65, 0x5c, 0x78, 0x38, 0x31, 0x5c,
  0x78, 0x62, 0x31, 0x22, 0x09, 0x2d, 0x2d, 0x20, 0x55, 0x2b, 0x65, 0x30,
  0x37, 0x31, 0x0d, 0x0a, 0x49, 0x43, 0x4f, 0x4e, 0x5f, 0x46, 0x41, 0x5f,
  0x53, 0x54, 0x52, 0x45, 0x45, 0x54, 0x5f, 0x56, 0x49, 0x45, 0x57, 0x20,
  0x3d, 0x20, 0x22, 0x5c, 0x78, 0x65, 0x66, 0x5c, 0x78, 0x38, 0x38, 0x5c,
  0x78, 0x39, 0x64, 0x22, 0x09, 0x2d, 0x2d, 0x20, 0x55, 0x2b, 0x66, 0x32,
  0x31, 0x64, 0x0d, 0x0a, 0x49, 0x43, 0x4f, 0x4e, 0x5f, 0x46, 0x41, 0x5f,
  0x53, 0x54, 0x52, 0x49, 0x4b, 0x45, 0x54, 0x48, 0x52, 0x4f, 0x55, 0x47,
  0x48, 0x20, 0x3d, 0x20, 0x22, 0x5c, 0x78, 0x65, 0x66, 0x5c, 0x78, 0x38,
  0x33, 0x5c, 0x78, 0x38, 0x63, 0x22, 0x09, 0x2d, 0x2d, 0x20, 0x55, 0x2b,
  0x66, 0x30, 0x63, 0x63, 0x0d, 0x0a, 0x49, 0x43, 0x4f, 0x4e, 0x5f, 0x46,
  0x41, 0x5f, 0x53, 0x54, 0x52, 0x4f, 0x4f, 0x50, 0x57, 0x41, 0x46, 0x45,
  0x4c, 0x20, 0x3d, 0x20, 0x22, 0x5c, 0x78, 0x65, 0x66, 0x5c, 0x78, 0x39,
  0x35, 0x5c, 0x78, 0x39, 0x31, 0x22, 0x09, 0x2d, 0x2d, 0x20, 0x55, 0x2b,
  0x66, 0x35, 0x35, 0x31, 0x0d, 0x0a, 0x49, 0x43, 0x4f, 0x4e, 0x5f, 0x46,
  0x41, 0x5f, 0x53, 0x55, 0x42, 0x53, 0x43, 0x52, 0x49, 0x50, 0x54, 0x20,
  0x3d, 0x20, 0x22, 0x5c, 0x78, 0x65, 0x66, 0x5c, 0x78, 0x38, 0x34, 0x5c,
  0x78, 0x61, 0x63, 0x22, 0x09, 0x2d, 0x2d, 0x20, 0x55, 0x2b, 0x66, 0x31,
  0x32, 0x63, 0x0d, 0x0a, 0x49, 0x43, 0x4f, 0x4e, 0x5f, 0x46, 0x41, 0x5f,
  0x53, 0x55, 0x49, 0x54, 0x43, 0x41, 0x53, 0x45, 0x20, 0x3d, 0x20, 0x22,
  0x5c, 0x78, 0x65, 0x66, 0x5c, 0x78, 0x38, 0x33, 0x5c, 0x78, 0x62, 0x32,
  0x22, 0x09, 0x2d, 0x2d, 0x20, 0x55, 0x2b, 0x66, 0x30, 0x66, 0x32, 0x0d,
  0x0a, 0x49, 0x43, 0x4f, 0x4e, 0x5f, 0x46, 0x41, 0x5f, 0x53, 0x55, 0x49,
  0x54, 0x43, 0x41, 0x53, 0x45, 0x5f, 0x4d, 0x45, 0x44, 0x49, 0x43, 0x41,
  0x4c, 0x20, 0x3d, 0x20, 0x22, 0x5c, 0x78, 0x65, 0x66, 0x5c, 0x78, 0x38,
  0x33, 0x5c, 0x78, 0x62, 0x61, 0x22, 0x09, 0x2d, 0x2d, 0x20, 0x55, 0x2b,
  0x66, 0x30, 0x66, 0x61, 0x0d, 0x0a, 0x49, 0x43, 0x4f, 0x4e, 0x5f, 0x46,
  0x41, 0x5f, 0x53, 0x55, 0x49, 0x54, 0x43, 0x41, 0x53, 0x45, 0x5f, 0x52,
  0x4f, 0x4c, 0x4c, 0x49, 0x4e, 0x47, 0x20, 0x3d, 0x20, 0x22, 0x5c, 0x78,
  0x65, 0x66, 0x5c, 0x78, 0x39, 0x37, 0x5c, 0x78, 0x38, 0x31, 0x22, 0x09,
  0x2d, 0x2d, 0x20, 0x55, 0x2b, 0x66, 0x35, 0x63, 0x31, 0x0d, 0x0a, 0x49,
  0x43, 0x4f, 0x4e, 0x5f, 0x46, 0x41, 0x5f, 0x53, 0x55, 0x4e, 0x20, 0x3d,
  0x20, 0x22, 0x5c, 0x78, 0x65, 0x66, 0x5c, 0x78, 0x38, 0x36, 0x5c, 0x78,
  0x38, 0x35, 0x22, 0x09, 0x2d, 0x2d, 0x20, 0x55, 0x2b, 0x66, 0x31, 0x38,
  0x35, 0x0d, 0x0a, 0x49, 0x43, 0x4f, 0x4e, 0x5f, 0x46, 0x41, 0x5f, 0x53,
  0x55, 0x4e, 0x5f, 0x50, 0x4c, 0x41, 0x4e, 0x54, 0x5f, 0x57, 0x49, 0x4c,
  0x54, 0x20, 0x3d, 0x20, 0x22, 0x5c, 0x78, 0x65, 0x65, 0x5c, 0x78, 0x39,
  0x35, 0x5c, 0x78, 0x62, 0x61, 0x22, 0x09, 0x2d, 0x2d, 0x20, 0x55, 0x2b,
  0x65, 0x35, 0x37, 0x61, 0x0d, 0x0a, 0x49, 0x43, 0x4f, 0x4e, 0x5f, 0x46,
  0x41, 0x5f, 0x53, 0x55, 0x50, 0x45, 0x52, 0x53, 0x43, 0x52, 0x49, 0x50,
  0x54, 0x20, 0x3d, 0x20, 0x22, 0x5c, 0x78, 0x65, 0x66, 0x5c, 0x78, 0x38,
  0x34, 0x5c, 0x78, 0x61, 0x62, 0x22, 0x09, 0x2d, 0x2d, 0x20, 0x55, 0x2b,
  0x66, 0x31, 0x32, 0x62, 0x0d, 0x0a, 0x49, 0x43, 0x4f, 0x4e, 0x5f, 0x46,
  0x41, 0x5f, 0x53, 0x57, 0x41, 0x54, 0x43, 0x48, 0x42, 0x4f, 0x4f, 0x4b,
  0x20, 0x3d, 0x20, 0x22, 0x5c, 0x78, 0x65, 0x66, 0x5c, 0x78, 0x39, 0x37,
  0x5c, 0x78, 0x38, 0x33, 0x22, 0x09, 0x2d, 0x2d, 0x20, 0x55, 0x2b, 0x66,
  0x35, 0x63, 0x33, 0x0d, 0x0a, 0x49, 0x43, 0x4f, 0x4e, 0x5f, 0x46, 0x41,
  0x5f, 0x53, 0x59, 0x4e, 0x41, 0x47, 0x4f, 0x47, 0x55, 0x45, 0x20, 0x3d,
  0x20, 0x22, 0x5c, 0x78, 0x65, 0x66, 0x5c, 0x78, 0x39, 0x61, 0x5c, 0x78,
  0x39, 0x62, 0x22, 0x09, 0x2d, 0x2d, 0x20, 0x55, 0x2b, 0x66, 0x36, 0x39,
  0x62, 0x0d, 0x0a, 0x49, 0x43, 0x4f, 0x4e, 0x5f, 0x46, 0x41, 0x5f, 0x53,
  0x59, 0x52, 0x49, 0x4e, 0x47, 0x45, 0x20, 0x3d, 0x20, 0x22, 0x5c, 0x78,
  0x65, 0x66, 0x5c, 0x78, 0x39, 0x32, 0x5c, 0x78, 0x38, 0x65, 0x22, 0x09,
  0x2d, 0x2d, 0x20, 0x55, 0x2b, 0x66, 0x34, 0x38, 0x65, 0x0d, 0x0a, 0x49,
  0x43, 0x4f, 0x4e, 0x5f, 0x46, 0x41, 0x5f, 0x54, 0x20, 0x3d, 0x20, 0x22,
  0x54, 0x22, 0x09, 0x2d, 0x2d, 0x20, 0x55, 0x2b, 0x30, 0x30, 0x35, 0x34,
  0x0d, 0x0a, 0x49, 0x43, 0x4f, 0x4e, 0x5f, 0x46, 0x41, 0x5f, 0x54, 0x41,
  0x42, 0x4c, 0x45, 0x20, 0x3d, 0x20, 0x22, 0x5c, 0x78, 0x65, 0x66, 0x5c,
  0x78, 0x38, 0x33, 0x5c, 0x78, 0x38, 0x65, 0x22, 0x09, 0x2d, 0x2d, 0x20,
  0x55, 0x2b, 0x66, 0x30, 0x63, 0x65, 0x0d, 0x0a, 0x49, 0x43, 0x4f, 0x4e,
  0x5f, 0x46, 0x41, 0x5f, 0x54, 0x41, 0x42, 0x4c, 0x45, 0x5f, 0x43, 0x45,
  0x4c, 0x4c, 0x53, 0x20, 0x3d, 0x20, 0x22, 0x5c, 0x78, 0x65, 0x66, 0x5c,
  0x78, 0x38, 0x30, 0x5c, 0x78, 0x38, 0x61, 0x22, 0x09, 0x2d, 0x2d, 0x20,
  0x55, 0x2b, 0x66, 0x30, 0x30, 0x61, 0x0d, 0x0a, 0x49, 0x43, 0x4f, 0x4e,
  0x5f, 0x46, 0x41, 0x5f, 0x54, 0x41, 0x42, 0x4c, 0x45, 0x5f, 0x43, 0x45,
  0x4c, 0x4c, 0x53, 0x5f, 0x43, 0x4f, 0x4c, 0x55, 0x4d, 0x4e, 0x5f, 0x4c,
  0x4f, 0x43, 0x4b, 0x20, 0x3d, 0x20, 0x22, 0x5c, 0x78, 0x65, 0x65, 0x5c,
  0x78, 0x39, 0x39, 0x5c, 0x78, 0x62, 0x38, 0x22, 0x09, 0x2d, 0x2d, 0x20,
  0x55, 0x2b, 0x65, 0x36, 0x37, 0x38, 0x0d, 0x0a, 0x49, 0x43, 0x4f, 0x4e,
  0x5f, 0x46, 0x41, 0x5f, 0x54, 0x41, 0x42, 0x4c, 0x45, 0x5f, 0x43, 0x45,
  0x4c, 0x4c, 0x53, 0x5f, 0x4c, 0x41, 0x52, 0x47, 0x45, 0x20, 0x3d, 0x20,
  0x22, 0x5c, 0x78, 0x65, 0x66, 0x5c, 0x78, 0x38, 0x30, 0x5c, 0x78, 0x38,
  0x39, 0x22, 0x09, 0x2d, 0x2d, 0x20, 0x55, 0x2b, 0x66, 0x30, 0x30, 0x39,
  0x0d, 0x0a, 0x49, 0x43, 0x4f, 0x4e, 0x5f, 0x46, 0x41, 0x5f, 0x54, 0x41,
  0x42, 0x4c, 0x45, 0x5f, 0x43, 0x45, 0x4c, 0x4c, 0x53, 0x5f, 0x52, 0x4f,
  0x57, 0x5f, 0x4c, 0x4f, 0x43, 0x4b, 0x20, 0x3d, 0x20, 0x22, 0x5c, 0x78,
  0x65, 0x65, 0x5c, 0x78, 0x39, 0x39, 0x5c, 0x78, 0x62, 0x61, 0x22, 0x09,
  0x2d, 0x2d, 0x20, 0x55, 0x2b, 0x65, 0x36, 0x37, 0x61, 0x0d, 0x0a, 0x49,
  0x43, 0x4f, 0x4e, 0x5f, 0x46, 0x41, 0x5f, 0x54, 0x41, 0x42, 0x4c, 0x45,
  0x5f, 0x43, 0x45, 0x4c, 0x4c, 0x53, 0x5f, 0x52, 0x4f, 0x57, 0x5f, 0x55,
  0x4e, 0x4c, 0x4f, 0x43, 0x4b, 0x20, 0x3d, 0x20, 0x22, 0x5c, 0x78, 0x65,
  0x65, 0x5c, 0x78, 0x39, 0x61, 0x5c, 0x78, 0x39, 0x31, 0x22, 0x09, 0x2d,
  0x2d, 0x20, 0x55, 0x2b, 0x65, 0x36, 0x39, 0x31, 0x0d, 0x0a, 0x49, 0x43,
  0x4f, 0x4e, 0x5f, 0x46, 0x41, 0x5f, 0x54, 0x41, 0x42, 0x4c, 0x45, 0x5f,
  0x43, 0x4f, 0x4c, 0x55, 0x4d, 0x4e, 0x53, 0x20, 0x3d, 0x20, 0x22, 0x5c,
  0x78, 0x65, 0x66, 0x5c, 0x78, 0x38, 0x33, 0x5c, 0x78, 0x39, 0x62, 0x22,
  0x09, 0x2d, 0x2d, 0x20, 0x55, 0x2b, 0x66, 0x30, 0x64, 0x62, 0x0d, 0x0a,
  0x49, 0x43, 0x4f, 0x4e, 0x5f, 0x46, 0x41, 0x5f, 0x54, 0x41, 0x42, 0x4c,
  0x45, 0x5f, 0x4c, 0x49, 0x53, 0x54, 0x20, 0x3d, 0x20, 0x22, 0x5c, 0x78,
  0x65, 0x66, 0x5c, 0x78, 0x38, 0x30, 0x5c, 0x78, 0x38, 0x62, 0x22, 0x09,
  0x2d, 0x2d, 0x20, 0x55, 0x2b, 0x66, 0x30, 0x30, 0x62, 0x0d, 0x0a, 0x49,
  0x43, 0x4f, 0x4e, 0x5f, 0x46, 0x41, 0x5f, 0x54, 0x41, 0x42, 0x4c, 0x45,
  0x5f, 0x54, 0x45, 0x4e, 0x4e, 0x49, 0x53, 0x5f, 0x50, 0x41, 0x44, 0x44,
  0x4c, 0x45, 0x5f, 0x42, 0x41, 0x4c, 0x4c, 0x20, 0x3d, 0x20, 0x22, 0x5c,
  0x78, 0x65, 0x66, 0x5c, 0x78, 0x39, 0x31, 0x5c, 0x78, 0x39, 0x64, 0x22,
  0x09, 0x2d, 0x2d, 0x20, 0x55, 0x2b, 0x66, 0x34, 0x35, 0x64, 0x0d, 0x0a,
  0x49, 0x43, 0x4f, 0x4e, 0x5f, 0x46, 0x41, 0x5f, 0x54, 0x41, 0x42, 0x4c,
  0x45, 0x54, 0x20, 0x3d, 0x20, 0x22, 0x5c, 0x78, 0x65, 0x66, 0x5c, 0x78,
  0x38, 0x66, 0x5c, 0x78, 0x62, 0x62, 0x22, 0x09, 0x2d, 0x2d, 0x20, 0x55,
  0x2b, 0x66, 0x33, 0x66, 0x62, 0x0d, 0x0a, 0x49, 0x43, 0x4f, 0x4e, 0x5f,
  0x46, 0x41, 0x5f, 0x54, 0x41, 0x42, 0x4c, 0x45, 0x54, 0x5f, 0x42, 0x55,
  0x54, 0x54, 0x4f, 0x4e, 0x20, 0x3d, 0x20, 0x22, 0x5c, 0x78, 0x65, 0x66,
  0x5c, 0x78, 0x38, 0x34, 0x5c, 0x78, 0x38, 0x61, 0x22, 0x09, 0x2d, 0x2d,
  0x20, 0x55, 0x2b, 0x66, 0x31, 0x30, 0x61, 0x0d, 0x0a, 0x49, 0x43, 0x4f,
  0x4e, 0x5f, 0x46, 0x41, 0x5f, 0x54, 0x41, 0x42, 0x4c, 0x45, 0x54, 0x5f,
  0x53, 0x43, 0x52, 0x45, 0x45, 0x4e, 0x5f, 0x42, 0x55, 0x54, 0x54, 0x4f,
  0x4e, 0x20, 0x3d, 0x20, 0x22, 0x5c, 0x78, 0x65, 0x66, 0x5c, 0x78, 0x38,
  0x66, 0x5c, 0x78, 0x62, 0x61, 0x22, 0x09, 0x2d, 0x2d, 0x20, 0x55, 0x2b,
  0x66, 0x33, 0x66, 0x61, 0x0d, 0x0a, 0x49, 0x43, 0x4f, 0x4e, 0x5f, 0x46,
  0x41, 0x5f, 0x54, 0x41, 0x42, 0x4c, 0x45, 0x54, 0x53, 0x20, 0x3d, 0x20,
  0x22, 0x5c, 0x78, 0x65, 0x66, 0x5c, 0x78, 0x39, 0x32, 0x5c, 0x78, 0x39,
  0x30, 0x22, 0x09, 0x2d, 0x2d, 0x20, 0x55, 0x2b, 0x66, 0x34, 0x39, 0x30,
  0x0d, 0x0a, 0x49, 0x43, 0x4f, 0x4e, 0x5f, 0x46, 0x41, 0x5f, 0x54, 0x41,
  0x43, 0x48, 0x4f, 0x47, 0x52, 0x41, 0x50, 0x48, 0x5f, 0x44, 0x49, 0x47,
  0x49, 0x54, 0x41, 0x4c, 0x20, 0x3d, 0x20, 0x22, 0x5c, 0x78, 0x65, 0x66,
  0x5c, 0x78, 0x39, 0x35, 0x5c, 0x78, 0x61, 0x36, 0x22, 0x09, 0x2d, 0x2d,
  0x20, 0x55, 0x2b, 0x66, 0x35, 0x36, 0x36, 0x0d, 0x0a, 0x49, 0x43, 0x4f,
  0x4e, 0x5f, 0x46, 0x41, 0x5f, 0x54, 0x41, 0x47, 0x20, 0x3d, 0x20, 0x22,
  0x5c, 0x78, 0x65, 0x66, 0x5c, 0x78, 0x38, 0x30, 0x5c, 0x78, 0x61, 0x62,
  0x22, 0x09, 0x2d, 0x2d, 0x20, 0x55, 0x2b, 0x66, 0x30, 0x32, 0x62, 0x0d,
  0x0a, 0x49, 0x43, 0x4f, 0x4e, 0x5f, 0x46, 0x41, 0x5f, 0x54, 0x41, 0x47,
  0x53, 0x20, 0x3d, 0x20, 0x22, 0x5c, 0x78, 0x65, 0x66, 0x5c, 0x78, 0x38,
  0x30, 0x5c, 0x78, 0x61, 0x63, 0x22, 0x09, 0x2d, 0x2d, 0x20, 0x55, 0x2b,
  0x66, 0x30, 0x32, 0x63, 0x0d, 0x0a, 0x49, 0x43, 0x4f, 0x4e, 0x5f, 0x46,
  0x41, 0x5f, 0x54, 0x41, 0x50, 0x45, 0x20, 0x3d, 0x20, 0x22, 0x5c, 0x78,
  0x65, 0x66, 0x5c, 0x78, 0x39, 0x33, 0x5c, 0x78, 0x39, 0x62, 0x22, 0x09,
  0x2d, 0x2d, 0x20, 0x55, 0x2b, 0x66, 0x34, 0x64, 0x62, 0x0d, 0x0a, 0x49,
  0x43, 0x4f, 0x4e, 0x5f, 0x46, 0x41, 0x5f, 0x54, 0x41, 0x52, 0x50, 0x20,
  0x3d, 0x20, 0x22, 0x5c, 0x78, 0x65, 0x65, 0x5c, 0x78, 0x39, 0x35, 0x5c,
  0x78, 0x62, 0x62, 0x22, 0x09, 0x2d, 0x2d, 0x20, 0x55, 0x2b, 0x65, 0x35,
  0x37, 0x62, 0x0d, 0x0a, 0x49, 0x43, 0x4f, 0x4e, 0x5f, 0x46, 0x41, 0x5f,
  0x54, 0x41, 0x52, 0x50, 0x5f, 0x44, 0x52, 0x4f, 0x50, 0x4c, 0x45, 0x54,
  0x20, 0x3d, 0x20, 0x22, 0x5c, 0x78, 0x65, 0x65, 0x5c, 0x78, 0x39, 0x35,
  0x5c, 0x78, 0x62, 0x63, 0x22, 0x09, 0x2d, 0x2d, 0x20, 0x55, 0x2b, 0x65,
  0x35, 0x37, 0x63, 0x0d, 0x0a, 0x49, 0x43, 0x4f, 0x4e, 0x5f, 0x46, 0x41,
  0x5f, 0x54, 0x41, 0x58, 0x49, 0x20, 0x3d, 0x20, 0x22, 0x5c, 0x78, 0x65,
  0x66, 0x5c, 0x78, 0x38, 0x36, 0x5c, 0x78, 0x62, 0x61, 0x22, 0x09, 0x2d,
  0x2d, 0x20, 0x55, 0x2b, 0x66, 0x31, 0x62, 0x61, 0x0d, 0x0a, 0x49, 0x43,
  0x4f, 0x4e, 0x5f, 0x46, 0x41, 0x5f, 0x54, 0x45, 0x45, 0x54, 0x48, 0x20,
  0x3d, 0x20, 0x22, 0x5c, 0x78, 0x65, 0x66, 0x5c, 0x78, 0x39, 0x38, 0x5c,
  0x78, 0x61, 0x65, 0x22, 0x09, 0x2d, 0x2d, 0x20, 0x55, 0x2b, 0x66, 0x36,
  0x32, 0x65, 0x0d, 0x0a, 0x49, 0x43, 0x4f, 0x4e, 0x5f, 0x46, 0x41, 0x5f,
  0x54, 0x45, 0x45, 0x54, 0x48, 0x5f, 0x4f, 0x50, 0x45, 0x4e, 0x20, 0x3d,
  0x20, 0x22, 0x5c, 0x78, 0x65, 0x66, 0x5c, 0x78, 0x39, 0x38, 0x5c, 0x78,
  0x61, 0x66, 0x22, 0x09, 0x2d, 0x2d, 0x20, 0x55, 0x2b, 0x66, 0x36, 0x32,
  0x66, 0x0d, 0x0a, 0x49, 0x43, 0x4f, 0x4e, 0x5f, 0x46, 0x41, 0x5f, 0x54,
  0x45, 0x4d, 0x50, 0x45, 0x52, 0x41, 0x54, 0x55, 0x52, 0x45, 0x5f, 0x41,
  0x52, 0x52, 0x4f, 0x57, 0x5f, 0x44, 0x4f, 0x57, 0x4e, 0x20, 0x3d, 0x20,
  0x22, 0x5c, 0x78, 0x65, 0x65, 0x5c, 0x78, 0x38, 0x30, 0x5c, 0x78, 0x62,
  0x66, 0x22, 0x09, 0x2d, 0x2d, 0x20, 0x55, 0x2b, 0x65, 0x30, 0x33, 0x66,
  0x0d, 0x0a, 0x49, 0x43, 0x4f, 0x4e, 0x5f, 0x46, 0x41, 0x5f, 0x54, 0x45,
  0x4d, 0x50, 0x45, 0x52, 0x41, 0x54, 0x55, 0x52, 0x45, 0x5f, 0x41, 0x52,
  0x52, 0x4f, 0x57, 0x5f, 0x55, 0x50, 0x20, 0x3d, 0x20, 0x22, 0x5c, 0x78,
  0x65, 0x65, 0x5c, 0x78, 0x38, 0x31, 0x5c, 0x78, 0x38, 0x30, 0x22, 0x09,
  0x2d, 0x2d, 0x20, 0x55, 0x2b, 0x65, 0x30, 0x34, 0x30, 0x0d, 0x0a, 0x49,
  0x43, 0x4f, 0x4e, 0x5f, 0x46, 0x41, 0x5f, 0x54, 0x45, 0x4d, 0x50, 0x45,
  0x52, 0x41, 0x54, 0x55, 0x52, 0x45, 0x5f, 0x45, 0x4d, 0x50, 0x54, 0x59,
  0x20, 0x3d, 0x20, 0x22, 0x5c, 0x78, 0x65, 0x66, 0x5c, 0x78, 0x38, 0x62,
  0x5c, 0x78, 0x38, 0x62, 0x22, 0x09, 0x2d, 0x2d, 0x20, 0x55, 0x2b, 0x66,
  0x32, 0x63, 0x62, 0x0d, 0x0a, 0x49, 0x43, 0x4f, 0x4e, 0x5f, 0x46, 0x41,
  0x5f, 0x54, 0x45, 0x4d, 0x50, 0x45, 0x52, 0x41, 0x54, 0x55, 0x52, 0x45,
  0x5f, 0x46, 0x55, 0x4c, 0x4c, 0x20, 0x3d, 0x20, 0x22, 0x5c, 0x78, 0x65,
  0x66, 0x5c, 0x78, 0x38, 0x62, 0x5c, 0x78, 0x38, 0x37, 0x22, 0x09, 0x2d,
  0x2d, 0x20, 0x55, 0x2b, 0x66, 0x32, 0x63, 0x37, 0x0d, 0x0a, 0x49, 0x43,
  0x4f, 0x4e, 0x5f, 0x46, 0x41, 0x5f, 0x54, 0x45, 0x4d, 0x50, 0x45, 0x52,
  0x41, 0x54, 0x55, 0x52, 0x45, 0x5f, 0x48, 0x41, 0x4c, 0x46, 0x20, 0x3d,
  0x20, 0x22, 0x5c, 0x78, 0x65, 0x66, 0x5c, 0x78, 0x38, 0x62, 0x5c, 0x78,
  0x38, 0x39, 0x22, 0x09, 0x2d, 0x2d, 0x20, 0x55, 0x2b, 0x66, 0x32, 0x63,
  0x39, 0x0d, 0x0a, 0x49, 0x43, 0x4f, 0x4e, 0x5f, 0x46, 0x41, 0x5f, 0x54,
  0x45, 0x4d, 0x50, 0x45, 0x52, 0x41, 0x54, 0x55, 0x52, 0x45, 0x5f, 0x48,
  0x49, 0x47, 0x48, 0x20, 0x3d, 0x20, 0x22, 0x5c, 0x78, 0x65, 0x66, 0x5c,
  0x78, 0x39, 0x64, 0x5c, 0x78, 0x61, 0x39, 0x22, 0x09, 0x2d, 0x2d, 0x20,
  0x55, 0x2b, 0x66, 0x37, 0x36, 0x39, 0x0d, 0x0a, 0x49, 0x43, 0x4f, 0x4e,
  0x5f, 0x46, 0x41, 0x5f, 0x54, 0x45, 0x4d, 0x50, 0x45, 0x52, 0x41, 0x54,
  0x55, 0x52, 0x45, 0x5f, 0x4c, 0x4f, 0x57, 0x20, 0x3d, 0x20, 0x22, 0x5c,
  0x78, 0x65, 0x66, 0x5c, 0x78, 0x39, 0x64, 0x5c, 0x78, 0x61, 0x62, 0x22,
  0x09, 0x2d, 0x2d, 0x20, 0x55, 0x2b, 0x66, 0x37, 0x36, 0x62, 0x0d, 0x0a,
  0x49, 0x43, 0x4f, 0x4e, 0x5f, 0x46, 0x41, 0x5f, 0x54, 0x45, 0x4d, 0x50,
  0x45, 0x52, 0x41, 0x54, 0x55, 0x52, 0x45, 0x5f, 0x51, 0x55, 0x41, 0x52,
  0x54, 0x45, 0x52, 0x20, 0x3d, 0x20, 0x22, 0x5c, 0x78, 0x65, 0x66, 0x5c,
  0x78, 0x38, 0x62, 0x5c, 0x78, 0x38, 0x61, 0x22, 0x09, 0x2d, 0x2d, 0x20,
  0x55, 0x2b, 0x66, 0x32, 0x63, 0x61, 0x0d, 0x0a, 0x49, 0x43, 0x4f, 0x4e,
  0x5f, 0x46, 0x41, 0x5f, 0x54, 0x45, 0x4d, 0x50, 0x45, 0x52, 0x41, 0x54,
  0x55, 0x52, 0x45, 0x5f, 0x54, 0x48, 0x52, 0x45, 0x45, 0x5f, 0x51, 0x55,
  0x41, 0x52, 0x54, 0x45, 0x52, 0x53, 0x20, 0x3d, 0x20, 0x22, 0x5c, 0x78,
  0x65, 0x66, 0x5c, 0x78, 0x38, 0x62, 0x5c, 0x78, 0x38, 0x38, 0x22, 0x09,
  0x2d, 0x2d, 0x20, 0x55, 0x2b, 0x66, 0x32, 0x63, 0x38, 0x0d, 0x0a, 0x49,
  0x43, 0x4f, 0x4e, 0x5f, 0x46, 0x41, 0x5f, 0x54, 0x45, 0x4e, 0x47, 0x45,
  0x5f, 0x53, 0x49, 0x47, 0x4e, 0x20, 0x3d, 0x20, 0x22, 0x5c, 0x78, 0x65,
  0x66, 0x5c, 0x78, 0x39, 0x66, 0x5c, 0x78, 0x39, 0x37, 0x22, 0x09, 0x2d,
  0x2d, 0x20, 0x55, 0x2b, 0x66, 0x37, 0x64, 0x37, 0x0d, 0x0a, 0x49, 0x43,
  0x4f, 0x4e, 0x5f, 0x46, 0x41, 0x5f, 0x54, 0x45, 0x4e, 0x54, 0x20, 0x3d,
  0x20, 0x22, 0x5c, 0x78, 0x65, 0x65, 0x5c, 0x78, 0x39, 0x35, 0x5c, 0x78,
  0x62, 0x64, 0x22, 0x09, 0x2d, 0x2d, 0x20, 0x55, 0x2b, 0x65, 0x35, 0x37,
  0x64, 0x0d, 0x0a, 0x49, 0x43, 0x4f, 0x4e, 0x5f, 0x46, 0x41, 0x5f, 0x54,
  0x45, 0x4e, 0x54, 0x5f, 0x41, 0x52, 0x52, 0x4f, 0x57, 0x5f, 0x44, 0x4f,
  0x57, 0x4e, 0x5f, 0x54, 0x4f, 0x5f, 0x4c, 0x49, 0x4e, 0x45, 0x20, 0x3d,
  0x20, 0x22, 0x5c, 0x78, 0x65, 0x65, 0x5c, 0x78, 0x39, 0x35, 0x5c, 0x78,
  0x62, 0x65, 0x22, 0x09, 0x2d, 0x2d, 0x20, 0x55, 0x2b, 0x65, 0x35, 0x37,
  0x65, 0x0d, 0x0a, 0x49, 0x43, 0x4f, 0x4e, 0x5f, 0x46, 0x41, 0x5f, 0x54,
  0x45, 0x4e, 0x54, 0x5f, 0x41, 0x52, 0x52, 0x4f, 0x57, 0x5f, 0x4c, 0x45,
  0x46, 0x54, 0x5f, 0x52, 0x49, 0x47, 0x48, 0x54, 0x20, 0x3d, 0x20, 0x22,
  0x5c, 0x78, 0x65, 0x65, 0x5c, 0x78, 0x39, 0x35, 0x5c, 0x78, 0x62, 0x66,
  0x22, 0x09, 0x2d, 0x2d, 0x20, 0x55, 0x2b, 0x65, 0x35, 0x37, 0x66, 0x0d,
  0x0a, 0x49, 0x43, 0x4f, 0x4e, 0x5f, 0x46, 0x41, 0x5f, 0x54, 0x45, 0x4e,
  0x54, 0x5f, 0x41, 0x52, 0x52, 0x4f, 0x57, 0x5f, 0x54, 0x55, 0x52, 0x4e,
  0x5f, 0x4c, 0x45, 0x46, 0x54, 0x20, 0x3d, 0x20, 0x22, 0x5c, 0x78, 0x65,
  0x65, 0x5c, 0x78, 0x39, 0x36, 0x5c, 0x78, 0x38, 0x30, 0x22, 0x09, 0x2d,
  0x2d, 0x20, 0x55, 0x2b, 0x65, 0x35, 0x38, 0x30, 0x0d, 0x0a, 0x49, 0x43,
  0x4f, 0x4e, 0x5f, 0x46, 0x41, 0x5f, 0x54, 0x45, 0x4e, 0x54, 0x5f, 0x41,
  0x52, 0x52, 0x4f, 0x57, 0x53, 0x5f, 0x44, 0x4f, 0x57, 0x4e, 0x20, 0x3d,
  0x20, 0x22, 0x5c, 0x78, 0x65, 0x65, 0x5c, 0x78, 0x39, 0x36, 0x5c, 0x78,
  0x38, 0x31, 0x22, 0x09, 0x2d, 0x2d, 0x20, 0x55, 0x2b, 0x65, 0x35, 0x38,
  0x31, 0x0d, 0x0a, 0x49, 0x43, 0x4f, 0x4e, 0x5f, 0x46, 0x41, 0x5f, 0x54,
  0x45, 0x4e, 0x54, 0x53, 0x20, 0x3d, 0x20, 0x22, 0x5c, 0x78, 0x65, 0x65,
  0x5c, 0x78, 0x39, 0x36, 0x5c, 0x78, 0x38, 0x32, 0x22, 0x09, 0x2d, 0x2d,
  0x20, 0x55, 0x2b, 0x65, 0x35, 0x38, 0x32, 0x0d, 0x0a, 0x49, 0x43, 0x4f,
  0x4e, 0x5f, 0x46, 0x41, 0x5f, 0x54, 0x45, 0x52, 0x4d, 0x49, 0x4e, 0x41,
  0x4c, 0x20, 0x3d, 0x20, 0x22, 0x5c, 0x78, 0x65, 0x66, 0x5c, 0x78, 0x38,
  0x34, 0x5c, 0x78, 0x61, 0x30, 0x22, 0x09, 0x2d, 0x2d, 0x20, 0x55, 0x2b,
  0x66, 0x31, 0x32, 0x30, 0x0d, 0x0a, 0x49, 0x43, 0x4f, 0x4e, 0x5f, 0x46,
  0x41, 0x5f, 0x54, 0x45, 0x58, 0x54, 0x5f, 0x48, 0x45, 0x49, 0x47, 0x48,
  0x54, 0x20, 0x3d, 0x20, 0x22, 0x5c, 0x78, 0x65, 0x66, 0x5c, 0x78, 0x38,
  0x30, 0x5c, 0x78, 0x62, 0x34, 0x22, 0x09, 0x2d, 0x2d, 0x20, 0x55, 0x2b,
  0x66, 0x30, 0x33, 0x34, 0x0d, 0x0a, 0x49, 0x43, 0x4f, 0x4e, 0x5f, 0x46,
  0x41, 0x5f, 0x54, 0x45, 0x58, 0x54, 0x5f, 0x53, 0x4c, 0x41, 0x53, 0x48,
  0x20, 0x3d, 0x20, 0x22, 0x5c, 0x78, 0x65, 0x66, 0x5c, 0x78, 0x61, 0x31,
  0x5c, 0x78, 0x62, 0x64, 0x22, 0x09, 0x2d, 0x2d, 0x20, 0x55, 0x2b, 0x66,
  0x38, 0x37, 0x64, 0x0d, 0x0a, 0x49, 0x43, 0x4f, 0x4e, 0x5f, 0x46, 0x41,
  0x5f, 0x54, 0x45, 0x58, 0x54, 0x5f, 0x57, 0x49, 0x44, 0x54, 0x48, 0x20,
  0x3d, 0x20, 0x22, 0x5c, 0x78, 0x65, 0x66, 0x5c, 0x78, 0x38, 0x30, 0x5c,
  0x78, 0x62, 0x35, 0x22, 0x09, 0x2d, 0x2d, 0x20, 0x55, 0x2b, 0x66, 0x30,
  0x33, 0x35, 0x0d, 0x0a, 0x49, 0x43, 0x4f, 0x4e, 0x5f, 0x46, 0x41, 0x5f,
  0x54, 0x48, 0x45, 0x52, 0x4d, 0x4f, 0x4d, 0x45, 0x54, 0x45, 0x52, 0x20,
  0x3d, 0x20, 0x22, 0x5c, 0x78, 0x65, 0x66, 0x5c, 0x78, 0x39, 0x32, 0x5c,
  0x78, 0x39, 0x31, 0x22, 0x09, 0x2d, 0x2d, 0x20, 0x55, 0x2b, 0x66, 0x34,
  0x39, 0x31, 0x0d, 0x0a, 0x49, 0x43, 0x4f, 0x4e, 0x5f, 0x46, 0x41, 0x5f,
  0x54, 0x48, 0x55, 0x4d, 0x42, 0x53, 0x5f, 0x44, 0x4f, 0x57, 0x4e, 0x20,
  0x3d, 0x20, 0x22, 0x5c, 0x78, 0x65, 0x66, 0x5c, 0x78, 0x38, 0x35, 0x5c,
  0x78, 0x61, 0x35, 0x22, 0x09, 0x2d, 0x2d, 0x20, 0x55, 0x2b, 0x66, 0x31,
  0x36, 0x35, 0x0d, 0x0a, 0x49, 0x43, 0x4f, 0x4e, 0x5f, 0x46, 0x41, 0x5f,
  0x54, 0x48, 0x55, 0x4d, 0x42, 0x53, 0x5f, 0x55, 0x50, 0x20, 0x3d, 0x20,
  0x22, 0x5c, 0x78, 0x65, 0x66, 0x5c, 0x78, 0x38, 0x35, 0x5c, 0x78, 0x61,
  0x34, 0x22, 0x09, 0x2d, 0x2d, 0x20, 0x55, 0x2b, 0x66, 0x31, 0x36, 0x34,
  0x0d, 0x0a, 0x49, 0x43, 0x4f, 0x4e, 0x5f, 0x46, 0x41, 0x5f, 0x54, 0x48,
  0x55, 0x4d, 0x42, 0x54, 0x41, 0x43, 0x4b, 0x20, 0x3d, 0x20, 0x22, 0x5c,
  0x78, 0x65, 0x66, 0x5c, 0x78, 0x38, 0x32, 0x5c, 0x78, 0x38, 0x64, 0x22,
  0x09, 0x2d, 0x2d, 0x20, 0x55, 0x2b, 0x66, 0x30, 0x38, 0x64, 0x0d, 0x0a,
  0x49, 0x43, 0x4f, 0x4e, 0x5f, 0x46, 0x41, 0x5f, 0x54, 0x48, 0x55, 0x4d,
  0x42, 0x54, 0x41, 0x43, 0x4b, 0x5f, 0x53, 0x4c, 0x41, 0x53, 0x48, 0x20,
  0x3d, 0x20, 0x22, 0x5c, 0x78, 0x65, 0x65, 0x5c, 0x78, 0x39, 0x61, 0x5c,
  0x78, 0x38, 0x66, 0x22, 0x09, 0x2d, 0x2d, 0x20, 0x55, 0x2b, 0x65, 0x36,
  0x38, 0x66, 0x0d, 0x0a, 0x49, 0x43, 0x4f, 0x4e, 0x5f, 0x46, 0x41, 0x5f,
  0x54, 0x49, 0x43, 0x4b, 0x45, 0x54, 0x20, 0x3d, 0x20, 0x22, 0x5c, 0x78,
  0x65, 0x66, 0x5c, 0x78, 0x38, 0x35, 0x5c, 0x78, 0x38, 0x35, 0x22, 0x09,
  0x2d, 0x2d, 0x20, 0x55, 0x2b, 0x66, 0x31, 0x34, 0x35, 0x0d, 0x0a, 0x49,
  0x43, 0x4f, 0x4e, 0x5f, 0x46, 0x41, 0x5f, 0x54, 0x49, 0x43, 0x4b, 0x45,
  0x54, 0x5f, 0x53, 0x49, 0x4d, 0x50, 0x4c, 0x45, 0x20, 0x3d, 0x20, 0x22,
  0x5c, 0x78, 0x65, 0x66, 0x5c, 0x78, 0x38, 0x66, 0x5c, 0x78, 0x62, 0x66,
  0x22, 0x09, 0x2d, 0x2d, 0x20, 0x55, 0x2b, 0x66, 0x33, 0x66, 0x66, 0x0d,
  0x0a, 0x49, 0x43, 0x4f, 0x4e, 0x5f, 0x46, 0x41, 0x5f, 0x54, 0x49, 0x4d,
  0x45, 0x4c, 0x49, 0x4e, 0x45, 0x20, 0x3d, 0x20, 0x22, 0x5c, 0x78, 0x65,
  0x65, 0x5c, 0x78, 0x38, 0x61, 0x5c, 0x78, 0x39, 0x63, 0x22, 0x09, 0x2d,
  0x2d, 0x20, 0x55, 0x2b, 0x65, 0x32, 0x39, 0x63, 0x0d, 0x0a, 0x49, 0x43,
  0x4f, 0x4e, 0x5f, 0x46, 0x41, 0x5f, 0x54, 0x4f, 0x47, 0x47, 0x4c, 0x45,
  0x5f, 0x4f, 0x46, 0x46, 0x20, 0x3d, 0x20, 0x22, 0x5c, 0x78, 0x65, 0x66,
  0x5c, 0x78, 0x38, 0x38, 0x5c, 0x78, 0x38, 0x34, 0x22, 0x09, 0x2d, 0x2d,
  0x20, 0x55, 0x2b, 0x66, 0x32, 0x30, 0x34, 0x0d, 0x0a, 0x49, 0x43, 0x4f,
  0x4e, 0x5f, 0x46, 0x41, 0x5f, 0x54, 0x4f, 0x47, 0x47, 0x4c, 0x45, 0x5f,
  0x4f, 0x4e, 0x20, 0x3d, 0x20, 0x22, 0x5c, 0x78, 0x65, 0x66, 0x5c, 0x78,
  0x38, 0x38, 0x5c, 0x78, 0x38, 0x35, 0x22, 0x09, 0x2d, 0x2d, 0x20, 0x55,
  0x2b, 0x66, 0x32, 0x30, 0x35, 0x0d, 0x0a, 0x49, 0x43, 0x4f, 0x4e, 0x5f,
  0x46, 0x41, 0x5f, 0x54, 0x4f, 0x49, 0x4c, 0x45, 0x54, 0x20, 0x3d, 0x20,
  0x22, 0x5c, 0x78, 0x65, 0x66, 0x5c, 0x78, 0x39, 0x66, 0x5c, 0x78, 0x39,
  0x38, 0x22, 0x09, 0x2d, 0x2d, 0x20, 0x55, 0x2b, 0x66, 0x37, 0x64, 0x38,
  0x0d, 0x0a, 0x49, 0x43, 0x4f, 0x4e, 0x5f, 0x46, 0x41, 0x5f, 0x54, 0x4f,
  0x49, 0x4c, 0x45, 0x54, 0x5f, 0x50, 0x41, 0x50, 0x45, 0x52, 0x20, 0x3d,
  0x20, 0x22, 0x5c, 0x78, 0x65, 0x66, 0x5c, 0x78, 0x39, 0x63, 0x5c, 0x78,
  0x39, 0x65, 0x22, 0x09, 0x2d, 0x2d, 0x20, 0x55, 0x2b, 0x66, 0x37, 0x31,
  0x65, 0x0d, 0x0a, 0x49, 0x43, 0x4f, 0x4e, 0x5f, 0x46, 0x41, 0x5f, 0x54,
  0x4f, 0x49, 0x4c, 0x45, 0x54, 0x5f, 0x50, 0x41, 0x50, 0x45, 0x52, 0x5f,
  0x53, 0x4c, 0x41, 0x53, 0x48, 0x20, 0x3d, 0x20, 0x22, 0x5c, 0x78, 0x65,
  0x65, 0x5c, 0x78, 0x38, 0x31, 0x5c, 0x78, 0x62, 0x32, 0x22, 0x09, 0x2d,
  0x2d, 0x20, 0x55, 0x2b, 0x65, 0x30, 0x37, 0x32, 0x0d, 0x0a, 0x49, 0x43,
  0x4f, 0x4e, 0x5f, 0x46, 0x41, 0x5f, 0x54, 0x4f, 0x49, 0x4c, 0x45, 0x54,
  0x5f, 0x50, 0x4f, 0x52, 0x54, 0x41, 0x42, 0x4c, 0x45, 0x20, 0x3d, 0x20,
  0x22, 0x5c, 0x78, 0x65, 0x65, 0x5c, 0x78, 0x39, 0x36, 0x5c, 0x78, 0x38,
  0x33, 0x22, 0x09, 0x2d, 0x2d, 0x20, 0x55, 0x2b, 0x65, 0x35, 0x38, 0x33,
  0x0d, 0x0a, 0x49, 0x43, 0x4f, 0x4e, 0x5f, 0x46, 0x41, 0x5f, 0x54, 0x4f,
  0x49, 0x4c, 0x45, 0x54, 0x53, 0x5f, 0x50, 0x4f, 0x52, 0x54, 0x41, 0x42,
  0x4c, 0x45, 0x20, 0x3d, 0x20, 0x22, 0x5c, 0x78, 0x65, 0x65, 0x5c, 0x78,
  0x39, 0x36, 0x5c, 0x78, 0x38, 0x34, 0x22, 0x09, 0x2d, 0x2d, 0x20, 0x55,
  0x2b, 0x65, 0x35, 0x38, 0x34, 0x0d, 0x0a, 0x49, 0x43, 0x4f, 0x4e, 0x5f,
  0x46, 0x41, 0x5f, 0x54, 0x4f, 0x4f, 0x4c, 0x42, 0x4f, 0x58, 0x20, 0x3d,
  0x20, 0x22, 0x5c, 0x78, 0x65, 0x66, 0x5c, 0x78, 0x39, 0x35, 0x5c, 0x78,
  0x39, 0x32, 0x22, 0x09, 0x2d, 0x2d, 0x20, 0x55, 0x2b, 0x66, 0x35, 0x35,
  0x32, 0x0d, 0x0a, 0x49, 0x43, 0x4f, 0x4e, 0x5f, 0x46, 0x41, 0x5f, 0x54,
  0x4f, 0x4f, 0x54, 0x48, 0x20, 0x3d, 0x20, 0x22, 0x5c, 0x78, 0x65, 0x66,
  0x5c, 0x78, 0x39, 0x37, 0x5c, 0x78, 0x38, 0x39, 0x22, 0x09, 0x2d, 0x2d,
  0x20, 0x55, 0x2b, 0x66, 0x35, 0x63, 0x39, 0x0d, 0x0a, 0x49, 0x43, 0x4f,
  0x4e, 0x5f, 0x46, 0x41, 0x5f, 0x54, 0x4f, 0x52, 0x49, 0x49, 0x5f, 0x47,
  0x41, 0x54, 0x45, 0x20, 0x3d, 0x20, 0x22, 0x5c, 0x78, 0x65, 0x66, 0x5c,
  0x78, 0x39, 0x61, 0x5c, 0x78, 0x61, 0x31, 0x22, 0x09, 0x2d, 0x2d, 0x20,
  0x55, 0x2b, 0x66, 0x36, 0x61, 0x31, 0x0d, 0x0a, 0x49, 0x43, 0x4f, 0x4e,
  0x5f, 0x46, 0x41, 0x5f, 0x54, 0x4f, 0x52, 0x4e, 0x41, 0x44, 0x4f, 0x20,
  0x3d, 0x20, 0x22, 0x5c, 0x78, 0x65, 0x66, 0x5c, 0x78, 0x39, 0x64, 0x5c,
  0x78, 0x61, 0x66, 0x22, 0x09, 0x2d, 0x2d, 0x20, 0x55, 0x2b, 0x66, 0x37,
  0x36, 0x66, 0x0d, 0x0a, 0x49, 0x43, 0x4f, 0x4e, 0x5f, 0x46, 0x41, 0x5f,
  0x54, 0x4f, 0x57, 0x45, 0x52, 0x5f, 0x42, 0x52, 0x4f, 0x41, 0x44, 0x43,
  0x41, 0x53, 0x54, 0x20, 0x3d, 0x20, 0x22, 0x5c, 0x78, 0x65, 0x66, 0x5c,
  0x78, 0x39, 0x34, 0x5c, 0x78, 0x39, 0x39, 0x22, 0x09, 0x2d, 0x2d, 0x20,
  0x55, 0x2b, 0x66, 0x35, 0x31, 0x39, 0x0d, 0x0a, 0x49, 0x43, 0x4f, 0x4e,
  0x5f, 0x46, 0x41, 0x5f, 0x54, 0x4f, 0x57, 0x45, 0x52, 0x5f, 0x43, 0x45,
  0x4c, 0x4c, 0x20, 0x3d, 0x20, 0x22, 0x5c, 0x78, 0x65, 0x65, 0x5c, 0x78,
  0x39, 0x36, 0x5c, 0x78, 0x38, 0x35, 0x22, 0x09, 0x2d, 0x2d, 0x20, 0x55,
  0x2b, 0x65, 0x35, 0x38, 0x35, 0x0d, 0x0a, 0x49, 0x43, 0x4f, 0x4e, 0x5f,
  0x46, 0x41, 0x5f, 0x54, 0x4f, 0x57, 0x45, 0x52, 0x5f, 0x4f, 0x42, 0x53,
  0x45, 0x52, 0x56, 0x41, 0x54, 0x49, 0x4f, 0x4e, 0x20, 0x3d, 0x20, 0x22,
  0x5c, 0x78, 0x65, 0x65, 0x5c, 0x78, 0x39, 0x36, 0x5c, 0x78, 0x38, 0x36,
  0x22, 0x09, 0x2d, 0x2d, 0x20, 0x55, 0x2b, 0x65, 0x35, 0x38, 0x36, 0x0d,
  0x0a, 0x49, 0x43, 0x4f, 0x4e, 0x5f, 0x46, 0x41, 0x5f, 0x54, 0x52, 0x41,
  0x43, 0x54, 0x4f, 0x52, 0x20, 0x3d, 0x20, 0x22, 0x5c, 0x78, 0x65, 0x66,
  0x5c, 0x78, 0x39, 0x63, 0x5c, 0x78, 0x61, 0x32, 0x22, 0x09, 0x2d, 0x2d,
  0x20, 0x55, 0x2b, 0x66, 0x37, 0x32, 0x32, 0x0d, 0x0a, 0x49, 0x43, 0x4f,
  0x4e, 0x5f, 0x46, 0x41, 0x5f, 0x54, 0x52, 0x41, 0x44, 0x45, 0x4d, 0x41,
  0x52, 0x4b, 0x20, 0x3d, 0x20, 0x22, 0x5c, 0x78, 0x65, 0x66, 0x5c, 0x78,
  0x38, 0x39, 0x5c, 0x78, 0x39, 0x63, 0x22, 0x09, 0x2d, 0x2d, 0x20, 0x55,
  0x2b, 0x66, 0x32, 0x35, 0x63, 0x0d, 0x0a, 0x49, 0x43, 0x4f, 0x4e, 0x5f,
  0x46, 0x41, 0x5f, 0x54, 0x52, 0x41, 0x46, 0x46, 0x49, 0x43, 0x5f, 0x4c,
  0x49, 0x47, 0x48, 0x54, 0x20, 0x3d, 0x20, 0x22, 0x5c, 0x78, 0x65, 0x66,
  0x5c, 0x78, 0x39, 0x38, 0x5c, 0x78, 0x62, 0x37, 0x22, 0x09, 0x2d, 0x2d,
  0x20, 0x55, 0x2b, 0x66, 0x36, 0x33, 0x37, 0x0d, 0x0a, 0x49, 0x43, 0x4f,
  0x4e, 0x5f, 0x46, 0x41, 0x5f, 0x54, 0x52, 0x41, 0x49, 0x4c, 0x45, 0x52,
  0x20, 0x3d, 0x20, 0x22, 0x5c, 0x78, 0x65, 0x65, 0x5c, 0x78, 0x38, 0x31,
  0x5c, 0x78, 0x38, 0x31, 0x22, 0x09, 0x2d, 0x2d, 0x20, 0x55, 0x2b, 0x65,
  0x30, 0x34, 0x31, 0x0d, 0x0a, 0x49, 0x43, 0x4f, 0x4e, 0x5f, 0x46, 0x41,
  0x5f, 0x54, 0x52, 0x41, 0x49, 0x4e, 0x20, 0x3d, 0x20, 0x22, 0x5c, 0x78,
  0x65, 0x66, 0x5c, 0x78, 0x38, 0x38, 0x5c, 0x78, 0x62, 0x38, 0x22, 0x09,
  0x2d, 0x2d, 0x20, 0x55, 0x2b, 0x66, 0x32, 0x33, 0x38, 0x0d, 0x0a, 0x49,
  0x43, 0x4f, 0x4e, 0x5f, 0x46, 0x41, 0x5f, 0x54, 0x52, 0x41, 0x49, 0x4e,
  0x5f, 0x53, 0x55, 0x42, 0x57, 0x41, 0x59, 0x20, 0x3d, 0x20, 0x22, 0x5c,
  0x78, 0x65, 0x66, 0x5c, 0x78, 0x38, 0x38, 0x5c, 0x78, 0x62, 0x39, 0x22,
  0x09, 0x2d, 0x2d, 0x20, 0x55, 0x2b, 0x66, 0x32, 0x33, 0x39, 0x0d, 0x0a,
  0x49, 0x43, 0x4f, 0x4e, 0x5f, 0x46, 0x41, 0x5f, 0x54, 0x52, 0x41, 0x49,
  0x4e, 0x5f, 0x54, 0x52, 0x41, 0x4d, 0x20, 0x3d, 0x20, 0x22, 0x5c, 0x78,
  0x65, 0x65, 0x5c, 0x78, 0x39, 0x36, 0x5c, 0x78, 0x62, 0x34, 0x22, 0x09,
  0x2d, 0x2d, 0x20, 0x55, 0x2b, 0x65, 0x35, 0x62, 0x34, 0x0d, 0x0a, 0x49,
  0x43, 0x4f, 0x4e, 0x5f, 0x46, 0x41, 0x5f, 0x54, 0x52, 0x41, 0x4e, 0x53,
  0x47, 0x45, 0x4e, 0x44, 0x45, 0x52, 0x20, 0x3d, 0x20, 0x22, 0x5c, 0x78,
  0x65, 0x66, 0x5c, 0x78, 0x38, 0x38, 0x5c, 0x78, 0x61, 0x35, 0x22, 0x09,
  0x2d, 0x2d, 0x20, 0x55, 0x2b, 0x66, 0x32, 0x32, 0x35, 0x0d, 0x0a, 0x49,
  0x43, 0x4f, 0x4e, 0x5f, 0x46, 0x41, 0x5f, 0x54, 0x52, 0x41, 0x53, 0x48,
  0x20, 0x3d, 0x20, 0x22, 0x5c, 0x78, 0x65, 0x66, 0x5c, 0x78, 0x38, 0x37,
  0x5c, 0x78, 0x62, 0x38, 0x22, 0x09, 0x2d, 0x2d, 0x20, 0x55, 0x2b, 0x66,
  0x31, 0x66, 0x38, 0x0d, 0x0a, 0x49, 0x43, 0x4f, 0x4e, 0x5f, 0x46, 0x41,
  0x5f, 0x54, 0x52, 0x41, 0x53, 0x48, 0x5f, 0x41, 0x52, 0x52, 0x4f, 0x57,
  0x5f, 0x55, 0x50, 0x20, 0x3d, 0x20, 0x22, 0x5c, 0x78, 0x65, 0x66, 0x5c,
  0x78, 0x61, 0x30, 0x5c, 0x78, 0x61, 0x39, 0x22, 0x09, 0x2d, 0x2d, 0x20,
  0x55, 0x2b, 0x66, 0x38, 0x32, 0x39, 0x0d, 0x0a, 0x49, 0x43, 0x4f, 0x4e,
  0x5f, 0x46, 0x41, 0x5f, 0x54, 0x52, 0x41, 0x53, 0x48, 0x5f, 0x43, 0x41,
  0x4e, 0x20, 0x3d, 0x20, 0x22, 0x5c, 0x78, 0x65, 0x66, 0x5c, 0x78, 0x38,
  0x62, 0x5c, 0x78, 0x61, 0x64, 0x22, 0x09, 0x2d, 0x2d, 0x20, 0x55, 0x2b,
  0x66, 0x32, 0x65, 0x64, 0x0d, 0x0a, 0x49, 0x43, 0x4f, 0x4e, 0x5f, 0x46,
  0x41, 0x5f, 0x54, 0x52, 0x41, 0x53, 0x48, 0x5f, 0x43, 0x41, 0x4e, 0x5f,
  0x41, 0x52, 0x52, 0x4f, 0x57, 0x5f, 0x55, 0x50, 0x20, 0x3d, 0x20, 0x22,
  0x5c, 0x78, 0x65, 0x66, 0x5c, 0x78, 0x61, 0x30, 0x5c, 0x78, 0x61, 0x61,
  0x22, 0x09, 0x2d, 0x2d, 0x20, 0x55, 0x2b, 0x66, 0x38, 0x32, 0x61, 0x0d,
  0x0a, 0x49, 0x43, 0x4f, 0x4e, 0x5f, 0x46, 0x41, 0x5f, 0x54, 0x52, 0x45,
  0x45, 0x20, 0x3d, 0x20, 0x22, 0x5c, 0x78, 0x65, 0x66, 0x5c, 0x78, 0x38,
  0x36, 0x5c, 0x78, 0x62, 0x62, 0x22, 0x09, 0x2d, 0x2d, 0x20, 0x55, 0x2b,
  0x66, 0x31, 0x62, 0x62, 0x0d, 0x0a, 0x49, 0x43, 0x4f, 0x4e, 0x5f, 0x46,
  0x41, 0x5f, 0x54, 0x52, 0x45, 0x45, 0x5f, 0x43, 0x49, 0x54, 0x59, 0x20,
  0x3d, 0x20, 0x22, 0x5c, 0x78, 0x65, 0x65, 0x5c, 0x78, 0x39, 0x36, 0x5c,
  0x78, 0x38, 0x37, 0x22, 0x09, 0x2d, 0x2d, 0x20, 0x55, 0x2b, 0x65, 0x35,
  0x38, 0x37, 0x0d, 0x0a, 0x49, 0x43, 0x4f, 0x4e, 0x5f, 0x46, 0x41, 0x5f,
  0x54, 0x52, 0x49, 0x41, 0x4e, 0x47, 0x4c, 0x45, 0x5f, 0x45, 0x58, 0x43,
  0x4c, 0x41, 0x4d, 0x41, 0x54, 0x49, 0x4f, 0x4e, 0x20, 0x3d, 0x20, 0x22,
  0x5c, 0x78, 0x65, 0x66, 0x5c, 0x78, 0x38, 0x31, 0x5c, 0x78, 0x62, 0x31,
  0x22, 0x09, 0x2d, 0x2d, 0x20, 0x55, 0x2b, 0x66, 0x30, 0x37, 0x31, 0x0d,
  0x0a, 0x49, 0x43, 0x4f, 0x4e, 0x5f, 0x46, 0x41, 0x5f, 0x54, 0x52, 0x4f,
  0x50, 0x48, 0x59, 0x20, 0x3d, 0x20, 0x22, 0x5c, 0x78, 0x65, 0x66, 0x5c,
  0x78, 0x38, 0x32, 0x5c, 0x78, 0x39, 0x31, 0x22, 0x09, 0x2d, 0x2d, 0x20,
  0x55, 0x2b, 0x66, 0x30, 0x39, 0x31, 0x0d, 0x0a, 0x49, 0x43, 0x4f, 0x4e,
  0x5f, 0x46, 0x41, 0x5f, 0x54, 0x52, 0x4f, 0x57, 0x45, 0x4c, 0x20, 0x3d,
  0x20, 0x22, 0x5c, 0x78, 0x65, 0x65, 0x5c, 0x78, 0x39, 0x36, 0x5c, 0x78,
  0x38, 0x39, 0x22, 0x09, 0x2d, 0x2d, 0x20, 0x55, 0x2b, 0x65, 0x35, 0x38,
  0x39, 0x0d, 0x0a, 0x49, 0x43, 0x4f, 0x4e, 0x5f, 0x46, 0x41, 0x5f, 0x54,
  0x52, 0x4f, 0x57, 0x45, 0x4c, 0x5f, 0x42, 0x52, 0x49, 0x43, 0x4b, 0x53,
  0x20, 0x3d, 0x20, 0x22, 0x5c, 0x78, 0x65, 0x65, 0x5c, 0x78, 0x39, 0x36,
  0x5c, 0x78, 0x38, 0x61, 0x22, 0x09, 0x2d, 0x2d, 0x20, 0x55, 0x2b, 0x65,
  0x35, 0x38, 0x61, 0x0d, 0x0a, 0x49, 0x43, 0x4f, 0x4e, 0x5f, 0x46, 0x41,
  0x5f, 0x54, 0x52, 0x55, 0x43, 0x4b, 0x20, 0x3d, 0x20, 0x22, 0x5c, 0x78,
  0x65, 0x66, 0x5c, 0x78, 0x38, 0x33, 0x5c, 0x78, 0x39, 0x31, 0x22, 0x09,
  0x2d, 0x2d, 0x20, 0x55, 0x2b, 0x66, 0x30, 0x64, 0x31, 0x0d, 0x0a, 0x49,
  0x43, 0x4f, 0x4e, 0x5f, 0x46, 0x41, 0x5f, 0x54, 0x52, 0x55, 0x43, 0x4b,
  0x5f, 0x41, 0x52, 0x52, 0x4f, 0x57, 0x5f, 0x52, 0x49, 0x47, 0x48, 0x54,
  0x20, 0x3d, 0x20, 0x22, 0x5c, 0x78, 0x65, 0x65, 0x5c, 0x78, 0x39, 0x36,
  0x5c, 0x78, 0x38, 0x62, 0x22, 0x09, 0x2d, 0x2d, 0x20, 0x55, 0x2b, 0x65,
  0x35, 0x38, 0x62, 0x0d, 0x0a, 0x49, 0x43, 0x4f, 0x4e, 0x5f, 0x46, 0x41,
  0x5f, 0x54, 0x52, 0x55, 0x43, 0x4b, 0x5f, 0x44, 0x52, 0x4f, 0x50, 0x4c,
  0x45, 0x54, 0x20, 0x3d, 0x20, 0x22, 0x5c, 0x78, 0x65, 0x65, 0x5c, 0x78,
  0x39, 0x36, 0x5c, 0x78, 0x38, 0x63, 0x22, 0x09, 0x2d, 0x2d, 0x20, 0x55,
  0x2b, 0x65, 0x35, 0x38, 0x63, 0x0d, 0x0a, 0x49, 0x43, 0x4f, 0x4e, 0x5f,
  0x46, 0x41, 0x5f, 0x54, 0x52, 0x55, 0x43, 0x4b, 0x5f, 0x46, 0x41, 0x53,
  0x54, 0x20, 0x3d, 0x20, 0x22, 0x5c, 0x78, 0x65, 0x66, 0x5c, 0x78, 0x39,
  0x32, 0x5c, 0x78, 0x38, 0x62, 0x22, 0x09, 0x2d, 0x2d, 0x20, 0x55, 0x2b,
  0x66, 0x34, 0x38, 0x62, 0x0d, 0x0a, 0x49, 0x43, 0x4f, 0x4e, 0x5f, 0x46,
  0x41, 0x5f, 0x54, 0x52, 0x55, 0x43, 0x4b, 0x5f, 0x46, 0x49, 0x45, 0x4c,
  0x44, 0x20, 0x3d, 0x20, 0x22, 0x5c, 0x78, 0x65, 0x65, 0x5c, 0x78, 0x39,
  0x36, 0x5c, 0x78, 0x38, 0x64, 0x22, 0x09, 0x2d, 0x2d, 0x20, 0x55, 0x2b,
  0x65, 0x35, 0x38, 0x64, 0x0d, 0x0a, 0x49, 0x43, 0x4f, 0x4e, 0x5f, 0x46,
  0x41, 0x5f, 0x54, 0x52, 0x55, 0x43, 0x4b, 0x5f, 0x46, 0x49, 0x45, 0x4c,
  0x44, 0x5f, 0x55, 0x4e, 0x20, 0x3d, 0x20, 0x22, 0x5c, 0x78, 0x65, 0x65,
  0x5c, 0x78, 0x39, 0x36, 0x5c, 0x78, 0x38, 0x65, 0x22, 0x09, 0x2d, 0x2d,
  0x20, 0x55, 0x2b, 0x65, 0x35, 0x38, 0x65, 0x0d, 0x0a, 0x49, 0x43, 0x4f,
  0x4e, 0x5f, 0x46, 0x41, 0x5f, 0x54, 0x52, 0x55, 0x43, 0x4b, 0x5f, 0x46,
  0x52, 0x4f, 0x4e, 0x54, 0x20, 0x3d, 0x20, 0x22, 0x5c, 0x78, 0x65, 0x65,
  0x5c, 0x78, 0x38, 0x61, 0x5c, 0x78, 0x62, 0x37, 0x22, 0x09, 0x2d, 0x2d,
  0x20, 0x55, 0x2b, 0x65, 0x32, 0x62, 0x37, 0x0d, 0x0a, 0x49, 0x43, 0x4f,
  0x4e, 0x5f, 0x46, 0x41, 0x5f, 0x54, 0x52, 0x55, 0x43, 0x4b, 0x5f, 0x4d,
  0x45, 0x44, 0x49, 0x43, 0x41, 0x4c, 0x20, 0x3d, 0x20, 0x22, 0x5c, 0x78,
  0x65, 0x66, 0x5c, 0x78, 0x38, 0x33, 0x5c, 0x78, 0x62, 0x39, 0x22, 0x09,
  0x2d, 0x2d, 0x20, 0x55, 0x2b, 0x66, 0x30, 0x66, 0x39, 0x0d, 0x0a, 0x49,
  0x43, 0x4f, 0x4e, 0x5f, 0x46, 0x41, 0x5f, 0x54, 0x52, 0x55, 0x43, 0x4b,
  0x5f, 0x4d, 0x4f, 0x4e, 0x53, 0x54, 0x45, 0x52, 0x20, 0x3d, 0x20, 0x22,
  0x5c, 0x78, 0x65, 0x66, 0x5c, 0x78, 0x39, 0x38, 0x5c, 0x78, 0x62, 0x62,
  0x22, 0x09, 0x2d, 0x2d, 0x20, 0x55, 0x2b, 0x66, 0x36, 0x33, 0x62, 0x0d,
  0x0a, 0x49, 0x43, 0x4f, 0x4e, 0x5f, 0x46, 0x41, 0x5f, 0x54, 0x52, 0x55,
  0x43, 0x4b, 0x5f, 0x4d, 0x4f, 0x56, 0x49, 0x4e, 0x47, 0x20, 0x3d, 0x20,
  0x22, 0x5c, 0x78, 0x65, 0x66, 0x5c, 0x78, 0x39, 0x33, 0x5c, 0x78, 0x39,
  0x66, 0x22, 0x09, 0x2d, 0x2d, 0x20, 0x55, 0x2b, 0x66, 0x34, 0x64, 0x66,
  0x0d, 0x0a, 0x49, 0x43, 0x4f, 0x4e, 0x5f, 0x46, 0x41, 0x5f, 0x54, 0x52,
  0x55, 0x43, 0x4b, 0x5f, 0x50, 0x49, 0x43, 0x4b, 0x55, 0x50, 0x20, 0x3d,
  0x20, 0x22, 0x5c, 0x78, 0x65, 0x66, 0x5c, 0x78, 0x39, 0x38, 0x5c, 0x78,
  0x62, 0x63, 0x22, 0x09, 0x2d, 0x2d, 0x20, 0x55, 0x2b, 0x66, 0x36, 0x33,
  0x63, 0x0d, 0x0a, 0x49, 0x43, 0x4f, 0x4e, 0x5f, 0x46, 0x41, 0x5f, 0x54,
  0x52, 0x55, 0x43, 0x4b, 0x5f, 0x50, 0x4c, 0x41, 0x4e, 0x45, 0x20, 0x3d,
  0x20, 0x22, 0x5c, 0x78, 0x65, 0x65, 0x5c, 0x78, 0x39, 0x36, 0x5c, 0x78,
  0x38, 0x66, 0x22, 0x09, 0x2d, 0x2d, 0x20, 0x55, 0x2b, 0x65, 0x35, 0x38,
  0x66, 0x0d, 0x0a, 0x49, 0x43, 0x4f, 0x4e, 0x5f, 0x46, 0x41, 0x5f, 0x54,
  0x52, 0x55, 0x43, 0x4b, 0x5f, 0x52, 0x41, 0x4d, 0x50, 0x5f, 0x42, 0x4f,
  0x58, 0x20, 0x3d, 0x20, 0x22, 0x5c, 0x78, 0x65, 0x66, 0x5c, 0x78, 0x39,
  0x33, 0x5c, 0x78, 0x39, 0x65, 0x22, 0x09, 0x2d, 0x2d, 0x20, 0x55, 0x2b,
  0x66, 0x34, 0x64, 0x65, 0x0d, 0x0a, 0x49, 0x43, 0x4f, 0x4e, 0x5f, 0x46,
  0x41, 0x5f, 0x54, 0x54, 0x59, 0x20, 0x3d, 0x20, 0x22, 0x5c, 0x78, 0x65,
  0x66, 0x5c, 0x78, 0x38, 0x37, 0x5c, 0x78, 0x61, 0x34, 0x22, 0x09, 0x2d,
  0x2d, 0x20, 0x55, 0x2b, 0x66, 0x31, 0x65, 0x34, 0x0d, 0x0a, 0x49, 0x43,
  0x4f, 0x4e, 0x5f, 0x46, 0x41, 0x5f, 0x54, 0x55, 0x52, 0x4b, 0x49, 0x53,
  0x48, 0x5f, 0x4c, 0x49, 0x52, 0x41, 0x5f, 0x53, 0x49, 0x47, 0x4e, 0x20,
  0x3d, 0x20, 0x22, 0x5c, 0x78, 0x65, 0x65, 0x5c, 0x78, 0x38, 0x61, 0x5c,
  0x78, 0x62, 0x62, 0x22, 0x09, 0x2d, 0x2d, 0x20, 0x55, 0x2b, 0x65, 0x32,
  0x62, 0x62, 0x0d, 0x0a, 0x49, 0x43, 0x4f, 0x4e, 0x5f, 0x46, 0x41, 0x5f,
  0x54, 0x55, 0x52, 0x4e, 0x5f, 0x44, 0x4f, 0x57, 0x4e, 0x20, 0x3d, 0x20,
  0x22, 0x5c, 0x78, 0x65, 0x66, 0x5c, 0x78, 0x38, 0x65, 0x5c, 0x78, 0x62,
  0x65, 0x22, 0x09, 0x2d, 0x2d, 0x20, 0x55, 0x2b, 0x66, 0x33, 0x62, 0x65,
  0x0d, 0x0a, 0x49, 0x43, 0x4f, 0x4e, 0x5f, 0x46, 0x41, 0x5f, 0x54, 0x55,
  0x52, 0x4e, 0x5f, 0x55, 0x50, 0x20, 0x3d, 0x20, 0x22, 0x5c, 0x78, 0x65,
  0x66, 0x5c, 0x78, 0x38, 0x65, 0x5c, 0x78, 0x62, 0x66, 0x22, 0x09, 0x2d,
  0x2d, 0x20, 0x55, 0x2b, 0x66, 0x33, 0x62, 0x66, 0x0d, 0x0a, 0x49, 0x43,
  0x4f, 0x4e, 0x5f, 0x46, 0x41, 0x5f, 0x54, 0x56, 0x20, 0x3d, 0x20, 0x22,
  0x5c, 0x78, 0x65, 0x66, 0x5c, 0x78, 0x38, 0x39, 0x5c, 0x78, 0x61, 0x63,
  0x22, 0x09, 0x2d, 0x2d, 0x20, 0x55, 0x2b, 0x66, 0x32, 0x36, 0x63, 0x0d,
  0x0a, 0x49, 0x43, 0x4f, 0x4e, 0x5f, 0x46, 0x41, 0x5f, 0x55, 0x20, 0x3d,
  0x20, 0x22, 0x55, 0x22, 0x09, 0x2d, 0x2d, 0x20, 0x55, 0x2b, 0x30, 0x30,
  0x35, 0x35, 0x0d, 0x0a, 0x49, 0x43, 0x4f, 0x4e, 0x5f, 0x46, 0x41, 0x5f,
  0x55, 0x4d, 0x42, 0x52, 0x45, 0x4c, 0x4c, 0x41, 0x20, 0x3d, 0x20, 0x22,
  0x5c, 0x78, 0x65, 0x66, 0x5c, 0x78, 0x38, 0x33, 0x5c, 0x78, 0x61, 0x39,
  0x22, 0x09, 0x2d, 0x2d, 0x20, 0x55, 0x2b, 0x66, 0x30, 0x65, 0x39, 0x0d,
  0x0a, 0x49, 0x43, 0x4f, 0x4e, 0x5f, 0x46, 0x41, 0x5f, 0x55, 0x4d, 0x42,
  0x52, 0x45, 0x4c, 0x4c, 0x41, 0x5f, 0x42, 0x45, 0x41, 0x43, 0x48, 0x20,
  0x3d, 0x20, 0x22, 0x5c, 0x78, 0x65, 0x66, 0x5c, 0x78, 0x39, 0x37, 0x5c,
  0x78, 0x38, 0x61, 0x22, 0x09, 0x2d, 0x2d, 0x20, 0x55, 0x2b, 0x66, 0x35,
  0x63, 0x61, 0x0d, 0x0a, 0x49, 0x43, 0x4f, 0x4e, 0x5f, 0x46, 0x41, 0x5f,
  0x55, 0x4e, 0x44, 0x45, 0x52, 0x4c, 0x49, 0x4e, 0x45, 0x20, 0x3d, 0x20,
  0x22, 0x5c, 0x78, 0x65, 0x66, 0x5c, 0x78, 0x38, 0x33, 0x5c, 0x78, 0x38,
  0x64, 0x22, 0x09, 0x2d, 0x2d, 0x20, 0x55, 0x2b, 0x66, 0x30, 0x63, 0x64,
  0x0d, 0x0a, 0x49, 0x43, 0x4f, 0x4e, 0x5f, 0x46, 0x41, 0x5f, 0x55, 0x4e,
  0x49, 0x56, 0x45, 0x52, 0x53, 0x41, 0x4c, 0x5f, 0x41, 0x43, 0x43, 0x45,
  0x53, 0x53, 0x20, 0x3d, 0x20, 0x22, 0x5c, 0x78, 0x65, 0x66, 0x5c, 0x78,
  0x38, 0x61, 0x5c, 0x78, 0x39, 0x61, 0x22, 0x09, 0x2d, 0x2d, 0x20, 0x55,
  0x2b, 0x66, 0x32, 0x39, 0x61, 0x0d, 0x0a, 0x49, 0x43, 0x4f, 0x4e, 0x5f,
  0x46, 0x41, 0x5f, 0x55, 0x4e, 0x4c, 0x4f, 0x43, 0x4b, 0x20, 0x3d, 0x20,
  0x22, 0x5c, 0x78, 0x65, 0x66, 0x5c, 0x78, 0x38, 0x32, 0x5c, 0x78, 0x39,
  0x63, 0x22, 0x09, 0x2d, 0x2d, 0x20, 0x55, 0x2b, 0x66, 0x30, 0x39, 0x63,
  0x0d, 0x0a, 0x49, 0x43, 0x4f, 0x4e, 0x5f, 0x46, 0x41, 0x5f, 0x55, 0x4e,
  0x4c, 0x4f, 0x43, 0x4b, 0x5f, 0x4b, 0x45, 0x59, 0x48, 0x4f, 0x4c, 0x45,
  0x20, 0x3d, 0x20, 0x22, 0x5c, 0x78, 0x65, 0x66, 0x5c, 0x78, 0x38, 0x34,
  0x5c, 0x78, 0x62, 0x65, 0x22, 0x09, 0x2d, 0x2d, 0x20, 0x55, 0x2b, 0x66,
  0x31, 0x33, 0x65, 0x0d, 0x0a, 0x49, 0x43, 0x4f, 0x4e, 0x5f, 0x46, 0x41,
  0x5f, 0x55, 0x50, 0x5f, 0x44, 0x4f, 0x57, 0x4e, 0x20, 0x3d, 0x20, 0x22,
  0x5c, 0x78, 0x65, 0x66, 0x5c, 0x78, 0x38, 0x63, 0x5c, 0x78, 0x62, 0x38,
  0x22, 0x09, 0x2d, 0x2d, 0x20, 0x55, 0x2b, 0x66, 0x33, 0x33, 0x38, 0x0d,
  0x0a, 0x49, 0x43, 0x4f, 0x4e, 0x5f, 0x46, 0x41, 0x5f, 0x55, 0x50, 0x5f,
  0x44, 0x4f, 0x57, 0x4e, 0x5f, 0x4c, 0x45, 0x46, 0x54, 0x5f, 0x52, 0x49,
  0x47, 0x48, 0x54, 0x20, 0x3d, 0x20, 0x22, 0x5c, 0x78, 0x65, 0x66, 0x5c,
  0x78, 0x38, 0x32, 0x5c, 0x78, 0x62, 0x32, 0x22, 0x09, 0x2d, 0x2d, 0x20,
  0x55, 0x2b, 0x66, 0x30, 0x62, 0x32, 0x0d, 0x0a, 0x49, 0x43, 0x4f, 0x4e,
  0x5f, 0x46, 0x41, 0x5f, 0x55, 0x50, 0x5f, 0x4c, 0x4f, 0x4e, 0x47, 0x20,
  0x3d, 0x20, 0x22, 0x5c, 0x78, 0x65, 0x66, 0x5c, 0x78, 0x38, 0x63, 0x5c,
  0x78, 0x38, 0x63, 0x22, 0x09, 0x2d, 0x2d, 0x20, 0x55, 0x2b, 0x66, 0x33,
  0x30, 0x63, 0x0d, 0x0a, 0x49, 0x43, 0x4f, 0x4e, 0x5f, 0x46, 0x41, 0x5f,
  0x55, 0x50, 0x5f, 0x52, 0x49, 0x47, 0x48, 0x54, 0x5f, 0x41, 0x4e, 0x44,
  0x5f, 0x44, 0x4f, 0x57, 0x4e, 0x5f, 0x4c, 0x45, 0x46, 0x54, 0x5f, 0x46,
  0x52, 0x4f, 0x4d, 0x5f, 0x43, 0x45, 0x4e, 0x54, 0x45, 0x52, 0x20, 0x3d,
  0x20, 0x22, 0x5c, 0x78, 0x65, 0x66, 0x5c, 0x78, 0x39, 0x30, 0x5c, 0x78,
  0x61, 0x34, 0x22, 0x09, 0x2d, 0x2d, 0x20, 0x55, 0x2b, 0x66, 0x34, 0x32,
  0x34, 0x0d, 0x0a, 0x49, 0x43, 0x4f, 0x4e, 0x5f, 0x46, 0x41, 0x5f, 0x55,
  0x50, 0x5f, 0x52, 0x49, 0x47, 0x48, 0x54, 0x5f, 0x46, 0x52, 0x4f, 0x4d,
  0x5f, 0x53, 0x51, 0x55, 0x41, 0x52, 0x45, 0x20, 0x3d, 0x20, 0x22, 0x5c,
  0x78, 0x65, 0x66, 0x5c, 0x78, 0x38, 0x64, 0x5c, 0x78, 0x39, 0x64, 0x22,
  0x09, 0x2d, 0x2d, 0x20, 0x55, 0x2b, 0x66, 0x33, 0x35, 0x64, 0x0d, 0x0a,
  0x49, 0x43, 0x4f, 0x4e, 0x5f, 0x46, 0x41, 0x5f, 0x55, 0x50, 0x4c, 0x4f,
  0x41, 0x44, 0x20, 0x3d, 0x20, 0x22, 0x5c, 0x78, 0x65, 0x66, 0x5c, 0x78,
  0x38, 0x32, 0x5c, 0x78, 0x39, 0x33, 0x22, 0x09, 0x2d, 0x2d, 0x20, 0x55,
  0x2b, 0x66, 0x30, 0x39, 0x33, 0x0d, 0x0a, 0x49, 0x43, 0x4f, 0x4e, 0x5f,
  0x46, 0x41, 0x5f, 0x55, 0x53, 0x45, 0x52, 0x20, 0x3d, 0x20, 0x22, 0x5c,
  0x78, 0x65, 0x66, 0x5c, 0x78, 0x38, 0x30, 0x5c, 0x78, 0x38, 0x37, 0x22,
  0x09, 0x2d, 0x2d, 0x20, 0x55, 0x2b, 0x66, 0x30, 0x30, 0x37, 0x0d, 0x0a,
  0x49, 0x43, 0x4f, 0x4e, 0x5f, 0x46, 0x41, 0x5f, 0x55, 0x53, 0x45, 0x52,
  0x5f, 0x41, 0x53, 0x54, 0x52, 0x4f, 0x4e, 0x41, 0x55, 0x54, 0x20, 0x3d,
  0x20, 0x22, 0x5c, 0x78, 0x65, 0x66, 0x5c, 0x78, 0x39, 0x33, 0x5c, 0x78,
  0x62, 0x62, 0x22, 0x09, 0x2d, 0x2d, 0x20, 0x55, 0x2b, 0x66, 0x34, 0x66,
  0x62, 0x0d, 0x0a, 0x49, 0x43, 0x4f, 0x4e, 0x5f, 0x46, 0x41, 0x5f, 0x55,
  0x53, 0x45, 0x52, 0x5f, 0x43, 0x48, 0x45, 0x43, 0x4b, 0x20, 0x3d, 0x20,
  0x22, 0x5c, 0x78, 0x65, 0x66, 0x5c, 0x78, 0x39, 0x33, 0x5c, 0x78, 0x62,
  0x63, 0x22, 0x09, 0x2d, 0x2d, 0x20, 0x55, 0x2b, 0x66, 0x34, 0x66, 0x63,
  0x0d, 0x0a, 0x49, 0x43, 0x4f, 0x4e, 0x5f, 0x46, 0x41, 0x5f, 0x55, 0x53,
  0x45, 0x52, 0x5f, 0x43, 0x4c, 0x4f, 0x43, 0x4b, 0x20, 0x3d, 0x20, 0x22,
  0x5c, 0x78, 0x65, 0x66, 0x5c, 0x78, 0x39, 0x33, 0x5c, 0x78, 0x62, 0x64,
  0x22, 0x09, 0x2d, 0x2d, 0x20, 0x55, 0x2b, 0x66, 0x34, 0x66, 0x64, 0x0d,
  0x0a, 0x49, 0x43, 0x4f, 0x4e, 0x5f, 0x46, 0x41, 0x5f, 0x55, 0x53, 0x45,
  0x52, 0x5f, 0x44, 0x4f, 0x43, 0x54, 0x4f, 0x52, 0x20, 0x3d, 0x20, 0x22,
  0x5c, 0x78, 0x65, 0x66, 0x5c, 0x78, 0x38, 0x33, 0x5c, 0x78, 0x62, 0x30,
  0x22, 0x09, 0x2d, 0x2d, 0x20, 0x55, 0x2b, 0x66, 0x30, 0x66, 0x30, 0x0d,
  0x0a, 0x49, 0x43, 0x4f, 0x4e, 0x5f, 0x46, 0x41, 0x5f, 0x55, 0x53, 0x45,
  0x52, 0x5f, 0x47, 0x45, 0x41, 0x52, 0x20, 0x3d, 0x20, 0x22, 0x5c, 0x78,
  0x65, 0x66, 0x5c, 0x78, 0x39, 0x33, 0x5c, 0x78, 0x62, 0x65, 0x22, 0x09,
  0x2d, 0x2d, 0x20, 0x55, 0x2b, 0x66, 0x34, 0x66, 0x65, 0x0d, 0x0a, 0x49,
  0x43, 0x4f, 0x4e, 0x5f, 0x46, 0x41, 0x5f, 0x55, 0x53, 0x45, 0x52, 0x5f,
  0x47, 0x52, 0x41, 0x44, 0x55, 0x41, 0x54, 0x45, 0x20, 0x3d, 0x20, 0x22,
  0x5c, 0x78, 0x65, 0x66, 0x5c, 0x78, 0x39, 0x34, 0x5c, 0x78, 0x38, 0x31,
  0x22, 0x09, 0x2d, 0x2d, 0x20, 0x55, 0x2b, 0x66, 0x35, 0x30, 0x31, 0x0d,
  0x0a, 0x49, 0x43, 0x4f, 0x4e, 0x5f, 0x46, 0x41, 0x5f, 0x55, 0x53, 0x45,
  0x52, 0x5f, 0x47, 0x52, 0x4f, 0x55, 0x50, 0x20, 0x3d, 0x20, 0x22, 0x5c,
  0x78, 0x65, 0x66, 0x5c, 0x78, 0x39, 0x34, 0x5c, 0x78, 0x38, 0x30, 0x22,
  0x09, 0x2d, 0x2d, 0x20, 0x55, 0x2b, 0x66, 0x35, 0x30, 0x30, 0x0d, 0x0a,
  0x49, 0x43, 0x4f, 0x4e, 0x5f, 0x46, 0x41, 0x5f, 0x55, 0x53, 0x45, 0x52,
  0x5f, 0x49, 0x4e, 0x4a, 0x55, 0x52, 0x45, 0x44, 0x20, 0x3d, 0x20, 0x22,
  0x5c, 0x78, 0x65, 0x66, 0x5c, 0x78, 0x39, 0x63, 0x5c, 0x78, 0x61, 0x38,
  0x22, 0x09, 0x2d, 0x2d, 0x20, 0x55, 0x2b, 0x66, 0x37, 0x32, 0x38, 0x0d,
  0x0a, 0x49, 0x43, 0x4f, 0x4e, 0x5f, 0x46, 0x41, 0x5f, 0x55, 0x53, 0x45,
  0x52, 0x5f, 0x4c, 0x4f, 0x43, 0x4b, 0x20, 0x3d, 0x20, 0x22, 0x5c, 0x78,
  0x65, 0x66, 0x5c, 0x78, 0x39, 0x34, 0x5c, 0x78, 0x38, 0x32, 0x22, 0x09,
  0x2d, 0x2d, 0x20, 0x55, 0x2b, 0x66, 0x35, 0x30, 0x32, 0x0d, 0x0a, 0x49,
  0x43, 0x4f, 0x4e, 0x5f, 0x46, 0x41, 0x5f, 0x55, 0x53, 0x45, 0x52, 0x5f,
  0x4d, 0x49, 0x4e, 0x55, 0x53, 0x20, 0x3d, 0x20, 0x22, 0x5c, 0x78, 0x65,
  0x66, 0x5c, 0x78, 0x39, 0x34, 0x5c, 0x78, 0x38, 0x33, 0x22, 0x09, 0x2d,
  0x2d, 0x20, 0x55, 0x2b, 0x66, 0x35, 0x30, 0x33, 0x0d, 0x0a, 0x49, 0x43,
  0x4f, 0x4e, 0x5f, 0x46, 0x41, 0x5f, 0x55, 0x53, 0x45, 0x52, 0x5f, 0x4e,
  0x49, 0x4e, 0x4a, 0x41, 0x20, 0x3d, 0x20, 0x22, 0x5c, 0x78, 0x65, 0x66,
  0x5c, 0x78, 0x39, 0x34, 0x5c, 0x78, 0x38, 0x34, 0x22, 0x09, 0x2d, 0x2d,
  0x20, 0x55, 0x2b, 0x66, 0x35, 0x30, 0x34, 0x0d, 0x0a, 0x49, 0x43, 0x4f,
  0x4e, 0x5f, 0x46, 0x41, 0x5f, 0x55, 0x53, 0x45, 0x52, 0x5f, 0x4e, 0x55,
  0x52, 0x53, 0x45, 0x20, 0x3d, 0x20, 0x22, 0x5c, 0x78, 0x65, 0x66, 0x5c,
  0x78, 0x61, 0x30, 0x5c, 0x78, 0x61, 0x66, 0x22, 0x09, 0x2d, 0x2d, 0x20,
  0x55, 0x2b, 0x66, 0x38, 0x32, 0x66, 0x0d, 0x0a, 0x49, 0x43, 0x4f, 0x4e,
  0x5f, 0x46, 0x41, 0x5f, 0x55, 0x53, 0x45, 0x52, 0x5f, 0x50, 0x45, 0x4e,
  0x20, 0x3d, 0x20, 0x22, 0x5c, 0x78, 0x65, 0x66, 0x5c, 0x78, 0x39, 0x33,
  0x5c, 0x78, 0x62, 0x66, 0x22, 0x09, 0x2d, 0x2d, 0x20, 0x55, 0x2b, 0x66,
  0x34, 0x66, 0x66, 0x0d, 0x0a, 0x49, 0x43, 0x4f, 0x4e, 0x5f, 0x46, 0x41,
  0x5f, 0x55, 0x53, 0x45, 0x52, 0x5f, 0x50, 0x4c, 0x55, 0x53, 0x20, 0x3d,
  0x20, 0x22, 0x5c, 0x78, 0x65, 0x66, 0x5c, 0x78, 0x38, 0x38, 0x5c, 0x78,
  0x62, 0x34, 0x22, 0x09, 0x2d, 0x2d, 0x20, 0x55, 0x2b, 0x66, 0x32, 0x33,
  0x34, 0x0d, 0x0a, 0x49, 0x43, 0x4f, 0x4e, 0x5f, 0x46, 0x41, 0x5f, 0x55,
  0x53, 0x45, 0x52, 0x5f, 0x53, 0x45, 0x43, 0x52, 0x45, 0x54, 0x20, 0x3d,
  0x20, 0x22, 0x5c, 0x78, 0x65, 0x66, 0x5c, 0x78, 0x38, 0x38, 0x5c, 0x78,
  0x39, 0x62, 0x22, 0x09, 0x2d, 0x2d, 0x20, 0x55, 0x2b, 0x66, 0x32, 0x31,
  0x62, 0x0d, 0x0a, 0x49, 0x43, 0x4f, 0x4e, 0x5f, 0x46, 0x41, 0x5f, 0x55,
  0x53, 0x45, 0x52, 0x5f, 0x53, 0x48, 0x49, 0x45, 0x4c, 0x44, 0x20, 0x3d,
  0x20, 0x22, 0x5c, 0x78, 0x65, 0x66, 0x5c, 0x78, 0x39, 0x34, 0x5c, 0x78,
  0x38, 0x35, 0x22, 0x09, 0x2d, 0x2d, 0x20, 0x55, 0x2b, 0x66, 0x35, 0x30,
  0x35, 0x0d, 0x0a, 0x49, 0x43, 0x4f, 0x4e, 0x5f, 0x46, 0x41, 0x5f, 0x55,
  0x53, 0x45, 0x52, 0x5f, 0x53, 0x4c, 0x41, 0x53, 0x48, 0x20, 0x3d, 0x20,
  0x22, 0x5c, 0x78, 0x65, 0x66, 0x5c, 0x78, 0x39, 0x34, 0x5c, 0x78, 0x38,
  0x36, 0x22, 0x09, 0x2d, 0x2d, 0x20, 0x55, 0x2b, 0x66, 0x35, 0x30, 0x36,
  0x0d, 0x0a, 0x49, 0x43, 0x4f, 0x4e, 0x5f, 0x46, 0x41, 0x5f, 0x55, 0x53,
  0x45, 0x52, 0x5f, 0x54, 0x41, 0x47, 0x20, 0x3d, 0x20, 0x22, 0x5c, 0x78,
  0x65, 0x66, 0x5c, 0x78, 0x39, 0x34, 0x5c, 0x78, 0x38, 0x37, 0x22, 0x09,
  0x2d, 0x2d, 0x20, 0x55, 0x2b, 0x66, 0x35, 0x30, 0x37, 0x0d, 0x0a, 0x49,
  0x43, 0x4f, 0x4e, 0x5f, 0x46, 0x41, 0x5f, 0x55, 0x53, 0x45, 0x52, 0x5f,
  0x54, 0x49, 0x45, 0x20, 0x3d, 0x20, 0x22, 0x5c, 0x78, 0x65, 0x66, 0x5c,
  0x78, 0x39, 0x34, 0x5c, 0x78, 0x38, 0x38, 0x22, 0x09, 0x2d, 0x2d, 0x20,
  0x55, 0x2b, 0x66, 0x35, 0x30, 0x38, 0x0d, 0x0a, 0x49, 0x43, 0x4f, 0x4e,
  0x5f, 0x46, 0x41, 0x5f, 0x55, 0x53, 0x45, 0x52, 0x5f, 0x58, 0x4d, 0x41,
  0x52, 0x4b, 0x20, 0x3d, 0x20, 0x22, 0x5c, 0x78, 0x65, 0x66, 0x5c, 0x78,
  0x38, 0x38, 0x5c, 0x78, 0x62, 0x35, 0x22, 0x09, 0x2d, 0x2d, 0x20, 0x55,
  0x2b, 0x66, 0x32, 0x33, 0x35, 0x0d, 0x0a, 0x49, 0x43, 0x4f, 0x4e, 0x5f,
  0x46, 0x41, 0x5f, 0x55, 0x53, 0x45, 0x52, 0x53, 0x20, 0x3d, 0x20, 0x22,
  0x5c, 0x78, 0x65, 0x66, 0x5c, 0x78, 0x38, 0x33, 0x5c, 0x78, 0x38, 0x30,
  0x22, 0x09, 0x2d, 0x2d, 0x20, 0x55, 0x2b, 0x66, 0x30, 0x63, 0x30, 0x0d,
  0x0a, 0x49, 0x43, 0x4f, 0x4e, 0x5f, 0x46, 0x41, 0x5f, 0x55, 0x53, 0x45,
  0x52, 0x53, 0x5f, 0x42, 0x45, 0x54, 0x57, 0x45, 0x45, 0x4e, 0x5f, 0x4c,
  0x49, 0x4e, 0x45, 0x53, 0x20, 0x3d, 0x20, 0x22, 0x5c, 0x78, 0x65, 0x65,
  0x5c, 0x78, 0x39, 0x36, 0x5c, 0x78, 0x39, 0x31, 0x22, 0x09, 0x2d, 0x2d,
  0x20, 0x55, 0x2b, 0x65, 0x35, 0x39, 0x31, 0x0d, 0x0a, 0x49, 0x43, 0x4f,
  0x4e, 0x5f, 0x46, 0x41, 0x5f, 0x55, 0x53, 0x45, 0x52, 0x53, 0x5f, 0x47,
  0x45, 0x41, 0x52, 0x20, 0x3d, 0x20, 0x22, 0x5c, 0x78, 0x65, 0x66, 0x5c,
  0x78, 0x39, 0x34, 0x5c, 0x78, 0x38, 0x39, 0x22, 0x09, 0x2d, 0x2d, 0x20,
  0x55, 0x2b, 0x66, 0x35, 0x30, 0x39, 0x0d, 0x0a, 0x49, 0x43, 0x4f, 0x4e,
  0x5f, 0x46, 0x41, 0x5f, 0x55, 0x53, 0x45, 0x52, 0x53, 0x5f, 0x4c, 0x49,
  0x4e, 0x45, 0x20, 0x3d, 0x20, 0x22, 0x5c, 0x78, 0x65, 0x65, 0x5c, 0x78,
  0x39, 0x36, 0x5c, 0x78, 0x39, 0x32, 0x22, 0x09, 0x2d, 0x2d, 0x20, 0x55,
  0x2b, 0x65, 0x35, 0x39, 0x32, 0x0d, 0x0a, 0x49, 0x43, 0x4f, 0x4e, 0x5f,
  0x46, 0x41, 0x5f, 0x55, 0x53, 0x45, 0x52, 0x53, 0x5f, 0x52, 0x41, 0x59,
  0x53, 0x20, 0x3d, 0x20, 0x22, 0x5c, 0x78, 0x65, 0x65, 0x5c, 0x78, 0x39,
  0x36, 0x5c, 0x78, 0x39, 0x33, 0x22, 0x09, 0x2d, 0x2d, 0x20, 0x55, 0x2b,
  0x65, 0x35, 0x39, 0x33, 0x0d, 0x0a, 0x49, 0x43, 0x4f, 0x4e, 0x5f, 0x46,
  0x41, 0x5f, 0x55, 0x53, 0x45, 0x52, 0x53, 0x5f, 0x52, 0x45, 0x43, 0x54,
  0x41, 0x4e, 0x47, 0x4c, 0x45, 0x20, 0x3d, 0x20, 0x22, 0x5c, 0x78, 0x65,
  0x65, 0x5c, 0x78, 0x39, 0x36, 0x5c, 0x78, 0x39, 0x34, 0x22, 0x09, 0x2d,
  0x2d, 0x20, 0x55, 0x2b, 0x65, 0x35, 0x39, 0x34, 0x0d, 0x0a, 0x49, 0x43,
  0x4f, 0x4e, 0x5f, 0x46, 0x41, 0x5f, 0x55, 0x53, 0x45, 0x52, 0x53, 0x5f,
  0x53, 0x4c, 0x41, 0x53, 0x48, 0x20, 0x3d, 0x20, 0x22, 0x5c, 0x78, 0x65,
  0x65, 0x5c, 0x78, 0x38, 0x31, 0x5c, 0x78, 0x62, 0x33, 0x22, 0x09, 0x2d,
  0x2d, 0x20, 0x55, 0x2b, 0x65, 0x30, 0x37, 0x33, 0x0d, 0x0a, 0x49, 0x43,
  0x4f, 0x4e, 0x5f, 0x46, 0x41, 0x5f, 0x55, 0x53, 0x45, 0x52, 0x53, 0x5f,
  0x56, 0x49, 0x45, 0x57, 0x46, 0x49, 0x4e, 0x44, 0x45, 0x52, 0x20, 0x3d,
  0x20, 0x22, 0x5c, 0x78, 0x65, 0x65, 0x5c, 0x78, 0x39, 0x36, 0x5c, 0x78,
  0x39, 0x35, 0x22, 0x09, 0x2d, 0x2d, 0x20, 0x55, 0x2b, 0x65, 0x35, 0x39,
  0x35, 0x0d, 0x0a, 0x49, 0x43, 0x4f, 0x4e, 0x5f, 0x46, 0x41, 0x5f, 0x55,
  0x54, 0x45, 0x4e, 0x53, 0x49, 0x4c, 0x53, 0x20, 0x3d, 0x20, 0x22, 0x5c,
  0x78, 0x65, 0x66, 0x5c, 0x78, 0x38, 0x62, 0x5c, 0x78, 0x61, 0x37, 0x22,
  0x09, 0x2d, 0x2d, 0x20, 0x55, 0x2b, 0x66, 0x32, 0x65, 0x37, 0x0d, 0x0a,
  0x49, 0x43, 0x4f, 0x4e, 0x5f, 0x46, 0x41, 0x5f, 0x56, 0x20, 0x3d, 0x20,
  0x22, 0x56, 0x22, 0x09, 0x2d, 0x2d, 0x20, 0x55, 0x2b, 0x30, 0x30, 0x35,
  0x36, 0x0d, 0x0a, 0x49, 0x43, 0x4f, 0x4e, 0x5f, 0x46, 0x41, 0x5f, 0x56,
  0x41, 0x4e, 0x5f, 0x53, 0x48, 0x55, 0x54, 0x54, 0x4c, 0x45, 0x20, 0x3d,
  0x20, 0x22, 0x5c, 0x78, 0x65, 0x66, 0x5c, 0x78, 0x39, 0x36, 0x5c, 0x78,
  0x62, 0x36, 0x22, 0x09, 0x2d, 0x2d, 0x20, 0x55, 0x2b, 0x66, 0x35, 0x62,
  0x36, 0x0d, 0x0a, 0x49, 0x43, 0x4f, 0x4e, 0x5f, 0x46, 0x41, 0x5f, 0x56,
  0x41, 0x55, 0x4c, 0x54, 0x20, 0x3d, 0x20, 0x22, 0x5c, 0x78, 0x65, 0x65,
  0x5c, 0x78, 0x38, 0x62, 0x5c, 0x78, 0x38, 0x35, 0x22, 0x09, 0x2d, 0x2d,
  0x20, 0x55, 0x2b, 0x65, 0x32, 0x63, 0x35, 0x0d, 0x0a, 0x49, 0x43, 0x4f,
  0x4e, 0x5f, 0x46, 0x41, 0x5f, 0x56, 0x45, 0x4e, 0x55, 0x53, 0x20, 0x3d,
  0x20, 0x22, 0x5c, 0x78, 0x65, 0x66, 0x5c, 0x78, 0x38, 0x38, 0x5c, 0x78,
  0x61, 0x31, 0x22, 0x09, 0x2d, 0x2d, 0x20, 0x55, 0x2b, 0x66, 0x32, 0x32,
  0x31, 0x0d, 0x0a, 0x49, 0x43, 0x4f, 0x4e, 0x5f, 0x46, 0x41, 0x5f, 0x56,
  0x45, 0x4e, 0x55, 0x53, 0x5f, 0x44, 0x4f, 0x55, 0x42, 0x4c, 0x45, 0x20,
  0x3d, 0x20, 0x22, 0x5c, 0x78, 0x65, 0x66, 0x5c, 0x78, 0x38, 0x38, 0x5c,
  0x78, 0x61, 0x36, 0x22, 0x09, 0x2d, 0x2d, 0x20, 0x55, 0x2b, 0x66, 0x32,
  0x32, 0x36, 0x0d, 0x0a, 0x49, 0x43, 0x4f, 0x4e, 0x5f, 0x46, 0x41, 0x5f,
  0x56, 0x45, 0x4e, 0x55, 0x53, 0x5f, 0x4d, 0x41, 0x52, 0x53, 0x20, 0x3d,
  0x20, 0x22, 0x5c, 0x78, 0x65, 0x66, 0x5c, 0x78, 0x38, 0x38, 0x5c, 0x78,
  0x61, 0x38, 0x22, 0x09, 0x2d, 0x2d, 0x20, 0x55, 0x2b, 0x66, 0x32, 0x32,
  0x38, 0x0d, 0x0a, 0x49, 0x43, 0x4f, 0x4e, 0x5f, 0x46, 0x41, 0x5f, 0x56,
  0x45, 0x53, 0x54, 0x20, 0x3d, 0x20, 0x22, 0x5c, 0x78, 0x65, 0x65, 0x5c,
  0x78, 0x38, 0x32, 0x5c, 0x78, 0x38, 0x35, 0x22, 0x09, 0x2d, 0x2d, 0x20,
  0x55, 0x2b, 0x65, 0x30, 0x38, 0x35, 0x0d, 0x0a, 0x49, 0x43, 0x4f, 0x4e,
  0x5f, 0x46, 0x41, 0x5f, 0x56, 0x45, 0x53, 0x54, 0x5f, 0x50, 0x41, 0x54,
  0x43, 0x48, 0x45, 0x53, 0x20, 0x3d, 0x20, 0x22, 0x5c, 0x78, 0x65, 0x65,
  0x5c, 0x78, 0x38, 0x32, 0x5c, 0x78, 0x38, 0x36, 0x22, 0x09, 0x2d, 0x2d,
  0x20, 0x55, 0x2b, 0x65, 0x30, 0x38, 0x36, 0x0d, 0x0a, 0x49, 0x43, 0x4f,
  0x4e, 0x5f, 0x46, 0x41, 0x5f, 0x56, 0x49, 0x41, 0x4c, 0x20, 0x3d, 0x20,
  0x22, 0x5c, 0x78, 0x65, 0x66, 0x5c, 0x78, 0x39, 0x32, 0x5c, 0x78, 0x39,
  0x32, 0x22, 0x09, 0x2d, 0x2d, 0x20, 0x55, 0x2b, 0x66, 0x34, 0x39, 0x32,
  0x0d, 0x0a, 0x49, 0x43, 0x4f, 0x4e, 0x5f, 0x46, 0x41, 0x5f, 0x56, 0x49,
  0x41, 0x4c, 0x5f, 0x43, 0x49, 0x52, 0x43, 0x4c, 0x45, 0x5f, 0x43, 0x48,
  0x45, 0x43, 0x4b, 0x20, 0x3d, 0x20, 0x22, 0x5c, 0x78, 0x65, 0x65, 0x5c,
  0x78, 0x39, 0x36, 0x5c, 0x78, 0x39, 0x36, 0x22, 0x09, 0x2d, 0x2d, 0x20,
  0x55, 0x2b, 0x65, 0x35, 0x39, 0x36, 0x0d, 0x0a, 0x49, 0x43, 0x4f, 0x4e,
  0x5f, 0x46, 0x41, 0x5f, 0x56, 0x49, 0x41, 0x4c, 0x5f, 0x56, 0x49, 0x52,
  0x55, 0x53, 0x20, 0x3d, 0x20, 0x22, 0x5c, 0x78, 0x65, 0x65, 0x5c, 0x78,
  0x39, 0x36, 0x5c, 0x78, 0x39, 0x37, 0x22, 0x09, 0x2d, 0x2d, 0x20, 0x55,
  0x2b, 0x65, 0x35, 0x39, 0x37, 0x0d, 0x0a, 0x49, 0x43, 0x4f, 0x4e, 0x5f,
  0x46, 0x41, 0x5f, 0x56, 0x49, 0x41, 0x4c, 0x53, 0x20, 0x3d, 0x20, 0x22,
  0x5c, 0x78, 0x65, 0x66, 0x5c, 0x78, 0x39, 0x32, 0x5c, 0x78, 0x39, 0x33,
  0x22, 0x09, 0x2d, 0x2d, 0x20, 0x55, 0x2b, 0x66, 0x34, 0x39, 0x33, 0x0d,
  0x0a, 0x49, 0x43, 0x4f, 0x4e, 0x5f, 0x46, 0x41, 0x5f, 0x56, 0x49, 0x44,
  0x45, 0x4f, 0x20, 0x3d, 0x20, 0x22, 0x5c, 0x78, 0x65, 0x66, 0x5c, 0x78,
  0x38, 0x30, 0x5c, 0x78, 0x62, 0x64, 0x22, 0x09, 0x2d, 0x2d, 0x20, 0x55,
  0x2b, 0x66, 0x30, 0x33, 0x64, 0x0d, 0x0a, 0x49, 0x43, 0x4f, 0x4e, 0x5f,
  0x46, 0x41, 0x5f, 0x56, 0x49, 0x44, 0x45, 0x4f, 0x5f, 0x53, 0x4c, 0x41,
  0x53, 0x48, 0x20, 0x3d, 0x20, 0x22, 0x5c, 0x78, 0x65, 0x66, 0x5c, 0x78,
  0x39, 0x33, 0x5c, 0x78, 0x61, 0x32, 0x22, 0x09, 0x2d, 0x2d, 0x20, 0x55,
  0x2b, 0x66, 0x34, 0x65, 0x32, 0x0d, 0x0a, 0x49, 0x43, 0x4f, 0x4e, 0x5f,
  0x46, 0x41, 0x5f, 0x56, 0x49, 0x48, 0x41, 0x52, 0x41, 0x20, 0x3d, 0x20,
  0x22, 0x5c, 0x78, 0x65, 0x66, 0x5c, 0x78, 0x39, 0x61, 0x5c, 0x78, 0x61,
  0x37, 0x22, 0x09, 0x2d, 0x2d, 0x20, 0x55, 0x2b, 0x66, 0x36, 0x61, 0x37,
  0x0d, 0x0a, 0x49, 0x43, 0x4f, 0x4e, 0x5f, 0x46, 0x41, 0x5f, 0x56, 0x49,
  0x52, 0x55, 0x53, 0x20, 0x3d, 0x20, 0x22, 0x5c, 0x78, 0x65, 0x65, 0x5c,
  0x78, 0x38, 0x31, 0x5c, 0x78, 0x62, 0x34, 0x22, 0x09, 0x2d, 0x2d, 0x20,
  0x55, 0x2b, 0x65, 0x30, 0x37, 0x34, 0x0d, 0x0a, 0x49, 0x43, 0x4f, 0x4e,
  0x5f, 0x46, 0x41, 0x5f, 0x56, 0x49, 0x52, 0x55, 0x53, 0x5f, 0x43, 0x4f,
  0x56, 0x49, 0x44, 0x20, 0x3d, 0x20, 0x22, 0x5c, 0x78, 0x65, 0x65, 0x5c,
  0x78, 0x39, 0x32, 0x5c, 0x78, 0x61, 0x38, 0x22, 0x09, 0x2d, 0x2d, 0x20,
  0x55, 0x2b, 0x65, 0x34, 0x61, 0x38, 0x0d, 0x0a, 0x49, 0x43, 0x4f, 0x4e,
  0x5f, 0x46, 0x41, 0x5f, 0x56, 0x49, 0x52, 0x55, 0x53, 0x5f, 0x43, 0x4f,
  0x56, 0x49, 0x44, 0x5f, 0x53, 0x4c, 0x41, 0x53, 0x48, 0x20, 0x3d, 0x20,
  0x22, 0x5c, 0x78, 0x65, 0x65, 0x5c, 0x78, 0x39, 0x32, 0x5c, 0x78, 0x61,
  0x39, 0x22, 0x09, 0x2d, 0x2d, 0x20, 0x55, 0x2b, 0x65, 0x34, 0x61, 0x39,
  0x0d, 0x0a, 0x49, 0x43, 0x4f, 0x4e, 0x5f, 0x46, 0x41, 0x5f, 0x56, 0x49,
  0x52, 0x55, 0x53, 0x5f, 0x53, 0x4c, 0x41, 0x53, 0x48, 0x20, 0x3d, 0x20,
  0x22, 0x5c, 0x78, 0x65, 0x65, 0x5c, 0x78, 0x38, 0x31, 0x5c, 0x78, 0x62,
  0x35, 0x22, 0x09, 0x2d, 0x2d, 0x20, 0x55, 0x2b, 0x65, 0x30, 0x37, 0x35,
  0x0d, 0x0a, 0x49, 0x43, 0x4f, 0x4e, 0x5f, 0x46, 0x41, 0x5f, 0x56, 0x49,
  0x52, 0x55, 0x53, 0x45, 0x53, 0x20, 0x3d, 0x20, 0x22, 0x5c, 0x78, 0x65,
  0x65, 0x5c, 0x78, 0x38, 0x31, 0x5c, 0x78, 0x62, 0x36, 0x22, 0x09, 0x2d,
  0x2d, 0x20, 0x55, 0x2b, 0x65, 0x30, 0x37, 0x36, 0x0d, 0x0a, 0x49, 0x43,
  0x4f, 0x4e, 0x5f, 0x46, 0x41, 0x5f, 0x56, 0x4f, 0x49, 0x43, 0x45, 0x4d,
  0x41, 0x49, 0x4c, 0x20, 0x3d, 0x20, 0x22, 0x5c, 0x78, 0x65, 0x66, 0x5c,
  0x78, 0x61, 0x32, 0x5c, 0x78, 0x39, 0x37, 0x22, 0x09, 0x2d, 0x2d, 0x20,
  0x55, 0x2b, 0x66, 0x38, 0x39, 0x37, 0x0d, 0x0a, 0x49, 0x43, 0x4f, 0x4e,
  0x5f, 0x46, 0x41, 0x5f, 0x56, 0x4f, 0x4c, 0x43, 0x41, 0x4e, 0x4f, 0x20,
  0x3d, 0x20, 0x22, 0x5c, 0x78, 0x65, 0x66, 0x5c, 0x78, 0x39, 0x64, 0x5c,
  0x78, 0x62, 0x30, 0x22, 0x09, 0x2d, 0x2d, 0x20, 0x55, 0x2b, 0x66, 0x37,
  0x37, 0x30, 0x0d, 0x0a, 0x49, 0x43, 0x4f, 0x4e, 0x5f, 0x46, 0x41, 0x5f,
  0x56, 0x4f, 0x4c, 0x4c, 0x45, 0x59, 0x42, 0x41, 0x4c, 0x4c, 0x20, 0x3d,
  0x20, 0x22, 0x5c, 0x78, 0x65, 0x66, 0x5c, 0x78, 0x39, 0x31, 0x5c, 0x78,
  0x39, 0x66, 0x22, 0x09, 0x2d, 0x2d, 0x20, 0x55, 0x2b, 0x66, 0x34, 0x35,
  0x66, 0x0d, 0x0a, 0x49, 0x43, 0x4f, 0x4e, 0x5f, 0x46, 0x41, 0x5f, 0x56,
  0x4f, 0x4c, 0x55, 0x4d, 0x45, 0x5f, 0x48, 0x49, 0x47, 0x48, 0x20, 0x3d,
  0x20, 0x22, 0x5c, 0x78, 0x65, 0x66, 0x5c, 0x78, 0x38, 0x30, 0x5c, 0x78,
  0x61, 0x38, 0x22, 0x09, 0x2d, 0x2d, 0x20, 0x55, 0x2b, 0x66, 0x30, 0x32,
  0x38, 0x0d, 0x0a, 0x49, 0x43, 0x4f, 0x4e, 0x5f, 0x46, 0x41, 0x5f, 0x56,
  0x4f, 0x4c, 0x55, 0x4d, 0x45, 0x5f, 0x4c, 0x4f, 0x57, 0x20, 0x3d, 0x20,
  0x22, 0x5c, 0x78, 0x65, 0x66, 0x5c, 0x78, 0x38, 0x30, 0x5c, 0x78, 0x61,
  0x37, 0x22, 0x09, 0x2d, 0x2d, 0x20, 0x55, 0x2b, 0x66, 0x30, 0x32, 0x37,
  0x0d, 0x0a, 0x49, 0x43, 0x4f, 0x4e, 0x5f, 0x46, 0x41, 0x5f, 0x56, 0x4f,
  0x4c, 0x55, 0x4d, 0x45, 0x5f, 0x4f, 0x46, 0x46, 0x20, 0x3d, 0x20, 0x22,
  0x5c, 0x78, 0x65, 0x66, 0x5c, 0x78, 0x38, 0x30, 0x5c, 0x78, 0x61, 0x36,
  0x22, 0x09, 0x2d, 0x2d, 0x20, 0x55, 0x2b, 0x66, 0x30, 0x32, 0x36, 0x0d,
  0x0a, 0x49, 0x43, 0x4f, 0x4e, 0x5f, 0x46, 0x41, 0x5f, 0x56, 0x4f, 0x4c,
  0x55, 0x4d, 0x45, 0x5f, 0x58, 0x4d, 0x41, 0x52, 0x4b, 0x20, 0x3d, 0x20,
  0x22, 0x5c, 0x78, 0x65, 0x66, 0x5c, 0x78, 0x39, 0x61, 0x5c, 0x78, 0x61,
  0x39, 0x22, 0x09, 0x2d, 0x2d, 0x20, 0x55, 0x2b, 0x66, 0x36, 0x61, 0x39,
  0x0d, 0x0a, 0x49, 0x43, 0x4f, 0x4e, 0x5f, 0x46, 0x41, 0x5f, 0x56, 0x52,
  0x5f, 0x43, 0x41, 0x52, 0x44, 0x42, 0x4f, 0x41, 0x52, 0x44, 0x20, 0x3d,
  0x20, 0x22, 0x5c, 0x78, 0x65, 0x66, 0x5c, 0x78, 0x39, 0x63, 0x5c, 0x78,
  0x61, 0x39, 0x22, 0x09, 0x2d, 0x2d, 0x20, 0x55, 0x2b, 0x66, 0x37, 0x32,
  0x39, 0x0d, 0x0a, 0x49, 0x43, 0x4f, 0x4e, 0x5f, 0x46, 0x41, 0x5f, 0x57,
  0x20, 0x3d, 0x20, 0x22, 0x57, 0x22, 0x09, 0x2d, 0x2d, 0x20, 0x55, 0x2b,
  0x30, 0x30, 0x35, 0x37, 0x0d, 0x0a, 0x49, 0x43, 0x4f, 0x4e, 0x5f, 0x46,
  0x41, 0x5f, 0x57, 0x41, 0x4c, 0x4b, 0x49, 0x45, 0x5f, 0x54, 0x41, 0x4c,
  0x4b, 0x49, 0x45, 0x20, 0x3d, 0x20, 0x22, 0x5c, 0x78, 0x65, 0x66, 0x5c,
  0x78, 0x61, 0x33, 0x5c, 0x78, 0x61, 0x66, 0x22, 0x09, 0x2d, 0x2d, 0x20,
  0x55, 0x2b, 0x66, 0x38, 0x65, 0x66, 0x0d, 0x0a, 0x49, 0x43, 0x4f, 0x4e,
  0x5f, 0x46, 0x41, 0x5f, 0x57, 0x41, 0x4c, 0x4c, 0x45, 0x54, 0x20, 0x3d,
  0x20, 0x22, 0x5c, 0x78, 0x65, 0x66, 0x5c, 0x78, 0x39, 0x35, 0x5c, 0x78,
  0x39, 0x35, 0x22, 0x09, 0x2d, 0x2d, 0x20, 0x55, 0x2b, 0x66, 0x35, 0x35,
  0x35, 0x0d, 0x0a, 0x49, 0x43, 0x4f, 0x4e, 0x5f, 0x46, 0x41, 0x5f, 0x57,
  0x41, 0x4e, 0x44, 0x5f, 0x4d, 0x41, 0x47, 0x49, 0x43, 0x20, 0x3d, 0x20,
  0x22, 0x5c, 0x78, 0x65, 0x66, 0x5c, 0x78, 0x38, 0x33, 0x5c, 0x78, 0x39,
  0x30, 0x22, 0x09, 0x2d, 0x2d, 0x20, 0x55, 0x2b, 0x66, 0x30, 0x64, 0x30,
  0x0d, 0x0a, 0x49, 0x43, 0x4f, 0x4e, 0x5f, 0x46, 0x41, 0x5f, 0x57, 0x41,
  0x4e, 0x44, 0x5f, 0x4d, 0x41, 0x47, 0x49, 0x43, 0x5f, 0x53, 0x50, 0x41,
  0x52, 0x4b, 0x4c, 0x45, 0x53, 0x20, 0x3d, 0x20, 0x22, 0x5c, 0x78, 0x65,
  0x65, 0x5c, 0x78, 0x38, 0x62, 0x5c, 0x78, 0x38, 0x61, 0x22, 0x09, 0x2d,
  0x2d, 0x20, 0x55, 0x2b, 0x65, 0x32, 0x63, 0x61, 0x0d, 0x0a, 0x49, 0x43,
  0x4f, 0x4e, 0x5f, 0x46, 0x41, 0x5f, 0x57, 0x41, 0x4e, 0x44, 0x5f, 0x53,
  0x50, 0x41, 0x52, 0x4b, 0x4c, 0x45, 0x53, 0x20, 0x3d, 0x20, 0x22, 0x5c,
  0x78, 0x65, 0x66, 0x5c, 0x78, 0x39, 0x63, 0x5c, 0x78, 0x61, 0x62, 0x22,
  0x09, 0x2d, 0x2d, 0x20, 0x55, 0x2b, 0x66, 0x37, 0x32, 0x62, 0x0d, 0x0a,
  0x49, 0x43, 0x4f, 0x4e, 0x5f, 0x46, 0x41, 0x5f, 0x57, 0x41, 0x52, 0x45,
  0x48, 0x4f, 0x55, 0x53, 0x45, 0x20, 0x3d, 0x20, 0x22, 0x5c, 0x78, 0x65,
  0x66, 0x5c, 0x78, 0x39, 0x32, 0x5c, 0x78, 0x39, 0x34, 0x22, 0x09, 0x2d,
  0x2d, 0x20, 0x55, 0x2b, 0x66, 0x34, 0x39, 0x34, 0x0d, 0x0a, 0x49, 0x43,
  0x4f, 0x4e, 0x5f, 0x46, 0x41, 0x5f, 0x57, 0x41, 0x54, 0x45, 0x52, 0x20,
  0x3d, 0x20, 0x22, 0x5c, 0x78, 0x65, 0x66, 0x5c, 0x78, 0x39, 0x64, 0x5c,
  0x78, 0x62, 0x33, 0x22, 0x09, 0x2d, 0x2d, 0x20, 0x55, 0x2b, 0x66, 0x37,
  0x37, 0x33, 0x0d, 0x0a, 0x49, 0x43, 0x4f, 0x4e, 0x5f, 0x46, 0x41, 0x5f,
  0x57, 0x41, 0x54, 0x45, 0x52, 0x5f, 0x4c, 0x41, 0x44, 0x44, 0x45, 0x52,
  0x20, 0x3d, 0x20, 0x22, 0x5c, 0x78, 0x65, 0x66, 0x5c, 0x78, 0x39, 0x37,
  0x5c, 0x78, 0x38, 0x35, 0x22, 0x09, 0x2d, 0x2d, 0x20, 0x55, 0x2b, 0x66,
  0x35, 0x63, 0x35, 0x0d, 0x0a, 0x49, 0x43, 0x4f, 0x4e, 0x5f, 0x46, 0x41,
  0x5f, 0x57, 0x41, 0x56, 0x45, 0x5f, 0x53, 0x51, 0x55, 0x41, 0x52, 0x45,
  0x20, 0x3d, 0x20, 0x22, 0x5c, 0x78, 0x65, 0x66, 0x5c, 0x78, 0x61, 0x30,
  0x5c, 0x78, 0x62, 0x65, 0x22, 0x09, 0x2d, 0x2d, 0x20, 0x55, 0x2b, 0x66,
  0x38, 0x33, 0x65, 0x0d, 0x0a, 0x49, 0x43, 0x4f, 0x4e, 0x5f, 0x46, 0x41,
  0x5f, 0x57, 0x45, 0x42, 0x5f, 0x41, 0x57, 0x45, 0x53, 0x4f, 0x4d, 0x45,
  0x20, 0x3d, 0x20, 0x22, 0x5c, 0x78, 0x65, 0x65, 0x5c, 0x78, 0x39, 0x61,
  0x5c, 0x78, 0x38, 0x32, 0x22, 0x09, 0x2d, 0x2d, 0x20, 0x55, 0x2b, 0x65,
  0x36, 0x38, 0x32, 0x0d, 0x0a, 0x49, 0x43, 0x4f, 0x4e, 0x5f, 0x46, 0x41,
  0x5f, 0x57, 0x45, 0x49, 0x47, 0x48, 0x54, 0x5f, 0x48, 0x41, 0x4e, 0x47,
  0x49, 0x4e, 0x47, 0x20, 0x3d, 0x20, 0x22, 0x5c, 0x78, 0x65, 0x66, 0x5c,
  0x78, 0x39, 0x37, 0x5c, 0x78, 0x38, 0x64, 0x22, 0x09, 0x2d, 0x2d, 0x20,
  0x55, 0x2b, 0x66, 0x35, 0x63, 0x64, 0x0d, 0x0a, 0x49, 0x43, 0x4f, 0x4e,
  0x5f, 0x46, 0x41, 0x5f, 0x57, 0x45, 0x49, 0x47, 0x48, 0x54, 0x5f, 0x53,
  0x43, 0x41, 0x4c, 0x45, 0x20, 0x3d, 0x20, 0x22, 0x5c, 0x78, 0x65, 0x66,
  0x5c, 0x78, 0x39, 0x32, 0x5c, 0x78, 0x39, 0x36, 0x22, 0x09, 0x2d, 0x2d,
  0x20, 0x55, 0x2b, 0x66, 0x34, 0x39, 0x36, 0x0d, 0x0a, 0x49, 0x43, 0x4f,
  0x4e, 0x5f, 0x46, 0x41, 0x5f, 0x57, 0x48, 0x45, 0x41, 0x54, 0x5f, 0x41,
  0x57, 0x4e, 0x20, 0x3d, 0x20, 0x22, 0x5c, 0x78, 0x65, 0x65, 0x5c, 0x78,
  0x38, 0x62, 0x5c, 0x78, 0x38, 0x64, 0x22, 0x09, 0x2d, 0x2d, 0x20, 0x55,
  0x2b, 0x65, 0x32, 0x63, 0x64, 0x0d, 0x0a, 0x49, 0x43, 0x4f, 0x4e, 0x5f,
  0x46, 0x41, 0x5f, 0x57, 0x48, 0x45, 0x41, 0x54, 0x5f, 0x41, 0x57, 0x4e,
  0x5f, 0x43, 0x49, 0x52, 0x43, 0x4c, 0x45, 0x5f, 0x45, 0x58, 0x43, 0x4c,
  0x41, 0x4d, 0x41, 0x54, 0x49, 0x4f, 0x4e, 0x20, 0x3d, 0x20, 0x22, 0x5c,
  0x78, 0x65, 0x65, 0x5c, 0x78, 0x39, 0x36, 0x5c, 0x78, 0x39, 0x38, 0x22,
  0x09, 0x2d, 0x2d, 0x20, 0x55, 0x2b, 0x65, 0x35, 0x39, 0x38, 0x0d, 0x0a,
  0x49, 0x43, 0x4f, 0x4e, 0x5f, 0x46, 0x41, 0x5f, 0x57, 0x48, 0x45, 0x45,
  0x4c, 0x43, 0x48, 0x41, 0x49, 0x52, 0x20, 0x3d, 0x20, 0x22, 0x5c, 0x78,
  0x65, 0x66, 0x5c, 0x78, 0x38, 0x36, 0x5c, 0x78, 0x39, 0x33, 0x22, 0x09,
  0x2d, 0x2d, 0x20, 0x55, 0x2b, 0x66, 0x31, 0x39, 0x33, 0x0d, 0x0a, 0x49,
  0x43, 0x4f, 0x4e, 0x5f, 0x46, 0x41, 0x5f, 0x57, 0x48, 0x45, 0x45, 0x4c,
  0x43, 0x48, 0x41, 0x49, 0x52, 0x5f, 0x4d, 0x4f, 0x56, 0x45, 0x20, 0x3d,
  0x20, 0x22, 0x5c, 0x78, 0x65, 0x65, 0x5c, 0x78, 0x38, 0x62, 0x5c, 0x78,
  0x38, 0x65, 0x22, 0x09, 0x2d, 0x2d, 0x20, 0x55, 0x2b, 0x65, 0x32, 0x63,
  0x65, 0x0d, 0x0a, 0x49, 0x43, 0x4f, 0x4e, 0x5f, 0x46, 0x41, 0x5f, 0x57,
  0x48, 0x49, 0x53, 0x4b, 0x45, 0x59, 0x5f, 0x47, 0x4c, 0x41, 0x53, 0x53,
  0x20, 0x3d, 0x20, 0x22, 0x5c, 0x78, 0x65, 0x66, 0x5c, 0x78, 0x39, 0x65,
  0x5c, 0x78, 0x61, 0x30, 0x22, 0x09, 0x2d, 0x2d, 0x20, 0x55, 0x2b, 0x66,
  0x37, 0x61, 0x30, 0x0d, 0x0a, 0x49, 0x43, 0x4f, 0x4e, 0x5f, 0x46, 0x41,
  0x5f, 0x57, 0x49, 0x46, 0x49, 0x20, 0x3d, 0x20, 0x22, 0x5c, 0x78, 0x65,
  0x66, 0x5c, 0x78, 0x38, 0x37, 0x5c, 0x78, 0x61, 0x62, 0x22, 0x09, 0x2d,
  0x2d, 0x20, 0x55, 0x2b, 0x66, 0x31, 0x65, 0x62, 0x0d, 0x0a, 0x49, 0x43,
  0x4f, 0x4e, 0x5f, 0x46, 0x41, 0x5f, 0x57, 0x49, 0x4e, 0x44, 0x20, 0x3d,
  0x20, 0x22, 0x5c, 0x78, 0x65, 0x66, 0x5c, 0x78, 0x39, 0x63, 0x5c, 0x78,
  0x61, 0x65, 0x22, 0x09, 0x2d, 0x2d, 0x20, 0x55, 0x2b, 0x66, 0x37, 0x32,
  0x65, 0x0d, 0x0a, 0x49, 0x43, 0x4f, 0x4e, 0x5f, 0x46, 0x41, 0x5f, 0x57,
  0x49, 0x4e, 0x44, 0x4f, 0x57, 0x5f, 0x4d, 0x41, 0x58, 0x49, 0x4d, 0x49,
  0x5a, 0x45, 0x20, 0x3d, 0x20, 0x22, 0x5c, 0x78, 0x65, 0x66, 0x5c, 0x78,
  0x38, 0x62, 0x5c, 0x78, 0x39, 0x30, 0x22, 0x09, 0x2d, 0x2d, 0x20, 0x55,
  0x2b, 0x66, 0x32, 0x64, 0x30, 0x0d, 0x0a, 0x49, 0x43, 0x4f, 0x4e, 0x5f,
  0x46, 0x41, 0x5f, 0x57, 0x49, 0x4e, 0x44, 0x4f, 0x57, 0x5f, 0x4d, 0x49,
  0x4e, 0x49, 0x4d, 0x49, 0x5a, 0x45, 0x20, 0x3d, 0x20, 0x22, 0x5c, 0x78,
  0x65, 0x66, 0x5c, 0x78, 0x38, 0x62, 0x5c, 0x78, 0x39, 0x31, 0x22, 0x09,
  0x2d, 0x2d, 0x20, 0x55, 0x2b, 0x66, 0x32, 0x64, 0x31, 0x0d, 0x0a, 0x49,
  0x43, 0x4f, 0x4e, 0x5f, 0x46, 0x41, 0x5f, 0x57, 0x49, 0x4e, 0x44, 0x4f,
  0x57, 0x5f, 0x52, 0x45, 0x53, 0x54, 0x4f, 0x52, 0x45, 0x20, 0x3d, 0x20,
  0x22, 0x5c, 0x78, 0x65, 0x66, 0x5c, 0x78, 0x38, 0x62, 0x5c, 0x78, 0x39,
  0x32, 0x22, 0x09, 0x2d, 0x2d, 0x20, 0x55, 0x2b, 0x66, 0x32, 0x64, 0x32,
  0x0d, 0x0a, 0x49, 0x43, 0x4f, 0x4e, 0x5f, 0x46, 0x41, 0x5f, 0x57, 0x49,
  0x4e, 0x45, 0x5f, 0x42, 0x4f, 0x54, 0x54, 0x4c, 0x45, 0x20, 0x3d, 0x20,
  0x22, 0x5c, 0x78, 0x65, 0x66, 0x5c, 0x78, 0x39, 0x63, 0x5c, 0x78, 0x61,
  0x66, 0x22, 0x09, 0x2d, 0x2d, 0x20, 0x55, 0x2b, 0x66, 0x37, 0x32, 0x66,
  0x0d, 0x0a, 0x49, 0x43, 0x4f, 0x4e, 0x5f, 0x46, 0x41, 0x5f, 0x57, 0x49,
  0x4e, 0x45, 0x5f, 0x47, 0x4c, 0x41, 0x53, 0x53, 0x20, 0x3d, 0x20, 0x22,
  0x5c, 0x78, 0x65, 0x66, 0x5c, 0x78, 0x39, 0x33, 0x5c, 0x78, 0x61, 0x33,
  0x22, 0x09, 0x2d, 0x2d, 0x20, 0x55, 0x2b, 0x66, 0x34, 0x65, 0x33, 0x0d,
  0x0a, 0x49, 0x43, 0x4f, 0x4e, 0x5f, 0x46, 0x41, 0x5f, 0x57, 0x49, 0x4e,
  0x45, 0x5f, 0x47, 0x4c, 0x41, 0x53, 0x53, 0x5f, 0x45, 0x4d, 0x50, 0x54,
  0x59, 0x20, 0x3d, 0x20, 0x22, 0x5c, 0x78, 0x65, 0x66, 0x5c, 0x78, 0x39,
  0x37, 0x5c, 0x78, 0x38, 0x65, 0x22, 0x09, 0x2d, 0x2d, 0x20, 0x55, 0x2b,
  0x66, 0x35, 0x63, 0x65, 0x0d, 0x0a, 0x49, 0x43, 0x4f, 0x4e, 0x5f, 0x46,
  0x41, 0x5f, 0x57, 0x4f, 0x4e, 0x5f, 0x53, 0x49, 0x47, 0x4e, 0x20, 0x3d,
  0x20, 0x22, 0x5c, 0x78, 0x65, 0x66, 0x5c, 0x78, 0x38, 0x35, 0x5c, 0x78,
  0x39, 0x39, 0x22, 0x09, 0x2d, 0x2d, 0x20, 0x55, 0x2b, 0x66, 0x31, 0x35,
  0x39, 0x0d, 0x0a, 0x49, 0x43, 0x4f, 0x4e, 0x5f, 0x46, 0x41, 0x5f, 0x57,
  0x4f, 0x52, 0x4d, 0x20, 0x3d, 0x20, 0x22, 0x5c, 0x78, 0x65, 0x65, 0x5c,
  0x78, 0x39, 0x36, 0x5c, 0x78, 0x39, 0x39, 0x22, 0x09, 0x2d, 0x2d, 0x20,
  0x55, 0x2b, 0x65, 0x35, 0x39, 0x39, 0x0d, 0x0a, 0x49, 0x43, 0x4f, 0x4e,
  0x5f, 0x46, 0x41, 0x5f, 0x57, 0x52, 0x45, 0x4e, 0x43, 0x48, 0x20, 0x3d,
  0x20, 0x22, 0x5c, 0x78, 0x65, 0x66, 0x5c, 0x78, 0x38, 0x32, 0x5c, 0x78,
  0x61, 0x64, 0x22, 0x09, 0x2d, 0x2d, 0x20, 0x55, 0x2b, 0x66, 0x30, 0x61,
  0x64, 0x0d, 0x0a, 0x49, 0x43, 0x4f, 0x4e, 0x5f, 0x46, 0x41, 0x5f, 0x58,
  0x20, 0x3d, 0x20, 0x22, 0x58, 0x22, 0x09, 0x2d, 0x2d, 0x20, 0x55, 0x2b,
  0x30, 0x30, 0x35, 0x38, 0x0d, 0x0a, 0x49, 0x43, 0x4f, 0x4e, 0x5f, 0x46,
  0x41, 0x5f, 0x58, 0x5f, 0x52, 0x41, 0x59, 0x20, 0x3d, 0x20, 0x22, 0x5c,
  0x78, 0x65, 0x66, 0x5c, 0x78, 0x39, 0x32, 0x5c, 0x78, 0x39, 0x37, 0x22,
  0x09, 0x2d, 0x2d, 0x20, 0x55, 0x2b, 0x66, 0x34, 0x39, 0x37, 0x0d, 0x0a,
  0x49, 0x43, 0x4f, 0x4e, 0x5f, 0x46, 0x41, 0x5f, 0x58, 0x4d, 0x41, 0x52,
  0x4b, 0x20, 0x3d, 0x20, 0x22, 0x5c, 0x78, 0x65, 0x66, 0x5c, 0x78, 0x38,
  0x30, 0x5c, 0x78, 0x38, 0x64, 0x22, 0x09, 0x2d, 0x2d, 0x20, 0x55, 0x2b,
  0x66, 0x30, 0x30, 0x64, 0x0d, 0x0a, 0x49, 0x43, 0x4f, 0x4e, 0x5f, 0x46,
  0x41, 0x5f, 0x58, 0x4d, 0x41, 0x52, 0x4b, 0x53, 0x5f, 0x4c, 0x49, 0x4e,
  0x45, 0x53, 0x20, 0x3d, 0x20, 0x22, 0x5c, 0x78, 0x65, 0x65, 0x5c, 0x78,
  0x39, 0x36, 0x5c, 0x78, 0x39, 0x61, 0x22, 0x09, 0x2d, 0x2d, 0x20, 0x55,
  0x2b, 0x65, 0x35, 0x39, 0x61, 0x0d, 0x0a, 0x49, 0x43, 0x4f, 0x4e, 0x5f,
  0x46, 0x41, 0x5f, 0x59, 0x20, 0x3d, 0x20, 0x22, 0x59, 0x22, 0x09, 0x2d,
  0x2d, 0x20, 0x55, 0x2b, 0x30, 0x30, 0x35, 0x39, 0x0d, 0x0a, 0x49, 0x43,
  0x4f, 0x4e, 0x5f, 0x46, 0x41, 0x5f, 0x59, 0x45, 0x4e, 0x5f, 0x53, 0x49,
  0x47, 0x4e, 0x20, 0x3d, 0x20, 0x22, 0x5c, 0x78, 0x65, 0x66, 0x5c, 0x78,
  0x38, 0x35, 0x5c, 0x78, 0x39, 0x37, 0x22, 0x09, 0x2d, 0x2d, 0x20, 0x55,
  0x2b, 0x66, 0x31, 0x35, 0x37, 0x0d, 0x0a, 0x49, 0x43, 0x4f, 0x4e, 0x5f,
  0x46, 0x41, 0x5f, 0x59, 0x49, 0x4e, 0x5f, 0x59, 0x41, 0x4e, 0x47, 0x20,
  0x3d, 0x20, 0x22, 0x5c, 0x78, 0x65, 0x66, 0x5c, 0x78, 0x39, 0x61, 0x5c,
  0x78, 0x61, 0x64, 0x22, 0x09, 0x2d, 0x2d, 0x20, 0x55, 0x2b, 0x66, 0x36,
  0x61, 0x64, 0x0d, 0x0a, 0x49, 0x43, 0x4f, 0x4e, 0x5f, 0x46, 0x41, 0x5f,
  0x5a, 0x20, 0x3d, 0x20, 0x22, 0x5a, 0x22, 0x09, 0x2d, 0x2d, 0x20, 0x55,
  0x2b, 0x30, 0x30, 0x35, 0x61, 0x0d, 0x0a
};
unsigned int __fa_font_lua_len = 67507;
